td_target,td_actual,latency_steps,omega_c,sr,rms,Iyy,motor_scale
19.994276910701778,19.994276910701778,1,2,1.0,0.8006759149619777,0.04026490691470348,1.6395023246073346
19.994276910701778,19.994276910701778,1,3,1.0,0.6959773861956213,0.04026490691470348,1.6395023246073346
19.994276910701778,19.994276910701778,1,5,1.0,0.46933345496720624,0.04026490691470348,1.6395023246073346
19.994276910701778,19.994276910701778,1,7,1.0,0.4152596142339421,0.04026490691470348,1.6395023246073346
19.994276910701778,19.994276910701778,1,10,1.0,0.38985895550926497,0.04026490691470348,1.6395023246073346
19.994276910701778,19.994276910701778,1,15,1.0,0.426719068006214,0.04026490691470348,1.6395023246073346
19.994276910701778,19.994276910701778,1,20,1.0,0.8665029674399936,0.04026490691470348,1.6395023246073346
19.994276910701778,19.994276910701778,1,30,0.9,3.8370700827410387,0.04026490691470348,1.6395023246073346
19.994276910701778,19.994276910701778,1,50,0.0,30.635538809166917,0.04026490691470348,1.6395023246073346
19.994276910701778,19.994276910701778,1,80,0.1,193.1970950464542,0.04026490691470348,1.6395023246073346
19.994276910701778,19.994276910701778,1,120,0.0,74.37391612953368,0.04026490691470348,1.6395023246073346
19.994276910701778,19.994276910701778,2,2,1.0,0.8022665543292418,0.04026490691470348,1.6395023246073346
19.994276910701778,19.994276910701778,2,3,1.0,0.7023484919838616,0.04026490691470348,1.6395023246073346
19.994276910701778,19.994276910701778,2,5,1.0,0.46532140168369,0.04026490691470348,1.6395023246073346
19.994276910701778,19.994276910701778,2,7,1.0,0.43189700041407403,0.04026490691470348,1.6395023246073346
19.994276910701778,19.994276910701778,2,10,1.0,0.41490891734285285,0.04026490691470348,1.6395023246073346
19.994276910701778,19.994276910701778,2,15,1.0,1.1552129029151958,0.04026490691470348,1.6395023246073346
19.994276910701778,19.994276910701778,2,20,1.0,1.468315954968522,0.04026490691470348,1.6395023246073346
19.994276910701778,19.994276910701778,2,30,0.3,10.045697325435357,0.04026490691470348,1.6395023246073346
19.994276910701778,19.994276910701778,2,50,0.0,35.564261696192766,0.04026490691470348,1.6395023246073346
19.994276910701778,19.994276910701778,2,80,0.0,226.17478862892045,0.04026490691470348,1.6395023246073346
19.994276910701778,19.994276910701778,2,120,0.0,60.37022611292425,0.04026490691470348,1.6395023246073346
19.994276910701778,19.994276910701778,3,2,1.0,0.8032538798145452,0.04026490691470348,1.6395023246073346
19.994276910701778,19.994276910701778,3,3,1.0,0.699341363534029,0.04026490691470348,1.6395023246073346
19.994276910701778,19.994276910701778,3,5,1.0,0.4611925933673463,0.04026490691470348,1.6395023246073346
19.994276910701778,19.994276910701778,3,7,1.0,0.4470386525265749,0.04026490691470348,1.6395023246073346
19.994276910701778,19.994276910701778,3,10,1.0,0.8206041701228969,0.04026490691470348,1.6395023246073346
19.994276910701778,19.994276910701778,3,15,1.0,1.6786846737166037,0.04026490691470348,1.6395023246073346
19.994276910701778,19.994276910701778,3,20,1.0,2.6926024817156047,0.04026490691470348,1.6395023246073346
19.994276910701778,19.994276910701778,3,30,0.1,16.904173446260337,0.04026490691470348,1.6395023246073346
19.994276910701778,19.994276910701778,3,50,0.0,38.82014616067783,0.04026490691470348,1.6395023246073346
19.994276910701778,19.994276910701778,3,80,0.0,259.25285181685103,0.04026490691470348,1.6395023246073346
19.994276910701778,19.994276910701778,3,120,0.0,73.90496646343018,0.04026490691470348,1.6395023246073346
19.994276910701778,19.994276910701778,4,2,1.0,0.8175249235666959,0.04026490691470348,1.6395023246073346
19.994276910701778,19.994276910701778,4,3,1.0,0.6982636674252629,0.04026490691470348,1.6395023246073346
19.994276910701778,19.994276910701778,4,5,1.0,0.46360609146934284,0.04026490691470348,1.6395023246073346
19.994276910701778,19.994276910701778,4,7,1.0,0.4907312400138288,0.04026490691470348,1.6395023246073346
19.994276910701778,19.994276910701778,4,10,1.0,1.7526689308668708,0.04026490691470348,1.6395023246073346
19.994276910701778,19.994276910701778,4,15,1.0,2.3583093885579025,0.04026490691470348,1.6395023246073346
19.994276910701778,19.994276910701778,4,20,0.6,5.393349118232914,0.04026490691470348,1.6395023246073346
19.994276910701778,19.994276910701778,4,30,0.0,23.8228232568894,0.04026490691470348,1.6395023246073346
19.994276910701778,19.994276910701778,4,50,0.0,42.37894213237162,0.04026490691470348,1.6395023246073346
19.994276910701778,19.994276910701778,4,80,0.0,231.760677076695,0.04026490691470348,1.6395023246073346
19.994276910701778,19.994276910701778,4,120,0.0,88.09152053806632,0.04026490691470348,1.6395023246073346
19.994276910701778,19.994276910701778,6,2,1.0,0.8193741756924823,0.04026490691470348,1.6395023246073346
19.994276910701778,19.994276910701778,6,3,1.0,0.7027297236397526,0.04026490691470348,1.6395023246073346
19.994276910701778,19.994276910701778,6,5,1.0,0.510825679150733,0.04026490691470348,1.6395023246073346
19.994276910701778,19.994276910701778,6,7,1.0,1.3311841984774972,0.04026490691470348,1.6395023246073346
19.994276910701778,19.994276910701778,6,10,1.0,2.8832863495300556,0.04026490691470348,1.6395023246073346
19.994276910701778,19.994276910701778,6,15,1.0,4.377038948191098,0.04026490691470348,1.6395023246073346
19.994276910701778,19.994276910701778,6,20,0.1,12.824450075454621,0.04026490691470348,1.6395023246073346
19.994276910701778,19.994276910701778,6,30,0.0,33.377220719043024,0.04026490691470348,1.6395023246073346
19.994276910701778,19.994276910701778,6,50,0.0,52.49589658219604,0.04026490691470348,1.6395023246073346
19.994276910701778,19.994276910701778,6,80,0.0,267.7045801427524,0.04026490691470348,1.6395023246073346
19.994276910701778,19.994276910701778,6,120,0.0,87.3433343958869,0.04026490691470348,1.6395023246073346
19.994276910701778,19.994276910701778,8,2,1.0,0.8211441509340593,0.04026490691470348,1.6395023246073346
19.994276910701778,19.994276910701778,8,3,1.0,0.721706412745261,0.04026490691470348,1.6395023246073346
19.994276910701778,19.994276910701778,8,5,1.0,0.6533893112359236,0.04026490691470348,1.6395023246073346
19.994276910701778,19.994276910701778,8,7,1.0,3.2897540680950583,0.04026490691470348,1.6395023246073346
19.994276910701778,19.994276910701778,8,10,1.0,4.024008042308682,0.04026490691470348,1.6395023246073346
19.994276910701778,19.994276910701778,8,15,0.6,8.444489486009791,0.04026490691470348,1.6395023246073346
19.994276910701778,19.994276910701778,8,20,0.0,23.970082030313343,0.04026490691470348,1.6395023246073346
19.994276910701778,19.994276910701778,8,30,0.0,43.10187832853905,0.04026490691470348,1.6395023246073346
19.994276910701778,19.994276910701778,8,50,0.0,62.848555940735665,0.04026490691470348,1.6395023246073346
19.994276910701778,19.994276910701778,8,80,0.0,247.43990969865575,0.04026490691470348,1.6395023246073346
19.994276910701778,19.994276910701778,8,120,0.0,73.2533782265122,0.04026490691470348,1.6395023246073346
19.994276910701778,19.994276910701778,10,2,1.0,0.825420818632557,0.04026490691470348,1.6395023246073346
19.994276910701778,19.994276910701778,10,3,1.0,0.742209625807523,0.04026490691470348,1.6395023246073346
19.994276910701778,19.994276910701778,10,5,1.0,1.150483237390039,0.04026490691470348,1.6395023246073346
19.994276910701778,19.994276910701778,10,7,1.0,4.425694481649985,0.04026490691470348,1.6395023246073346
19.994276910701778,19.994276910701778,10,10,1.0,5.6019333858885805,0.04026490691470348,1.6395023246073346
19.994276910701778,19.994276910701778,10,15,0.1,14.268845365289483,0.04026490691470348,1.6395023246073346
19.994276910701778,19.994276910701778,10,20,0.0,32.09654629772907,0.04026490691470348,1.6395023246073346
19.994276910701778,19.994276910701778,10,30,0.0,57.312801097774596,0.04026490691470348,1.6395023246073346
19.994276910701778,19.994276910701778,10,50,0.0,69.96201545206945,0.04026490691470348,1.6395023246073346
19.994276910701778,19.994276910701778,10,80,0.0,229.30339392408246,0.04026490691470348,1.6395023246073346
19.994276910701778,19.994276910701778,10,120,0.0,72.68344075433176,0.04026490691470348,1.6395023246073346
19.994276910701778,19.994276910701778,12,2,1.0,0.8430547693550061,0.04026490691470348,1.6395023246073346
19.994276910701778,19.994276910701778,12,3,1.0,0.7586436495721804,0.04026490691470348,1.6395023246073346
19.994276910701778,19.994276910701778,12,5,0.9,2.449111013016929,0.04026490691470348,1.6395023246073346
19.994276910701778,19.994276910701778,12,7,1.0,5.788630157785366,0.04026490691470348,1.6395023246073346
19.994276910701778,19.994276910701778,12,10,0.5,7.705257835380792,0.04026490691470348,1.6395023246073346
19.994276910701778,19.994276910701778,12,15,0.0,22.592937387899365,0.04026490691470348,1.6395023246073346
19.994276910701778,19.994276910701778,12,20,0.0,36.75505553104226,0.04026490691470348,1.6395023246073346
19.994276910701778,19.994276910701778,12,30,0.0,59.87537446276976,0.04026490691470348,1.6395023246073346
19.994276910701778,19.994276910701778,12,50,0.0,83.07941435906727,0.04026490691470348,1.6395023246073346
19.994276910701778,19.994276910701778,12,80,0.0,231.69271769572924,0.04026490691470348,1.6395023246073346
19.994276910701778,19.994276910701778,12,120,0.0,85.3236940326972,0.04026490691470348,1.6395023246073346
49.99307071616899,49.99307071616899,1,2,1.0,3.2233318528834287,0.02438527092498677,2.1743405471754036
49.99307071616899,49.99307071616899,1,3,1.0,1.6697188515108312,0.02438527092498677,2.1743405471754036
49.99307071616899,49.99307071616899,1,5,1.0,0.8343069290729378,0.02438527092498677,2.1743405471754036
49.99307071616899,49.99307071616899,1,7,1.0,0.6033006189140024,0.02438527092498677,2.1743405471754036
49.99307071616899,49.99307071616899,1,10,1.0,0.4568069916056217,0.02438527092498677,2.1743405471754036
49.99307071616899,49.99307071616899,1,15,1.0,0.5521046229275768,0.02438527092498677,2.1743405471754036
49.99307071616899,49.99307071616899,1,20,0.4,7.685351296841263,0.02438527092498677,2.1743405471754036
49.99307071616899,49.99307071616899,1,30,0.0,53.8728669778348,0.02438527092498677,2.1743405471754036
49.99307071616899,49.99307071616899,1,50,0.0,120.28521283030948,0.02438527092498677,2.1743405471754036
49.99307071616899,49.99307071616899,1,80,0.0,320.52961450802275,0.02438527092498677,2.1743405471754036
49.99307071616899,49.99307071616899,1,120,0.0,240.52519520788115,0.02438527092498677,2.1743405471754036
49.99307071616899,49.99307071616899,2,2,1.0,3.247094751210882,0.02438527092498677,2.1743405471754036
49.99307071616899,49.99307071616899,2,3,1.0,1.6849508568818912,0.02438527092498677,2.1743405471754036
49.99307071616899,49.99307071616899,2,5,1.0,0.8123141679112557,0.02438527092498677,2.1743405471754036
49.99307071616899,49.99307071616899,2,7,1.0,0.6062765691543153,0.02438527092498677,2.1743405471754036
49.99307071616899,49.99307071616899,2,10,1.0,0.506381496531149,0.02438527092498677,2.1743405471754036
49.99307071616899,49.99307071616899,2,15,0.4,6.039258323305108,0.02438527092498677,2.1743405471754036
49.99307071616899,49.99307071616899,2,20,0.0,24.804471104790302,0.02438527092498677,2.1743405471754036
49.99307071616899,49.99307071616899,2,30,0.0,74.45828080802906,0.02438527092498677,2.1743405471754036
49.99307071616899,49.99307071616899,2,50,0.0,121.01382522718659,0.02438527092498677,2.1743405471754036
49.99307071616899,49.99307071616899,2,80,0.0,277.6494660664181,0.02438527092498677,2.1743405471754036
49.99307071616899,49.99307071616899,2,120,0.0,178.25263173807232,0.02438527092498677,2.1743405471754036
49.99307071616899,49.99307071616899,3,2,1.0,3.309678835424068,0.02438527092498677,2.1743405471754036
49.99307071616899,49.99307071616899,3,3,1.0,1.7228952986190442,0.02438527092498677,2.1743405471754036
49.99307071616899,49.99307071616899,3,5,1.0,0.8417087928407809,0.02438527092498677,2.1743405471754036
49.99307071616899,49.99307071616899,3,7,1.0,0.5721861343681842,0.02438527092498677,2.1743405471754036
49.99307071616899,49.99307071616899,3,10,1.0,1.2957031609023102,0.02438527092498677,2.1743405471754036
49.99307071616899,49.99307071616899,3,15,0.4,12.042882879397776,0.02438527092498677,2.1743405471754036
49.99307071616899,49.99307071616899,3,20,0.0,38.43905569839878,0.02438527092498677,2.1743405471754036
49.99307071616899,49.99307071616899,3,30,0.0,86.50115720837753,0.02438527092498677,2.1743405471754036
49.99307071616899,49.99307071616899,3,50,0.0,150.42738629095572,0.02438527092498677,2.1743405471754036
49.99307071616899,49.99307071616899,3,80,0.0,345.8744392183354,0.02438527092498677,2.1743405471754036
49.99307071616899,49.99307071616899,3,120,0.0,158.49625625845323,0.02438527092498677,2.1743405471754036
49.99307071616899,49.99307071616899,4,2,1.0,3.319792581233885,0.02438527092498677,2.1743405471754036
49.99307071616899,49.99307071616899,4,3,1.0,1.7694797134410032,0.02438527092498677,2.1743405471754036
49.99307071616899,49.99307071616899,4,5,1.0,0.8719055710686995,0.02438527092498677,2.1743405471754036
49.99307071616899,49.99307071616899,4,7,1.0,0.6922865982948028,0.02438527092498677,2.1743405471754036
49.99307071616899,49.99307071616899,4,10,0.4,6.535586463989641,0.02438527092498677,2.1743405471754036
49.99307071616899,49.99307071616899,4,15,0.0,19.312280138285395,0.02438527092498677,2.1743405471754036
49.99307071616899,49.99307071616899,4,20,0.0,52.78535512304832,0.02438527092498677,2.1743405471754036
49.99307071616899,49.99307071616899,4,30,0.0,108.00437580287651,0.02438527092498677,2.1743405471754036
49.99307071616899,49.99307071616899,4,50,0.0,131.94681076058563,0.02438527092498677,2.1743405471754036
49.99307071616899,49.99307071616899,4,80,0.0,340.73801833259824,0.02438527092498677,2.1743405471754036
49.99307071616899,49.99307071616899,4,120,0.0,236.44757500274304,0.02438527092498677,2.1743405471754036
49.99307071616899,49.99307071616899,6,2,0.9,3.3873186510384783,0.02438527092498677,2.1743405471754036
49.99307071616899,49.99307071616899,6,3,1.0,1.8271379818866738,0.02438527092498677,2.1743405471754036
49.99307071616899,49.99307071616899,6,5,1.0,1.0099835261045038,0.02438527092498677,2.1743405471754036
49.99307071616899,49.99307071616899,6,7,0.9,3.0521308937956486,0.02438527092498677,2.1743405471754036
49.99307071616899,49.99307071616899,6,10,0.1,11.470622729383068,0.02438527092498677,2.1743405471754036
49.99307071616899,49.99307071616899,6,15,0.0,36.98614864239318,0.02438527092498677,2.1743405471754036
49.99307071616899,49.99307071616899,6,20,0.0,76.26009623442567,0.02438527092498677,2.1743405471754036
49.99307071616899,49.99307071616899,6,30,0.0,129.9279586479939,0.02438527092498677,2.1743405471754036
49.99307071616899,49.99307071616899,6,50,0.0,162.28418589703355,0.02438527092498677,2.1743405471754036
49.99307071616899,49.99307071616899,6,80,0.0,336.8198609075117,0.02438527092498677,2.1743405471754036
49.99307071616899,49.99307071616899,6,120,0.0,210.73499026197115,0.02438527092498677,2.1743405471754036
49.99307071616899,49.99307071616899,8,2,1.0,3.3904619397267277,0.02438527092498677,2.1743405471754036
49.99307071616899,49.99307071616899,8,3,1.0,1.8992287560694545,0.02438527092498677,2.1743405471754036
49.99307071616899,49.99307071616899,8,5,1.0,1.4576580073912067,0.02438527092498677,2.1743405471754036
49.99307071616899,49.99307071616899,8,7,0.5,10.516625756158732,0.02438527092498677,2.1743405471754036
49.99307071616899,49.99307071616899,8,10,0.0,17.40032197433028,0.02438527092498677,2.1743405471754036
49.99307071616899,49.99307071616899,8,15,0.0,55.24496111164977,0.02438527092498677,2.1743405471754036
49.99307071616899,49.99307071616899,8,20,0.0,95.50286774103002,0.02438527092498677,2.1743405471754036
49.99307071616899,49.99307071616899,8,30,0.0,153.5279023671339,0.02438527092498677,2.1743405471754036
49.99307071616899,49.99307071616899,8,50,0.0,193.69143315755048,0.02438527092498677,2.1743405471754036
49.99307071616899,49.99307071616899,8,80,0.0,350.7652754542789,0.02438527092498677,2.1743405471754036
49.99307071616899,49.99307071616899,8,120,0.0,209.08934032420285,0.02438527092498677,2.1743405471754036
49.99307071616899,49.99307071616899,10,2,1.0,3.4285252856762036,0.02438527092498677,2.1743405471754036
49.99307071616899,49.99307071616899,10,3,1.0,2.027174516176723,0.02438527092498677,2.1743405471754036
49.99307071616899,49.99307071616899,10,5,0.9,3.2865805097558876,0.02438527092498677,2.1743405471754036
49.99307071616899,49.99307071616899,10,7,0.1,15.437528851471802,0.02438527092498677,2.1743405471754036
49.99307071616899,49.99307071616899,10,10,0.0,25.045886494173256,0.02438527092498677,2.1743405471754036
49.99307071616899,49.99307071616899,10,15,0.0,74.18233176209087,0.02438527092498677,2.1743405471754036
49.99307071616899,49.99307071616899,10,20,0.0,120.33499637575157,0.02438527092498677,2.1743405471754036
49.99307071616899,49.99307071616899,10,30,0.0,186.04415796779534,0.02438527092498677,2.1743405471754036
49.99307071616899,49.99307071616899,10,50,0.0,229.66374981651998,0.02438527092498677,2.1743405471754036
49.99307071616899,49.99307071616899,10,80,0.1,261.94942008996617,0.02438527092498677,2.1743405471754036
49.99307071616899,49.99307071616899,10,120,0.0,207.3721586183903,0.02438527092498677,2.1743405471754036
49.99307071616899,49.99307071616899,12,2,1.0,3.4544293085432742,0.02438527092498677,2.1743405471754036
49.99307071616899,49.99307071616899,12,3,1.0,2.1734692671322735,0.02438527092498677,2.1743405471754036
49.99307071616899,49.99307071616899,12,5,0.3,8.660695493289175,0.02438527092498677,2.1743405471754036
49.99307071616899,49.99307071616899,12,7,0.0,18.559675482647066,0.02438527092498677,2.1743405471754036
49.99307071616899,49.99307071616899,12,10,0.0,34.170651012619786,0.02438527092498677,2.1743405471754036
49.99307071616899,49.99307071616899,12,15,0.0,97.65422264886605,0.02438527092498677,2.1743405471754036
49.99307071616899,49.99307071616899,12,20,0.0,146.6694684041533,0.02438527092498677,2.1743405471754036
49.99307071616899,49.99307071616899,12,30,0.0,207.27881476154,0.02438527092498677,2.1743405471754036
49.99307071616899,49.99307071616899,12,50,0.0,222.67579648837068,0.02438527092498677,2.1743405471754036
49.99307071616899,49.99307071616899,12,80,0.1,294.2699706498785,0.02438527092498677,2.1743405471754036
49.99307071616899,49.99307071616899,12,120,0.0,205.49879916844392,0.02438527092498677,2.1743405471754036
90.30850741268695,90.30850741268695,1,2,0.9,5.607500427717789,0.00916535505033806,1.5042956929205613
90.30850741268695,90.30850741268695,1,3,1.0,3.3151565559235143,0.00916535505033806,1.5042956929205613
90.30850741268695,90.30850741268695,1,5,1.0,1.6913456098169075,0.00916535505033806,1.5042956929205613
90.30850741268695,90.30850741268695,1,7,1.0,1.0942061086733692,0.00916535505033806,1.5042956929205613
90.30850741268695,90.30850741268695,1,10,1.0,1.001630624353403,0.00916535505033806,1.5042956929205613
90.30850741268695,90.30850741268695,1,15,1.0,2.2282830760644914,0.00916535505033806,1.5042956929205613
90.30850741268695,90.30850741268695,1,20,1.0,4.094552540251061,0.00916535505033806,1.5042956929205613
90.30850741268695,90.30850741268695,1,30,0.0,23.102761404375137,0.00916535505033806,1.5042956929205613
90.30850741268695,90.30850741268695,1,50,0.0,93.9420985042982,0.00916535505033806,1.5042956929205613
90.30850741268695,90.30850741268695,1,80,0.0,815.8025876225602,0.00916535505033806,1.5042956929205613
90.30850741268695,90.30850741268695,1,120,0.0,451.93032853572277,0.00916535505033806,1.5042956929205613
90.30850741268695,90.30850741268695,2,2,0.9,5.639906009446479,0.00916535505033806,1.5042956929205613
90.30850741268695,90.30850741268695,2,3,1.0,3.361672507643111,0.00916535505033806,1.5042956929205613
90.30850741268695,90.30850741268695,2,5,1.0,1.7810834442115937,0.00916535505033806,1.5042956929205613
90.30850741268695,90.30850741268695,2,7,1.0,1.2938442165122714,0.00916535505033806,1.5042956929205613
90.30850741268695,90.30850741268695,2,10,1.0,1.7424937848993338,0.00916535505033806,1.5042956929205613
90.30850741268695,90.30850741268695,2,15,0.8,5.42023630879943,0.00916535505033806,1.5042956929205613
90.30850741268695,90.30850741268695,2,20,0.6,7.290297292015586,0.00916535505033806,1.5042956929205613
90.30850741268695,90.30850741268695,2,30,0.0,50.634288214543915,0.00916535505033806,1.5042956929205613
90.30850741268695,90.30850741268695,2,50,0.0,112.38620671951026,0.00916535505033806,1.5042956929205613
90.30850741268695,90.30850741268695,2,80,0.0,588.3426393604997,0.00916535505033806,1.5042956929205613
90.30850741268695,90.30850741268695,2,120,0.0,322.24757219249426,0.00916535505033806,1.5042956929205613
90.30850741268695,90.30850741268695,3,2,0.9,5.658813581394984,0.00916535505033806,1.5042956929205613
90.30850741268695,90.30850741268695,3,3,1.0,3.3995087119028424,0.00916535505033806,1.5042956929205613
90.30850741268695,90.30850741268695,3,5,1.0,1.9051346553418835,0.00916535505033806,1.5042956929205613
90.30850741268695,90.30850741268695,3,7,1.0,1.6846543321762133,0.00916535505033806,1.5042956929205613
90.30850741268695,90.30850741268695,3,10,0.7,5.213207674091722,0.00916535505033806,1.5042956929205613
90.30850741268695,90.30850741268695,3,15,0.5,7.731087333998272,0.00916535505033806,1.5042956929205613
90.30850741268695,90.30850741268695,3,20,0.1,14.177726103747627,0.00916535505033806,1.5042956929205613
90.30850741268695,90.30850741268695,3,30,0.0,74.03124227908769,0.00916535505033806,1.5042956929205613
90.30850741268695,90.30850741268695,3,50,0.0,127.69322676812799,0.00916535505033806,1.5042956929205613
90.30850741268695,90.30850741268695,3,80,0.0,893.4119419165824,0.00916535505033806,1.5042956929205613
90.30850741268695,90.30850741268695,3,120,0.0,431.55250156630535,0.00916535505033806,1.5042956929205613
90.30850741268695,90.30850741268695,4,2,0.9,5.715189748766186,0.00916535505033806,1.5042956929205613
90.30850741268695,90.30850741268695,4,3,1.0,3.4481672268701784,0.00916535505033806,1.5042956929205613
90.30850741268695,90.30850741268695,4,5,1.0,2.1054270957680634,0.00916535505033806,1.5042956929205613
90.30850741268695,90.30850741268695,4,7,1.0,2.5622694733463933,0.00916535505033806,1.5042956929205613
90.30850741268695,90.30850741268695,4,10,0.6,8.358989424771295,0.00916535505033806,1.5042956929205613
90.30850741268695,90.30850741268695,4,15,0.2,10.91365042336161,0.00916535505033806,1.5042956929205613
90.30850741268695,90.30850741268695,4,20,0.0,24.47156396482661,0.00916535505033806,1.5042956929205613
90.30850741268695,90.30850741268695,4,30,0.0,92.29070714058331,0.00916535505033806,1.5042956929205613
90.30850741268695,90.30850741268695,4,50,0.0,158.1356621239865,0.00916535505033806,1.5042956929205613
90.30850741268695,90.30850741268695,4,80,0.0,620.7629588082975,0.00916535505033806,1.5042956929205613
90.30850741268695,90.30850741268695,4,120,0.0,430.24070120393515,0.00916535505033806,1.5042956929205613
90.30850741268695,90.30850741268695,6,2,0.9,5.733956805145651,0.00916535505033806,1.5042956929205613
90.30850741268695,90.30850741268695,6,3,1.0,3.695544352453807,0.00916535505033806,1.5042956929205613
90.30850741268695,90.30850741268695,6,5,1.0,2.9041075187162475,0.00916535505033806,1.5042956929205613
90.30850741268695,90.30850741268695,6,7,0.4,9.187494107691254,0.00916535505033806,1.5042956929205613
90.30850741268695,90.30850741268695,6,10,0.1,13.14042249277829,0.00916535505033806,1.5042956929205613
90.30850741268695,90.30850741268695,6,15,0.0,20.57314124488894,0.00916535505033806,1.5042956929205613
90.30850741268695,90.30850741268695,6,20,0.0,59.133265047128056,0.00916535505033806,1.5042956929205613
90.30850741268695,90.30850741268695,6,30,0.0,138.84408520535536,0.00916535505033806,1.5042956929205613
90.30850741268695,90.30850741268695,6,50,0.0,198.59650762896018,0.00916535505033806,1.5042956929205613
90.30850741268695,90.30850741268695,6,80,0.0,712.7054358706055,0.00916535505033806,1.5042956929205613
90.30850741268695,90.30850741268695,6,120,0.0,427.4509004455684,0.00916535505033806,1.5042956929205613
90.30850741268695,90.30850741268695,8,2,0.9,5.8143771809624,0.00916535505033806,1.5042956929205613
90.30850741268695,90.30850741268695,8,3,1.0,3.9581863492236073,0.00916535505033806,1.5042956929205613
90.30850741268695,90.30850741268695,8,5,0.7,5.0680295888818945,0.00916535505033806,1.5042956929205613
90.30850741268695,90.30850741268695,8,7,0.0,15.97131731960396,0.00916535505033806,1.5042956929205613
90.30850741268695,90.30850741268695,8,10,0.0,17.988354263608436,0.00916535505033806,1.5042956929205613
90.30850741268695,90.30850741268695,8,15,0.0,39.882511699103034,0.00916535505033806,1.5042956929205613
90.30850741268695,90.30850741268695,8,20,0.0,83.84168752050499,0.00916535505033806,1.5042956929205613
90.30850741268695,90.30850741268695,8,30,0.0,179.12399725479455,0.00916535505033806,1.5042956929205613
90.30850741268695,90.30850741268695,8,50,0.0,217.06001334691874,0.00916535505033806,1.5042956929205613
90.30850741268695,90.30850741268695,8,80,0.0,854.2797466880423,0.00916535505033806,1.5042956929205613
90.30850741268695,90.30850741268695,8,120,0.0,424.2232353138693,0.00916535505033806,1.5042956929205613
90.30850741268695,90.30850741268695,10,2,0.9,5.938725630623542,0.00916535505033806,1.5042956929205613
90.30850741268695,90.30850741268695,10,3,0.9,4.406042585236922,0.00916535505033806,1.5042956929205613
90.30850741268695,90.30850741268695,10,5,0.2,11.009338392471756,0.00916535505033806,1.5042956929205613
90.30850741268695,90.30850741268695,10,7,0.0,22.148052438155013,0.00916535505033806,1.5042956929205613
90.30850741268695,90.30850741268695,10,10,0.0,25.543070567578805,0.00916535505033806,1.5042956929205613
90.30850741268695,90.30850741268695,10,15,0.0,62.138537440923145,0.00916535505033806,1.5042956929205613
90.30850741268695,90.30850741268695,10,20,0.0,119.19774037893424,0.00916535505033806,1.5042956929205613
90.30850741268695,90.30850741268695,10,30,0.0,204.99784901587336,0.00916535505033806,1.5042956929205613
90.30850741268695,90.30850741268695,10,50,0.0,259.24842452280114,0.00916535505033806,1.5042956929205613
90.30850741268695,90.30850741268695,10,80,0.0,848.0070641792967,0.00916535505033806,1.5042956929205613
90.30850741268695,90.30850741268695,10,120,0.0,420.5611846211219,0.00916535505033806,1.5042956929205613
90.30850741268695,90.30850741268695,12,2,0.8,6.047884800967215,0.00916535505033806,1.5042956929205613
90.30850741268695,90.30850741268695,12,3,0.8,5.0459832381938,0.00916535505033806,1.5042956929205613
90.30850741268695,90.30850741268695,12,5,0.0,22.995273549495813,0.00916535505033806,1.5042956929205613
90.30850741268695,90.30850741268695,12,7,0.0,27.521767530847978,0.00916535505033806,1.5042956929205613
90.30850741268695,90.30850741268695,12,10,0.0,35.07086609135615,0.00916535505033806,1.5042956929205613
90.30850741268695,90.30850741268695,12,15,0.0,94.01474523524499,0.00916535505033806,1.5042956929205613
90.30850741268695,90.30850741268695,12,20,0.0,161.81528941370794,0.00916535505033806,1.5042956929205613
90.30850741268695,90.30850741268695,12,30,0.0,246.89398425367705,0.00916535505033806,1.5042956929205613
90.30850741268695,90.30850741268695,12,50,0.0,310.959043341392,0.00916535505033806,1.5042956929205613
90.30850741268695,90.30850741268695,12,80,0.0,754.4506164931875,0.00916535505033806,1.5042956929205613
90.30850741268695,90.30850741268695,12,120,0.0,416.5050928532734,0.00916535505033806,1.5042956929205613
129.90858263506908,129.90858263506908,1,2,1.0,2.320925747012334,0.017331854494393242,2.747705010023558
129.90858263506908,129.90858263506908,1,3,1.0,1.6549389175746252,0.017331854494393242,2.747705010023558
129.90858263506908,129.90858263506908,1,5,1.0,0.9048039363517102,0.017331854494393242,2.747705010023558
129.90858263506908,129.90858263506908,1,7,1.0,0.7008937602742277,0.017331854494393242,2.747705010023558
129.90858263506908,129.90858263506908,1,10,1.0,0.726118460364061,0.017331854494393242,2.747705010023558
129.90858263506908,129.90858263506908,1,15,1.0,1.6622549949934762,0.017331854494393242,2.747705010023558
129.90858263506908,129.90858263506908,1,20,0.4,5.71042654436532,0.017331854494393242,2.747705010023558
129.90858263506908,129.90858263506908,1,30,0.0,40.07206885960371,0.017331854494393242,2.747705010023558
129.90858263506908,129.90858263506908,1,50,0.0,148.29299190086155,0.017331854494393242,2.747705010023558
129.90858263506908,129.90858263506908,1,80,0.0,1314.8859814696114,0.017331854494393242,2.747705010023558
129.90858263506908,129.90858263506908,1,120,0.0,583.7520360349498,0.017331854494393242,2.747705010023558
129.90858263506908,129.90858263506908,2,2,1.0,2.327533586965423,0.017331854494393242,2.747705010023558
129.90858263506908,129.90858263506908,2,3,1.0,1.6592513637343216,0.017331854494393242,2.747705010023558
129.90858263506908,129.90858263506908,2,5,1.0,0.9023521070645806,0.017331854494393242,2.747705010023558
129.90858263506908,129.90858263506908,2,7,1.0,0.7981977935685322,0.017331854494393242,2.747705010023558
129.90858263506908,129.90858263506908,2,10,1.0,1.250943673940819,0.017331854494393242,2.747705010023558
129.90858263506908,129.90858263506908,2,15,0.6,6.98340646991304,0.017331854494393242,2.747705010023558
129.90858263506908,129.90858263506908,2,20,0.3,11.521720014477234,0.017331854494393242,2.747705010023558
129.90858263506908,129.90858263506908,2,30,0.0,82.04302065297168,0.017331854494393242,2.747705010023558
129.90858263506908,129.90858263506908,2,50,0.0,200.13228842797056,0.017331854494393242,2.747705010023558
129.90858263506908,129.90858263506908,2,80,0.0,1288.5931474815384,0.017331854494393242,2.747705010023558
129.90858263506908,129.90858263506908,2,120,0.0,633.7820393844436,0.017331854494393242,2.747705010023558
129.90858263506908,129.90858263506908,3,2,1.0,2.335089938117594,0.017331854494393242,2.747705010023558
129.90858263506908,129.90858263506908,3,3,1.0,1.6474477174837823,0.017331854494393242,2.747705010023558
129.90858263506908,129.90858263506908,3,5,1.0,0.9432624995806652,0.017331854494393242,2.747705010023558
129.90858263506908,129.90858263506908,3,7,1.0,0.9646687233043847,0.017331854494393242,2.747705010023558
129.90858263506908,129.90858263506908,3,10,0.8,3.1653755358960045,0.017331854494393242,2.747705010023558
129.90858263506908,129.90858263506908,3,15,0.3,10.766955551874316,0.017331854494393242,2.747705010023558
129.90858263506908,129.90858263506908,3,20,0.0,22.750378208414464,0.017331854494393242,2.747705010023558
129.90858263506908,129.90858263506908,3,30,0.0,119.45149745698669,0.017331854494393242,2.747705010023558
129.90858263506908,129.90858263506908,3,50,0.0,191.2851031372482,0.017331854494393242,2.747705010023558
129.90858263506908,129.90858263506908,3,80,0.0,1286.9140424401967,0.017331854494393242,2.747705010023558
129.90858263506908,129.90858263506908,3,120,0.0,654.0562985904947,0.017331854494393242,2.747705010023558
129.90858263506908,129.90858263506908,4,2,1.0,2.334327102938067,0.017331854494393242,2.747705010023558
129.90858263506908,129.90858263506908,4,3,1.0,1.6494645963235093,0.017331854494393242,2.747705010023558
129.90858263506908,129.90858263506908,4,5,1.0,1.013104591525591,0.017331854494393242,2.747705010023558
129.90858263506908,129.90858263506908,4,7,1.0,1.2945141105454983,0.017331854494393242,2.747705010023558
129.90858263506908,129.90858263506908,4,10,0.3,8.847415115529454,0.017331854494393242,2.747705010023558
129.90858263506908,129.90858263506908,4,15,0.1,15.320700414972416,0.017331854494393242,2.747705010023558
129.90858263506908,129.90858263506908,4,20,0.0,40.3715002093668,0.017331854494393242,2.747705010023558
129.90858263506908,129.90858263506908,4,30,0.0,133.27333385827097,0.017331854494393242,2.747705010023558
129.90858263506908,129.90858263506908,4,50,0.0,214.9797249046946,0.017331854494393242,2.747705010023558
129.90858263506908,129.90858263506908,4,80,0.0,1567.5131178748836,0.017331854494393242,2.747705010023558
129.90858263506908,129.90858263506908,4,120,0.0,652.4960108133353,0.017331854494393242,2.747705010023558
129.90858263506908,129.90858263506908,6,2,1.0,2.4140575046179564,0.017331854494393242,2.747705010023558
129.90858263506908,129.90858263506908,6,3,1.0,1.7015102696935582,0.017331854494393242,2.747705010023558
129.90858263506908,129.90858263506908,6,5,1.0,1.1672852903684785,0.017331854494393242,2.747705010023558
129.90858263506908,129.90858263506908,6,7,0.8,3.256159441162567,0.017331854494393242,2.747705010023558
129.90858263506908,129.90858263506908,6,10,0.0,16.389502986189576,0.017331854494393242,2.747705010023558
129.90858263506908,129.90858263506908,6,15,0.0,30.484433559481044,0.017331854494393242,2.747705010023558
129.90858263506908,129.90858263506908,6,20,0.0,81.4514116948756,0.017331854494393242,2.747705010023558
129.90858263506908,129.90858263506908,6,30,0.0,209.50442953989864,0.017331854494393242,2.747705010023558
129.90858263506908,129.90858263506908,6,50,0.0,293.2274680478539,0.017331854494393242,2.747705010023558
129.90858263506908,129.90858263506908,6,80,0.0,1263.8149336260549,0.017331854494393242,2.747705010023558
129.90858263506908,129.90858263506908,6,120,0.0,648.8960580602723,0.017331854494393242,2.747705010023558
129.90858263506908,129.90858263506908,8,2,1.0,2.4534234074474273,0.017331854494393242,2.747705010023558
129.90858263506908,129.90858263506908,8,3,1.0,1.7081750267435383,0.017331854494393242,2.747705010023558
129.90858263506908,129.90858263506908,8,5,1.0,1.5738338272136998,0.017331854494393242,2.747705010023558
129.90858263506908,129.90858263506908,8,7,0.2,11.100115550110159,0.017331854494393242,2.747705010023558
129.90858263506908,129.90858263506908,8,10,0.0,23.919242773623488,0.017331854494393242,2.747705010023558
129.90858263506908,129.90858263506908,8,15,0.0,56.1705976409656,0.017331854494393242,2.747705010023558
129.90858263506908,129.90858263506908,8,20,0.0,136.29244446264838,0.017331854494393242,2.747705010023558
129.90858263506908,129.90858263506908,8,30,0.0,287.1831031098867,0.017331854494393242,2.747705010023558
129.90858263506908,129.90858263506908,8,50,0.0,316.7661365636292,0.017331854494393242,2.747705010023558
129.90858263506908,129.90858263506908,8,80,0.0,1265.6743802499143,0.017331854494393242,2.747705010023558
129.90858263506908,129.90858263506908,8,120,0.0,644.6643883802415,0.017331854494393242,2.747705010023558
129.90858263506908,129.90858263506908,10,2,1.0,2.4712706924925802,0.017331854494393242,2.747705010023558
129.90858263506908,129.90858263506908,10,3,1.0,1.767994595382986,0.017331854494393242,2.747705010023558
129.90858263506908,129.90858263506908,10,5,1.0,2.348902609546964,0.017331854494393242,2.747705010023558
129.90858263506908,129.90858263506908,10,7,0.1,21.614387671312084,0.017331854494393242,2.747705010023558
129.90858263506908,129.90858263506908,10,10,0.0,34.00858248143798,0.017331854494393242,2.747705010023558
129.90858263506908,129.90858263506908,10,15,0.0,90.16530619059316,0.017331854494393242,2.747705010023558
129.90858263506908,129.90858263506908,10,20,0.0,181.31027708430284,0.017331854494393242,2.747705010023558
129.90858263506908,129.90858263506908,10,30,0.0,289.0629622322796,0.017331854494393242,2.747705010023558
129.90858263506908,129.90858263506908,10,50,0.0,363.68782063944604,0.017331854494393242,2.747705010023558
129.90858263506908,129.90858263506908,10,80,0.0,1188.3702131434063,0.017331854494393242,2.747705010023558
129.90858263506908,129.90858263506908,10,120,0.0,639.806569291454,0.017331854494393242,2.747705010023558
129.90858263506908,129.90858263506908,12,2,1.0,2.499908337541142,0.017331854494393242,2.747705010023558
129.90858263506908,129.90858263506908,12,3,1.0,1.8859003966660481,0.017331854494393242,2.747705010023558
129.90858263506908,129.90858263506908,12,5,0.9,3.8548653571599703,0.017331854494393242,2.747705010023558
129.90858263506908,129.90858263506908,12,7,0.0,27.991933748085682,0.017331854494393242,2.747705010023558
129.90858263506908,129.90858263506908,12,10,0.0,47.98066658373624,0.017331854494393242,2.747705010023558
129.90858263506908,129.90858263506908,12,15,0.0,122.24558601647523,0.017331854494393242,2.747705010023558
129.90858263506908,129.90858263506908,12,20,0.0,207.05061638709262,0.017331854494393242,2.747705010023558
129.90858263506908,129.90858263506908,12,30,0.0,383.90100870420713,0.017331854494393242,2.747705010023558
129.90858263506908,129.90858263506908,12,50,0.0,417.2285145036065,0.017331854494393242,2.747705010023558
129.90858263506908,129.90858263506908,12,80,0.0,1252.8449411447243,0.017331854494393242,2.747705010023558
129.90858263506908,129.90858263506908,12,120,0.0,634.3281045832517,0.017331854494393242,2.747705010023558
198.27930034172823,198.27930034172823,1,2,0.8,4.486789251748282,0.009188057546706138,1.95206655693616
198.27930034172823,198.27930034172823,1,3,0.9,3.5637280776012425,0.009188057546706138,1.95206655693616
198.27930034172823,198.27930034172823,1,5,1.0,2.081843792328555,0.009188057546706138,1.95206655693616
198.27930034172823,198.27930034172823,1,7,1.0,1.3831525435158143,0.009188057546706138,1.95206655693616
198.27930034172823,198.27930034172823,1,10,1.0,1.282022925015053,0.009188057546706138,1.95206655693616
198.27930034172823,198.27930034172823,1,15,0.6,3.408477575726452,0.009188057546706138,1.95206655693616
198.27930034172823,198.27930034172823,1,20,0.0,30.51048765278577,0.009188057546706138,1.95206655693616
198.27930034172823,198.27930034172823,1,30,0.0,164.36774914915324,0.009188057546706138,1.95206655693616
198.27930034172823,198.27930034172823,1,50,0.0,296.27105777385776,0.009188057546706138,1.95206655693616
198.27930034172823,198.27930034172823,1,80,0.0,1221.2505271717378,0.009188057546706138,1.95206655693616
198.27930034172823,198.27930034172823,1,120,0.0,705.4370453894935,0.009188057546706138,1.95206655693616
198.27930034172823,198.27930034172823,2,2,0.8,4.490615988901705,0.009188057546706138,1.95206655693616
198.27930034172823,198.27930034172823,2,3,0.9,3.546849188984647,0.009188057546706138,1.95206655693616
198.27930034172823,198.27930034172823,2,5,1.0,2.160534790550681,0.009188057546706138,1.95206655693616
198.27930034172823,198.27930034172823,2,7,1.0,1.5892384274224098,0.009188057546706138,1.95206655693616
198.27930034172823,198.27930034172823,2,10,1.0,2.118939101689013,0.009188057546706138,1.95206655693616
198.27930034172823,198.27930034172823,2,15,0.0,19.250789792388254,0.009188057546706138,1.95206655693616
198.27930034172823,198.27930034172823,2,20,0.0,67.24318158272285,0.009188057546706138,1.95206655693616
198.27930034172823,198.27930034172823,2,30,0.0,220.9057004805561,0.009188057546706138,1.95206655693616
198.27930034172823,198.27930034172823,2,50,0.0,372.94557226018276,0.009188057546706138,1.95206655693616
198.27930034172823,198.27930034172823,2,80,0.0,1215.8507416341706,0.009188057546706138,1.95206655693616
198.27930034172823,198.27930034172823,2,120,0.0,628.2650559567799,0.009188057546706138,1.95206655693616
198.27930034172823,198.27930034172823,3,2,0.8,4.494163880920762,0.009188057546706138,1.95206655693616
198.27930034172823,198.27930034172823,3,3,0.9,3.6236829007995497,0.009188057546706138,1.95206655693616
198.27930034172823,198.27930034172823,3,5,1.0,2.1613881102016803,0.009188057546706138,1.95206655693616
198.27930034172823,198.27930034172823,3,7,1.0,1.808728758213451,0.009188057546706138,1.95206655693616
198.27930034172823,198.27930034172823,3,10,0.6,4.969358245826129,0.009188057546706138,1.95206655693616
198.27930034172823,198.27930034172823,3,15,0.0,32.47204391705587,0.009188057546706138,1.95206655693616
198.27930034172823,198.27930034172823,3,20,0.0,102.4184392158943,0.009188057546706138,1.95206655693616
198.27930034172823,198.27930034172823,3,30,0.0,284.39983782048586,0.009188057546706138,1.95206655693616
198.27930034172823,198.27930034172823,3,50,0.0,348.9826635008559,0.009188057546706138,1.95206655693616
198.27930034172823,198.27930034172823,3,80,0.0,1119.4829148187541,0.009188057546706138,1.95206655693616
198.27930034172823,198.27930034172823,3,120,0.0,725.9552255227379,0.009188057546706138,1.95206655693616
198.27930034172823,198.27930034172823,4,2,0.8,4.546494111386652,0.009188057546706138,1.95206655693616
198.27930034172823,198.27930034172823,4,3,0.9,3.5934435130105746,0.009188057546706138,1.95206655693616
198.27930034172823,198.27930034172823,4,5,1.0,2.2090300695756375,0.009188057546706138,1.95206655693616
198.27930034172823,198.27930034172823,4,7,1.0,2.369602920609719,0.009188057546706138,1.95206655693616
198.27930034172823,198.27930034172823,4,10,0.0,16.859170788427704,0.009188057546706138,1.95206655693616
198.27930034172823,198.27930034172823,4,15,0.0,52.95891108170296,0.009188057546706138,1.95206655693616
198.27930034172823,198.27930034172823,4,20,0.0,139.22078075150574,0.009188057546706138,1.95206655693616
198.27930034172823,198.27930034172823,4,30,0.0,325.4394429633591,0.009188057546706138,1.95206655693616
198.27930034172823,198.27930034172823,4,50,0.0,428.6462027775353,0.009188057546706138,1.95206655693616
198.27930034172823,198.27930034172823,4,80,0.0,970.2529065150509,0.009188057546706138,1.95206655693616
198.27930034172823,198.27930034172823,4,120,0.0,724.1407796386749,0.009188057546706138,1.95206655693616
198.27930034172823,198.27930034172823,6,2,0.8,4.55512322535774,0.009188057546706138,1.95206655693616
198.27930034172823,198.27930034172823,6,3,0.9,3.657032653857221,0.009188057546706138,1.95206655693616
198.27930034172823,198.27930034172823,6,5,1.0,2.4061611525415403,0.009188057546706138,1.95206655693616
198.27930034172823,198.27930034172823,6,7,0.6,5.5422890902752915,0.009188057546706138,1.95206655693616
198.27930034172823,198.27930034172823,6,10,0.0,33.029836080997754,0.009188057546706138,1.95206655693616
198.27930034172823,198.27930034172823,6,15,0.0,98.18195375146351,0.009188057546706138,1.95206655693616
198.27930034172823,198.27930034172823,6,20,0.0,214.65940516033007,0.009188057546706138,1.95206655693616
198.27930034172823,198.27930034172823,6,30,0.0,409.09475902133636,0.009188057546706138,1.95206655693616
198.27930034172823,198.27930034172823,6,50,0.0,477.64355074911634,0.009188057546706138,1.95206655693616
198.27930034172823,198.27930034172823,6,80,0.0,960.9142683790069,0.009188057546706138,1.95206655693616
198.27930034172823,198.27930034172823,6,120,0.0,720.437583170776,0.009188057546706138,1.95206655693616
198.27930034172823,198.27930034172823,8,2,0.8,4.561572827687945,0.009188057546706138,1.95206655693616
198.27930034172823,198.27930034172823,8,3,0.9,3.693542628902184,0.009188057546706138,1.95206655693616
198.27930034172823,198.27930034172823,8,5,0.9,3.0488440643587658,0.009188057546706138,1.95206655693616
198.27930034172823,198.27930034172823,8,7,0.1,14.820540244369536,0.009188057546706138,1.95206655693616
198.27930034172823,198.27930034172823,8,10,0.0,50.95181595131761,0.009188057546706138,1.95206655693616
198.27930034172823,198.27930034172823,8,15,0.0,142.8265427503265,0.009188057546706138,1.95206655693616
198.27930034172823,198.27930034172823,8,20,0.0,282.4669634803039,0.009188057546706138,1.95206655693616
198.27930034172823,198.27930034172823,8,30,0.0,475.0769495890575,0.009188057546706138,1.95206655693616
198.27930034172823,198.27930034172823,8,50,0.0,626.412655914488,0.009188057546706138,1.95206655693616
198.27930034172823,198.27930034172823,8,80,0.0,994.3729598216399,0.009188057546706138,1.95206655693616
198.27930034172823,198.27930034172823,8,120,0.0,716.0351798814088,0.009188057546706138,1.95206655693616
198.27930034172823,198.27930034172823,10,2,0.8,4.692592568227131,0.009188057546706138,1.95206655693616
198.27930034172823,198.27930034172823,10,3,0.9,3.72648912991173,0.009188057546706138,1.95206655693616
198.27930034172823,198.27930034172823,10,5,0.7,4.44008036228241,0.009188057546706138,1.95206655693616
198.27930034172823,198.27930034172823,10,7,0.1,30.55606629298714,0.009188057546706138,1.95206655693616
198.27930034172823,198.27930034172823,10,10,0.0,72.81949665503957,0.009188057546706138,1.95206655693616
198.27930034172823,198.27930034172823,10,15,0.0,203.43196239990004,0.009188057546706138,1.95206655693616
198.27930034172823,198.27930034172823,10,20,0.0,391.42152836832463,0.009188057546706138,1.95206655693616
198.27930034172823,198.27930034172823,10,30,0.0,566.235106843398,0.009188057546706138,1.95206655693616
198.27930034172823,198.27930034172823,10,50,0.0,713.1196439665962,0.009188057546706138,1.95206655693616
198.27930034172823,198.27930034172823,10,80,0.0,1003.4477477362101,0.009188057546706138,1.95206655693616
198.27930034172823,198.27930034172823,10,120,0.0,710.9392670652047,0.009188057546706138,1.95206655693616
198.27930034172823,198.27930034172823,12,2,0.8,4.7611805223911166,0.009188057546706138,1.95206655693616
198.27930034172823,198.27930034172823,12,3,0.9,3.8308192501019134,0.009188057546706138,1.95206655693616
198.27930034172823,198.27930034172823,12,5,0.6,7.094759406947825,0.009188057546706138,1.95206655693616
198.27930034172823,198.27930034172823,12,7,0.0,49.02643517778266,0.009188057546706138,1.95206655693616
198.27930034172823,198.27930034172823,12,10,0.0,101.6230349049056,0.009188057546706138,1.95206655693616
198.27930034172823,198.27930034172823,12,15,0.0,286.12193877574725,0.009188057546706138,1.95206655693616
198.27930034172823,198.27930034172823,12,20,0.0,378.07092263848506,0.009188057546706138,1.95206655693616
198.27930034172823,198.27930034172823,12,30,0.0,593.3922076495226,0.009188057546706138,1.95206655693616
198.27930034172823,198.27930034172823,12,50,0.0,618.213193538545,0.009188057546706138,1.95206655693616
198.27930034172823,198.27930034172823,12,80,0.0,995.4516022185446,0.009188057546706138,1.95206655693616
198.27930034172823,198.27930034172823,12,120,0.0,705.155380307787,0.009188057546706138,1.95206655693616
295.7391938958793,295.7391938958793,1,2,0.4,10.266182980119986,0.006600329557661857,2.4551115622318793
295.7391938958793,295.7391938958793,1,3,0.4,6.650796863410545,0.006600329557661857,2.4551115622318793
295.7391938958793,295.7391938958793,1,5,1.0,3.2446635653537212,0.006600329557661857,2.4551115622318793
295.7391938958793,295.7391938958793,1,7,1.0,2.0169988422638414,0.006600329557661857,2.4551115622318793
295.7391938958793,295.7391938958793,1,10,1.0,1.3817954305444133,0.006600329557661857,2.4551115622318793
295.7391938958793,295.7391938958793,1,15,0.6,3.9089215606167804,0.006600329557661857,2.4551115622318793
295.7391938958793,295.7391938958793,1,20,0.4,10.631608259960213,0.006600329557661857,2.4551115622318793
295.7391938958793,295.7391938958793,1,30,0.0,40.494620260599405,0.006600329557661857,2.4551115622318793
295.7391938958793,295.7391938958793,1,50,0.0,186.6177212935811,0.006600329557661857,2.4551115622318793
295.7391938958793,295.7391938958793,1,80,0.0,1991.5546188712706,0.006600329557661857,2.4551115622318793
295.7391938958793,295.7391938958793,1,120,0.0,1315.4259875227997,0.006600329557661857,2.4551115622318793
295.7391938958793,295.7391938958793,2,2,0.4,10.316217142580268,0.006600329557661857,2.4551115622318793
295.7391938958793,295.7391938958793,2,3,0.4,6.833446235280439,0.006600329557661857,2.4551115622318793
295.7391938958793,295.7391938958793,2,5,1.0,3.235564564713344,0.006600329557661857,2.4551115622318793
295.7391938958793,295.7391938958793,2,7,1.0,2.062146648883937,0.006600329557661857,2.4551115622318793
295.7391938958793,295.7391938958793,2,10,1.0,2.1815829171079293,0.006600329557661857,2.4551115622318793
295.7391938958793,295.7391938958793,2,15,0.3,13.446834057568688,0.006600329557661857,2.4551115622318793
295.7391938958793,295.7391938958793,2,20,0.0,18.325314336424025,0.006600329557661857,2.4551115622318793
295.7391938958793,295.7391938958793,2,30,0.0,89.88749199375272,0.006600329557661857,2.4551115622318793
295.7391938958793,295.7391938958793,2,50,0.0,270.8026015980631,0.006600329557661857,2.4551115622318793
295.7391938958793,295.7391938958793,2,80,0.0,1911.7604857927004,0.006600329557661857,2.4551115622318793
295.7391938958793,295.7391938958793,2,120,0.0,1354.3823101127448,0.006600329557661857,2.4551115622318793
295.7391938958793,295.7391938958793,3,2,0.4,10.440461552764862,0.006600329557661857,2.4551115622318793
295.7391938958793,295.7391938958793,3,3,0.4,6.8373802054891,0.006600329557661857,2.4551115622318793
295.7391938958793,295.7391938958793,3,5,1.0,3.2710505134248438,0.006600329557661857,2.4551115622318793
295.7391938958793,295.7391938958793,3,7,1.0,2.1255908009637023,0.006600329557661857,2.4551115622318793
295.7391938958793,295.7391938958793,3,10,0.5,4.877453556749167,0.006600329557661857,2.4551115622318793
295.7391938958793,295.7391938958793,3,15,0.0,20.19495640804542,0.006600329557661857,2.4551115622318793
295.7391938958793,295.7391938958793,3,20,0.0,29.625193908840505,0.006600329557661857,2.4551115622318793
295.7391938958793,295.7391938958793,3,30,0.0,143.8531912765623,0.006600329557661857,2.4551115622318793
295.7391938958793,295.7391938958793,3,50,0.0,306.7439060391036,0.006600329557661857,2.4551115622318793
295.7391938958793,295.7391938958793,3,80,0.0,1640.237207873731,0.006600329557661857,2.4551115622318793
295.7391938958793,295.7391938958793,3,120,0.0,1311.0983902576304,0.006600329557661857,2.4551115622318793
295.7391938958793,295.7391938958793,4,2,0.4,10.489803228785545,0.006600329557661857,2.4551115622318793
295.7391938958793,295.7391938958793,4,3,0.4,6.864731360083731,0.006600329557661857,2.4551115622318793
295.7391938958793,295.7391938958793,4,5,1.0,3.33679738008217,0.006600329557661857,2.4551115622318793
295.7391938958793,295.7391938958793,4,7,1.0,2.6210377916745826,0.006600329557661857,2.4551115622318793
295.7391938958793,295.7391938958793,4,10,0.1,14.257568602128558,0.006600329557661857,2.4551115622318793
295.7391938958793,295.7391938958793,4,15,0.0,26.786325948084727,0.006600329557661857,2.4551115622318793
295.7391938958793,295.7391938958793,4,20,0.0,49.26621432947135,0.006600329557661857,2.4551115622318793
295.7391938958793,295.7391938958793,4,30,0.0,206.82853194916578,0.006600329557661857,2.4551115622318793
295.7391938958793,295.7391938958793,4,50,0.0,369.5780827984737,0.006600329557661857,2.4551115622318793
295.7391938958793,295.7391938958793,4,80,0.0,1376.297724383478,0.006600329557661857,2.4551115622318793
295.7391938958793,295.7391938958793,4,120,0.0,1303.7420134976521,0.006600329557661857,2.4551115622318793
295.7391938958793,295.7391938958793,6,2,0.4,10.55057866172245,0.006600329557661857,2.4551115622318793
295.7391938958793,295.7391938958793,6,3,0.5,6.8584000391086875,0.006600329557661857,2.4551115622318793
295.7391938958793,295.7391938958793,6,5,1.0,3.659704692316958,0.006600329557661857,2.4551115622318793
295.7391938958793,295.7391938958793,6,7,0.7,5.374973822867647,0.006600329557661857,2.4551115622318793
295.7391938958793,295.7391938958793,6,10,0.0,31.901859640649445,0.006600329557661857,2.4551115622318793
295.7391938958793,295.7391938958793,6,15,0.0,49.45666982056907,0.006600329557661857,2.4551115622318793
295.7391938958793,295.7391938958793,6,20,0.0,114.5738726342142,0.006600329557661857,2.4551115622318793
295.7391938958793,295.7391938958793,6,30,0.0,309.70586953589907,0.006600329557661857,2.4551115622318793
295.7391938958793,295.7391938958793,6,50,0.0,458.06171883583994,0.006600329557661857,2.4551115622318793
295.7391938958793,295.7391938958793,6,80,0.0,1454.0619920386275,0.006600329557661857,2.4551115622318793
295.7391938958793,295.7391938958793,6,120,0.0,1297.6127451498285,0.006600329557661857,2.4551115622318793
295.7391938958793,295.7391938958793,8,2,0.4,10.744684492161143,0.006600329557661857,2.4551115622318793
295.7391938958793,295.7391938958793,8,3,0.5,6.856870134214276,0.006600329557661857,2.4551115622318793
295.7391938958793,295.7391938958793,8,5,0.9,4.297343741591225,0.006600329557661857,2.4551115622318793
295.7391938958793,295.7391938958793,8,7,0.1,16.225197771837557,0.006600329557661857,2.4551115622318793
295.7391938958793,295.7391938958793,8,10,0.0,45.924705317257676,0.006600329557661857,2.4551115622318793
295.7391938958793,295.7391938958793,8,15,0.0,87.30962544895074,0.006600329557661857,2.4551115622318793
295.7391938958793,295.7391938958793,8,20,0.0,196.30844436625307,0.006600329557661857,2.4551115622318793
295.7391938958793,295.7391938958793,8,30,0.0,430.9173009275957,0.006600329557661857,2.4551115622318793
295.7391938958793,295.7391938958793,8,50,0.0,519.9265525359122,0.006600329557661857,2.4551115622318793
295.7391938958793,295.7391938958793,8,80,0.0,1626.7317751470969,0.006600329557661857,2.4551115622318793
295.7391938958793,295.7391938958793,8,120,0.0,1290.2877767969676,0.006600329557661857,2.4551115622318793
295.7391938958793,295.7391938958793,10,2,0.4,10.934212693387792,0.006600329557661857,2.4551115622318793
295.7391938958793,295.7391938958793,10,3,0.6,7.182063724677403,0.006600329557661857,2.4551115622318793
295.7391938958793,295.7391938958793,10,5,0.4,5.857279531923753,0.006600329557661857,2.4551115622318793
295.7391938958793,295.7391938958793,10,7,0.1,43.32790551578905,0.006600329557661857,2.4551115622318793
295.7391938958793,295.7391938958793,10,10,0.0,64.5649521145882,0.006600329557661857,2.4551115622318793
295.7391938958793,295.7391938958793,10,15,0.0,147.41185693985236,0.006600329557661857,2.4551115622318793
295.7391938958793,295.7391938958793,10,20,0.0,303.58087655807634,0.006600329557661857,2.4551115622318793
295.7391938958793,295.7391938958793,10,30,0.0,449.83334118626624,0.006600329557661857,2.4551115622318793
295.7391938958793,295.7391938958793,10,50,0.0,541.7452081415352,0.006600329557661857,2.4551115622318793
295.7391938958793,295.7391938958793,10,80,0.0,1662.4389050638304,0.006600329557661857,2.4551115622318793
295.7391938958793,295.7391938958793,10,120,0.0,1281.7762142737643,0.006600329557661857,2.4551115622318793
295.7391938958793,295.7391938958793,12,2,0.4,11.088288320429612,0.006600329557661857,2.4551115622318793
295.7391938958793,295.7391938958793,12,3,0.5,7.451712433112388,0.006600329557661857,2.4551115622318793
295.7391938958793,295.7391938958793,12,5,0.2,8.982199233856646,0.006600329557661857,2.4551115622318793
295.7391938958793,295.7391938958793,12,7,0.1,55.3015949481629,0.006600329557661857,2.4551115622318793
295.7391938958793,295.7391938958793,12,10,0.0,91.10833161954857,0.006600329557661857,2.4551115622318793
295.7391938958793,295.7391938958793,12,15,0.0,211.65238670115468,0.006600329557661857,2.4551115622318793
295.7391938958793,295.7391938958793,12,20,0.0,325.4138980323129,0.006600329557661857,2.4551115622318793
295.7391938958793,295.7391938958793,12,30,0.0,574.3522290594434,0.006600329557661857,2.4551115622318793
295.7391938958793,295.7391938958793,12,50,0.0,798.9159116364068,0.006600329557661857,2.4551115622318793
295.7391938958793,295.7391938958793,12,80,0.0,1691.1068381484652,0.006600329557661857,2.4551115622318793
295.7391938958793,295.7391938958793,12,120,0.0,1272.086716175427,0.006600329557661857,2.4551115622318793
