rocket_id,td,latency_steps,Iyy,motor_scale,max_gimbal_deg,new_Kp,new_Kd,nom_sr,under_sr,over_sr,margin,nom_rms
R2334,2.484039347537522,1,0.0980151495600295,0.6125495017326236,6.326020842917098,82.35745631970453,1.0,1.0,1.0,1.0,1.0,0.9135491538064782
R0496,2.5987846513962314,3,0.0732401719469804,0.9863190334059792,3.071300893064292,82.35745631970453,1.0,1.0,1.0,1.0,1.0,0.706591271149423
R3042,3.569803627546137,5,0.0900927032332297,1.362966934026701,3.755508562006165,115.62844575768013,1.0,1.0,1.0,1.0,1.0,1.1896121345987818
R1655,3.105300839240261,3,0.0805176398545744,1.3885234125649475,2.86590401979413,162.34034009544706,1.0,1.0,1.0,1.0,1.0,1.3034186729295307
R3484,4.145347426287864,3,0.049740052382803,1.422315792354885,2.30723203409943,58.65987877815546,1.0,1.0,1.0,1.0,1.0,1.176160667378249
R3110,4.350317224886372,3,0.0331232107688111,0.7858512425516153,2.918321551624438,115.62844575768013,1.0,1.0,1.0,1.0,1.0,1.1911257530321036
R0620,4.108432543772103,3,0.0739464109655157,1.2426022679088522,3.891179367916768,115.62844575768013,1.0,1.0,1.0,1.0,1.0,1.0227915791930402
R2883,2.8370082322625976,3,0.0987212597199287,2.0131211432344216,2.214223756376014,82.35745631970453,1.0,1.0,1.0,1.0,1.0,0.9009857132404788
R3756,2.4928872042848966,5,0.0825356923803627,1.1690194201521265,2.801191714248921,227.9230326898601,2.0,1.0,1.0,1.0,1.0,1.222466014750357
R0998,4.307320469721345,5,0.0953185857737421,2.054208666490429,3.1809756867537344,115.62844575768013,1.0,1.0,1.0,0.9333333333333332,0.9333333333333332,1.481167418051203
R1816,1.8759379817680493,6,0.064562003003397,0.5714443177194168,3.3731968440310545,162.34034009544706,1.0,1.0,1.0,1.0,1.0,1.0437286026675725
R2209,2.7591894013559517,6,0.0925592612678181,0.626443962420444,6.488425114539064,82.35745631970453,1.0,1.0,1.0,1.0,1.0,0.5499605024433337
R2199,4.538831314868173,5,0.0519457613616257,1.2507961921639843,3.0000447976007263,58.65987877815546,1.0,1.0,1.0,1.0,1.0,1.5302592073993513
R1926,7.751912352518925,1,0.0608547380862339,1.6472158918880266,4.557984661340242,82.35745631970453,1.0,1.0,1.0,1.0,1.0,0.8147599244311169
R0622,5.658209561410346,2,0.0704204336247208,1.358588712893813,4.667774344964451,115.62844575768013,1.0,1.0,1.0,1.0,1.0,0.8549714708893326
R2057,5.905686840306137,5,0.0940550974652248,0.9880596135317916,8.947253357839442,58.65987877815546,1.0,1.0,1.0,1.0,1.0,0.6996247981012612
R3852,6.822793308617269,5,0.0493696881046281,1.188813751094189,4.509505387237463,162.34034009544706,2.0,1.0,1.0,1.0,1.0,1.5412759569371015
R2444,5.4042760229647975,5,0.0888616399596712,1.7344908769126908,4.406562742875305,82.35745631970453,1.0,1.0,1.0,0.8666666666666667,0.8666666666666667,2.1274786920178173
R2952,5.294414993539196,4,0.0659417808510242,0.8515562926704594,6.525073687314478,58.65987877815546,1.0,1.0,1.0,0.9333333333333332,0.9333333333333332,1.432881314618445
R1107,6.024962808829157,1,0.024654043365738,0.5776832026194336,4.092351395450868,115.62844575768013,1.0,1.0,1.0,1.0,1.0,1.4882696763954038
R2501,5.385411806206925,5,0.0986069546606068,1.5459816795627246,5.4669141388642,41.78105458855241,1.0,1.0,1.0,1.0,1.0,1.3300700889510535
R0086,5.357535333825297,2,0.019347410341342,0.5973043459306794,2.761927941747703,115.62844575768013,1.0,1.0,1.0,1.0,1.0,1.3376712225978975
R2794,7.213963992399909,6,0.0432800291506922,2.1225345663484543,2.3411372487404725,82.35745631970453,1.0,0.9333333333333332,1.0,0.9333333333333332,0.9333333333333332,1.7813893285699496
R0627,5.679558170870818,3,0.0660140339563234,1.832252566177404,3.256758964643404,58.65987877815546,1.0,1.0,1.0,1.0,1.0,0.9403575765844916
R1322,6.4503162202858215,3,0.0621148167141006,1.4172753431467773,4.499270603531098,115.62844575768013,1.0,1.0,1.0,1.0,1.0,1.0633036108629108
R0207,5.782235645353752,6,0.0728282545107096,0.8215170575713482,8.158291788813363,41.78105458855241,1.0,1.0,1.0,1.0,1.0,0.7397467858989507
R0366,7.928673286614513,2,0.039015553307183,0.9846517222560818,5.000066490018693,58.65987877815546,1.0,1.0,1.0,0.9333333333333332,0.9333333333333332,1.5327871489151923
R1486,7.899016774810745,3,0.0578081278890845,0.6082794715986692,11.947551542473722,82.35745631970453,1.0,1.0,1.0,1.0,1.0,0.7413059195340367
R0049,8.15770553810636,2,0.0393627594993225,1.387383091381711,3.6836409819160782,82.35745631970453,1.0,1.0,1.0,1.0,1.0,0.8884434155254349
R0864,7.992434682910862,4,0.0916844408869169,1.1741697451376345,9.932623703538209,58.65987877815546,1.0,1.0,1.0,1.0,1.0,1.3137748331200347
R2558,9.85299398455753,5,0.0886351369790666,2.0481207343837915,6.786388456507685,58.65987877815546,1.0,1.0,1.0,0.9333333333333332,0.9333333333333332,1.748609900815174
R0503,10.121584123387477,5,0.0534926271237324,1.4529577030265848,5.930749437439301,82.35745631970453,1.0,1.0,1.0,1.0,1.0,0.8243112673911056
R2291,10.2800453503996,1,0.0595855315568801,1.447258517202148,6.736120788512826,82.35745631970453,1.0,1.0,1.0,0.6,0.6,2.1953965026718048
R3083,8.640997324609579,1,0.0883088931160818,1.3768749047526545,8.820515330197539,82.35745631970453,1.0,1.0,1.0,1.0,1.0,1.097243870654249
R1254,9.034412133674296,4,0.0947835651185677,2.195662143846257,6.207083044282534,82.35745631970453,1.0,1.0,1.0,1.0,1.0,0.6910707140387232
R1755,9.93051074366105,4,0.08952821110379,1.851112735793606,7.643966150570367,82.35745631970453,1.0,1.0,1.0,0.9333333333333332,0.9333333333333332,1.3061444790874135
R1676,8.42832041875559,3,0.0402042954405958,2.005436995644416,2.6892092892872097,82.35745631970453,1.0,1.0,1.0,1.0,1.0,1.3776988333007625
R3768,8.080420279919387,4,0.0577265782349056,2.133782963842973,3.4792020735042586,82.35745631970453,1.0,1.0,1.0,1.0,1.0,1.073028019895108
R1737,8.696174755305837,3,0.0808754229739515,0.8216861733508637,13.622567739992013,82.35745631970453,1.0,1.0,1.0,0.8666666666666667,0.8666666666666667,1.535327810378404
R3130,11.722014838418213,4,0.066585889034283,2.0984863530609563,5.919683014788499,58.65987877815546,1.0,1.0,1.0,0.9333333333333332,0.9333333333333332,1.7110401038123852
R3671,10.908214772116752,2,0.0855777278017169,2.0961260454710158,7.087893260541663,82.35745631970453,1.0,1.0,1.0,1.0,1.0,0.5177461971495663
R3472,13.437416579833206,3,0.0797099723261437,2.113432232778155,8.066037641924535,58.65987877815546,1.0,1.0,1.0,0.8666666666666667,0.8666666666666667,1.720261273174858
R2276,10.550865396310767,1,0.085507619168859,1.6014352906967193,8.966101143773177,82.35745631970453,1.0,1.0,1.0,1.0,1.0,0.5518774837496296
R2608,12.95077516067744,4,0.0432370820590383,1.3296508348486382,6.702466650189564,58.65987877815546,1.0,1.0,1.0,1.0,1.0,1.4752222887108792
R0449,11.73520307005406,3,0.0835696972384819,2.9445255418757568,5.3008344828347465,82.35745631970453,1.0,1.0,1.0,1.0,1.0,0.7745129118145994
R0975,10.77101484848215,5,0.0530375111590103,0.6541930331094825,13.898053451475242,41.78105458855241,1.0,1.0,1.0,1.0,1.0,1.1874018753759812
R0791,10.58071877603824,2,0.0746610448796517,2.236349386800718,5.621985381000819,58.65987877815546,1.0,1.0,1.0,1.0,1.0,1.1775080921600032
R2976,11.999746979640312,3,0.0777996733898442,1.6587126733312725,8.957747808328024,82.35745631970453,1.0,1.0,1.0,0.9333333333333332,0.9333333333333332,1.205194736160904
R0863,11.877395025291149,2,0.0642868809235,2.956233360381569,4.110786995001051,58.65987877815546,1.0,1.0,1.0,1.0,1.0,0.8850823832031006
R0291,10.593711659758933,4,0.0940703726032695,1.3414097811269985,11.823870791946646,41.78105458855241,1.0,1.0,1.0,1.0,1.0,0.5024441561519838
R3707,12.684184790146553,5,0.0793830368502024,1.5629497159745585,10.25334086194622,41.78105458855241,1.0,1.0,1.0,1.0,1.0,0.5659018890358929
R3731,12.999544278363528,3,0.0880135984440664,2.64182334297049,6.892777562101131,58.65987877815546,1.0,1.0,1.0,1.0,1.0,1.54825876031426
R2904,17.252010474648824,4,0.0451564632342248,0.899992742036849,13.776559025218544,82.35745631970453,1.0,1.0,1.0,1.0,1.0,0.7153379920019306
R1463,17.017898518116667,1,0.0995599549362476,2.1207317394434857,12.715253305018914,82.35745631970453,1.0,1.0,1.0,1.0,1.0,0.5736925534584668
R0867,15.50368347409094,6,0.0536314449260947,0.9616246009040634,13.76160085759275,58.65987877815546,1.0,1.0,1.0,0.9333333333333332,0.9333333333333332,1.844121318404757
R3395,16.82635852982266,3,0.0725991995322242,1.6077642876720757,12.092601035280452,82.35745631970453,1.0,1.0,1.0,1.0,1.0,0.709626793736453
R1664,16.124495392489354,3,0.0701365500923843,1.7118510419033994,10.514404782937271,82.35745631970453,1.0,1.0,1.0,1.0,1.0,1.0159327692043816
R2739,14.059070765698907,2,0.0942494136271294,1.692597154216929,12.459533988576986,82.35745631970453,1.0,0.9333333333333332,1.0,0.6666666666666666,0.6666666666666666,2.5783836216708838
R3539,15.475306479793142,3,0.0839927629399931,1.3999532019949918,14.777049896430269,82.35745631970453,1.0,0.9333333333333332,1.0,0.8666666666666667,0.8666666666666667,1.967797150980296
R3675,13.94795876329771,4,0.0905571478792025,1.3694141245851856,14.679752018234282,41.78105458855241,1.0,1.0,1.0,1.0,1.0,0.4652708624264829
R3544,17.5642977886938,4,0.0287192792505584,0.5933437779353846,13.530631525473298,29.758952096260835,1.0,1.0,1.0,1.0,1.0,0.6877392363705647
R1462,13.76322539216254,2,0.069005777825338,1.5154090235115836,9.974610374234343,82.35745631970453,1.0,1.0,1.0,1.0,1.0,1.170095094004849
R0125,16.57991382651632,5,0.0619059940509535,2.222440429717778,7.350298447574743,58.65987877815546,1.0,1.0,1.0,1.0,1.0,0.6964022877490122
R0304,14.458156878646214,2,0.0735648122229955,1.7253396049796794,9.811346271986864,82.35745631970453,1.0,1.0,1.0,1.0,1.0,0.497991180026255
R1727,14.993687416255208,3,0.0316913084533743,0.973624300873784,7.767430028612593,82.35745631970453,1.0,1.0,1.0,1.0,1.0,0.566493691864536
R0789,18.080690999468665,2,0.0545433039010793,2.3270950957043164,6.744697342576519,58.65987877815546,1.0,1.0,1.0,1.0,1.0,0.5897808731823881
R3210,20.114181524699763,3,0.0855964511677846,1.8896002535259224,14.501346087084546,58.65987877815546,1.0,1.0,1.0,0.8666666666666667,0.8666666666666667,1.7913998705194525
R1077,19.353117841170864,3,0.0748948275944462,2.8816990776556004,8.005238411105768,58.65987877815546,1.0,1.0,1.0,1.0,1.0,0.606272638240369
R3116,20.1203931331184,1,0.0986345865648297,2.2920359779587764,13.780481483990233,82.35745631970453,1.0,1.0,1.0,1.0,1.0,0.4501014979089422
R1761,19.05747159043265,5,0.096623079083268,2.4889497004420384,11.774708536953256,5.455176632911242,1.0,1.0,1.0,1.0,1.0,0.6268593195610059
R1172,21.85505516750791,1,0.0777061562199692,2.1661807186580164,12.477649434948534,82.35745631970453,1.0,1.0,1.0,1.0,1.0,0.7733205741682917
R1523,18.969397703413303,5,0.0432904461104017,1.0248186726109625,12.75318632821532,58.65987877815546,1.0,1.0,1.0,0.9333333333333332,0.9333333333333332,1.4672162771746655
R2058,21.259717901851552,3,0.0694165891621355,2.7146276630055555,8.652281272021828,58.65987877815546,1.0,1.0,1.0,1.0,1.0,0.925599853693976
R2645,18.475062981908746,2,0.0538295317667268,2.8314937285167767,5.5899903392902015,162.34034009544706,1.0,1.0,1.0,1.0,1.0,0.8209765855898148
R2657,22.249457304825253,3,0.0277731481118348,1.4815116139810334,6.638341707416875,41.78105458855241,1.0,1.0,1.0,1.0,1.0,1.5065093660576765
R3390,21.516527381241705,5,0.0146805867470909,0.8342348662553705,6.026253390841836,58.65987877815546,1.0,1.0,1.0,1.0,1.0,1.394882856677212
R2359,20.532564050120698,5,0.0556716678604772,2.1082899558347057,8.629133951080792,58.65987877815546,1.0,1.0,1.0,1.0,1.0,0.9849501881550417
R2289,21.770804192341064,6,0.0410093451057839,1.1387267462720754,12.478371638063267,41.78105458855241,1.0,1.0,1.0,1.0,1.0,1.5055554060306384
R0101,23.117601037779995,5,0.0531460919250224,1.3909149963876772,14.058326999688592,82.35745631970453,1.0,1.0,1.0,1.0,1.0,0.4557052375919089
R0779,23.770214943219965,5,0.0442101964672632,2.275029852073754,7.351713697936501,82.35745631970453,1.0,1.0,1.0,1.0,1.0,0.5467222763594018
R2789,23.847558924931405,5,0.0767294619197132,2.098375483410337,13.878515390539816,58.65987877815546,1.0,1.0,1.0,1.0,1.0,0.4955478178622272
R2398,27.584173852756624,5,0.0278828772505496,1.1501297994951367,10.643166195364492,58.65987877815546,1.0,1.0,1.0,1.0,1.0,1.7185531336240911
R1991,26.61738144515875,3,0.0633117701907035,1.90505255072238,14.078713020263905,82.35745631970453,1.0,1.0,1.0,1.0,1.0,0.5687646466588855
R3211,22.765721190141743,3,0.0392860277581494,1.2911878911224948,11.02427959180033,58.65987877815546,1.0,1.0,1.0,1.0,1.0,1.029206874135734
R1122,28.521723003535318,5,0.0494712281342848,2.8423153027510133,7.900895689553812,58.65987877815546,1.0,1.0,1.0,1.0,1.0,1.0090898621667497
R3417,26.771653151270066,4,0.0709019925916114,2.390576948952457,12.637205108679575,58.65987877815546,1.0,1.0,1.0,1.0,1.0,1.3171340829775464
R3156,28.51022458310345,3,0.0622461469005388,2.9477138806206478,9.581817986144902,58.65987877815546,1.0,1.0,1.0,1.0,1.0,1.038652911807468
R0844,26.412646646583976,1,0.0700679568687941,2.665247854181526,11.05131364145974,58.65987877815546,1.0,1.0,1.0,1.0,1.0,0.9854911214188254
R3641,28.359380858841103,6,0.0535439363780194,2.481506426399787,9.73894175474688,82.35745631970453,1.0,1.0,1.0,1.0,1.0,0.4062639890183381
R3902,27.525012909468305,5,0.0624122744727841,2.313522780318249,11.817997466334644,82.35745631970453,1.0,1.0,1.0,1.0,1.0,0.7919296698095376
R3608,27.732670639084517,6,0.0661694073281527,2.978018786918833,9.80712333558436,82.35745631970453,1.0,1.0,1.0,1.0,1.0,0.5248016490833665
R2100,31.709191046451235,1,0.0412525077317698,2.977334065133943,6.992429271679005,58.65987877815546,1.0,1.0,1.0,1.0,1.0,1.228990305391511
R0507,33.10992355978905,5,0.0470940202759797,2.159896143862784,11.489766612184894,82.35745631970453,1.0,1.0,1.0,1.0,1.0,0.4267881610004688
R3751,29.14844226421158,3,0.0952824058562316,2.9998352589414305,14.735022084679027,58.65987877815546,1.0,1.0,1.0,1.0,1.0,0.8107916898116037
R2420,33.943498592816574,4,0.010105442770522,0.6476743756778089,8.428986667361531,82.35745631970453,1.0,1.0,1.0,1.0,1.0,0.7460829839665447
R2357,38.42839311637741,5,0.058198188569811,2.462369335145503,14.455350607477516,82.35745631970453,1.0,1.0,1.0,1.0,1.0,0.4468279789357842
R3575,34.93043488018705,2,0.0662960737559785,2.5290751838675973,14.57304121200538,58.65987877815546,1.0,1.0,1.0,1.0,1.0,0.8036598151987208
R1237,38.69953602087967,4,0.0353900775392693,2.668087437300529,8.169723268771758,58.65987877815546,1.0,1.0,1.0,1.0,1.0,1.1831478589157072
R0764,40.609908295065686,2,0.0147267784371989,0.8295476965920197,11.474097385798876,58.65987877815546,1.0,1.0,1.0,1.0,1.0,1.6664370994097075
R3297,39.72372362147526,4,0.0159990846308272,0.9204317197076264,10.989391414980942,58.65987877815546,1.0,1.0,1.0,1.0,1.0,1.3119778928584216
R0357,31.446897509523858,6,0.0356786453608743,2.2025237731166056,8.107476322187985,41.78105458855241,1.0,1.0,1.0,1.0,1.0,1.02961333449771
R3479,34.330203321749515,5,0.0520579592651883,2.8995923733954534,9.809496072779154,58.65987877815546,1.0,1.0,1.0,1.0,1.0,1.0475970344966623
R1597,34.00557061436342,4,0.0498024368020691,1.8926413491389584,14.241392873400097,82.35745631970453,1.0,1.0,1.0,1.0,1.0,0.563131194732509
R2236,32.61302324871455,6,0.0601066296453992,2.513422376474189,12.412752356745658,82.35745631970453,1.0,1.0,1.0,1.0,1.0,0.4950518774576065
R3194,49.881710083080414,3,0.0163291159588974,1.8920704240702024,6.851518608025551,115.62844575768013,1.0,1.0,1.0,1.0,1.0,0.999657923430594
R3481,58.518123728861646,1,0.0472259805420303,2.9355142737056377,14.983294366991544,58.65987877815546,1.0,1.0,1.0,1.0,1.0,0.9051140152944128
R1586,51.00539434804352,5,0.029693461316536,2.857367576141629,8.435890901830849,58.65987877815546,1.0,1.0,1.0,1.0,1.0,1.700205601026839
R3672,47.77589895536072,4,0.0391357526993958,2.6406088242976957,11.269343581932814,82.35745631970453,1.0,1.0,1.0,1.0,1.0,0.7526974670943463
R1272,56.57389930967625,6,0.0410206442437908,2.6269155402145974,14.060236051418569,41.78105458855241,1.0,1.0,1.0,1.0,1.0,1.5346684345452637
R3174,42.45684869329262,4,0.0226674434205348,1.53632927405602,9.969792561257725,82.35745631970453,1.0,1.0,1.0,1.0,1.0,0.9494007285200856
R0631,49.123634743009255,4,0.0415345271173695,2.357279510549681,13.775545770699196,82.35745631970453,1.0,1.0,1.0,1.0,1.0,0.4187685020040453
R1715,58.67438265485026,3,0.0397163592483617,2.9540283819485835,12.555193985814045,162.34034009544706,1.0,1.0,1.0,1.0,1.0,0.7279439078692127
R2866,53.599560997147805,3,0.0455750592460217,2.7370206535213546,14.20464981469774,41.78105458855241,1.0,1.0,1.0,1.0,1.0,1.019772897476796
R0099,59.168796662752726,3,0.0311476254628419,2.255275670934432,13.005833129593263,162.34034009544706,1.0,1.0,1.0,1.0,1.0,0.8630429121394038
R1616,44.5788767915277,5,0.0228014173745593,1.333655626003406,12.13018421692258,82.35745631970453,1.0,1.0,1.0,1.0,1.0,0.5987582145907002
R0174,44.04069403623964,6,0.0307347728032521,2.798394998129514,7.698307903266728,29.758952096260835,1.0,1.0,1.0,1.0,1.0,2.852160334227804
R3978,44.28696725126795,3,0.0434197389633194,2.763995543087206,11.072506462914918,58.65987877815546,1.0,1.0,1.0,1.0,1.0,0.5590685534243653
R1442,126.96132984849552,5,0.0050609444487166,1.869567381112142,5.469933450178905,7.658973741837444,1.0,0.7333333333333333,0.8666666666666667,0.7333333333333333,0.7333333333333333,7.014782426091889
R2017,83.57722571574145,3,0.0121779086971923,1.711066228174115,9.467034868063203,82.35745631970453,1.0,1.0,1.0,1.0,1.0,1.1430912677428648
R1810,75.47940246147378,1,0.0211822827382736,2.105147851447315,12.087562773731973,58.65987877815546,1.0,1.0,1.0,1.0,1.0,1.1240995949995924
R3922,211.17001771912368,3,0.0082136488688568,2.0840579545279807,13.24581634132494,58.65987877815546,1.0,1.0,1.0,1.0,1.0,1.886327731993992
R1692,199.54407716792656,6,0.0090820951888089,2.545370132912366,11.331674182991836,58.65987877815546,2.0,0.9333333333333332,0.8666666666666667,0.7333333333333333,0.7333333333333333,6.134871978001123
R1494,79.23371356210852,4,0.0175956408609279,1.6239793271997274,13.66327267089676,162.34034009544706,1.0,1.0,1.0,1.0,1.0,1.1875405279892952
R1414,92.0997735836434,4,0.0136166177206306,1.9995206329303052,9.98210305668768,115.62844575768013,1.0,0.9333333333333332,1.0,0.9333333333333332,0.9333333333333332,2.3540560929457497
R3403,83.43747713224788,5,0.007215145847729,2.824028720121138,3.3927925117104856,21.19609566078763,1.0,1.0,1.0,1.0,1.0,3.5984588502423653
R1917,81.48641116895665,1,0.0174816449387146,2.953577447175475,7.676075800323657,227.9230326898601,1.0,1.0,1.0,1.0,1.0,0.5528400096468301
R3605,180.52804736888885,5,0.0053021009995235,1.9094165380494488,7.978332521842735,82.35745631970453,1.0,0.8,0.9333333333333332,0.6666666666666666,0.6666666666666666,4.56935443639954
R2070,160.5429112806932,4,0.0092625384198199,1.6177104240070608,14.629871254423792,162.34034009544706,1.0,0.8666666666666667,1.0,0.6666666666666666,0.6666666666666666,3.893678215210443
R2284,163.74894240274875,3,0.0088386129872455,2.217378393525353,10.388263140460818,58.65987877815546,1.0,1.0,1.0,0.8666666666666667,0.8666666666666667,2.472075984819903
R2717,221.3872815995556,5,0.0080609922604204,2.748064400408333,10.335569158461947,58.65987877815546,1.0,0.6666666666666666,0.9333333333333332,0.6666666666666666,0.6666666666666666,5.056832380576807
R2821,40.56787305282998,5,0.0589211283434186,2.8018761176622258,13.57764644676256,82.35745631970453,1.0,1.0,1.0,1.0,1.0,1.0000315007406009
R1639,41.93700546714706,5,0.0223226992676794,1.8993964463772943,7.844199585368111,115.62844575768013,1.0,1.0,1.0,0.8666666666666667,0.8666666666666667,1.400171756443693
R1330,52.02689408345336,5,0.0253209878212431,2.359671575272661,8.885402690156086,58.65987877815546,1.0,1.0,1.0,1.0,1.0,1.5803499588003274
R0281,41.3933631718937,5,0.0207463192688958,1.7090551525008917,7.997160727484572,115.62844575768013,1.0,1.0,1.0,0.8666666666666667,0.8666666666666667,1.4984787885139743
R3400,60.59105653355845,1,0.0164093927171008,1.940392459422076,8.155143129690924,320.0,1.0,1.0,1.0,1.0,1.0,0.5019715177189435
R3936,55.08468755016604,3,0.0424342321658724,2.6961241507021505,13.79836038161463,58.65987877815546,1.0,1.0,1.0,1.0,1.0,0.8907311503835094
R3618,74.19659183346697,3,0.0087385648105236,1.3516478825460947,7.634500564764851,82.35745631970453,1.0,1.0,1.0,1.0,1.0,1.180451930586892
R2961,43.82583084963261,4,0.0181825567211253,2.6987053314157583,4.699479655693592,227.9230326898601,1.0,0.9333333333333332,1.0,1.0,1.0,1.6556144264768713
R0450,68.83585446198494,5,0.0153366043426372,1.408070643243568,11.93272436718454,162.34034009544706,1.0,1.0,1.0,0.8,0.8,2.339788478784937
R3511,43.30995386855808,2,0.0155570910745252,2.858507753783373,3.751430218077888,162.34034009544706,1.0,1.0,1.0,1.0,1.0,0.8126654577562998
R0548,42.29394511941961,5,0.0420143915481036,2.535450173582073,11.154274481055698,58.65987877815546,1.0,1.0,1.0,1.0,1.0,1.7836561120831458
R1553,47.58851424651147,1,0.0145914380903676,1.4584210941774507,7.577700516630626,227.9230326898601,1.0,1.0,1.0,1.0,1.0,0.708015749082106
R2950,74.08519226482983,1,0.0094032579213907,0.9788425738772666,11.327055855901625,320.0,1.0,1.0,1.0,1.0,1.0,0.4865730584431588
R1360,53.86379133013653,6,0.0184914093075189,2.2697445453951586,6.984094086762791,21.19609566078763,1.0,0.9333333333333332,1.0,0.9333333333333332,0.9333333333333332,3.1671378080194814
R3609,59.77426902681213,3,0.0053838350180415,1.510940742448076,3.3898362246232026,227.9230326898601,1.0,1.0,1.0,1.0,1.0,1.385038909920026
R1993,73.08936541101201,2,0.0268238467375402,2.0845746888044303,14.96848759116666,162.34034009544706,1.0,1.0,1.0,1.0,1.0,0.7134446162759168
R0353,51.91632609376488,3,0.0142382131355042,2.2258160017165705,5.28555154804201,227.9230326898601,1.0,1.0,1.0,1.0,1.0,1.099591386836852
R0354,44.6516004544556,4,0.0471613154982123,2.506703497602252,13.370267775353373,82.35745631970453,1.0,1.0,1.0,1.0,1.0,0.6263149780654741
R3978,44.28696725126795,3,0.0434197389633194,2.763995543087206,11.072506462914918,58.65987877815546,1.0,1.0,1.0,1.0,1.0,0.5832024217076722
R1267,65.28021577973956,2,0.0136540424482723,1.7715801151472317,8.007596196829542,162.34034009544706,1.0,1.0,1.0,1.0,1.0,0.6015731175592326
R3635,90.42466290435478,5,0.028204851979274,2.9614260794198235,13.706606923402198,82.35745631970453,1.0,1.0,1.0,0.9333333333333332,0.9333333333333332,2.694623295156094
R2793,103.71721811965944,3,0.0175077997861644,2.8114802553357268,10.279394295751317,82.35745631970453,1.0,1.0,1.0,1.0,1.0,1.1632725608648988
R0871,84.5364268402096,3,0.0201392896927596,2.543579554310708,10.652777165052363,162.34034009544706,1.0,1.0,1.0,1.0,1.0,0.9515386400088268
R2272,106.68088278365948,6,0.0206204537355405,2.7809231340884657,12.589716912736412,58.65987877815546,1.0,0.8666666666666667,1.0,0.8,0.8,2.944913692502843
R1302,118.13092415212763,4,0.0130926369216998,2.6565224571656665,9.266108174819896,58.65987877815546,1.0,1.0,1.0,1.0,1.0,2.2117350439414776
R0170,109.38595516622938,1,0.0218558663981724,2.8403966615631915,13.395863969800804,58.65987877815546,1.0,1.0,1.0,1.0,1.0,1.2986288833089443
R2051,80.69121363005512,4,0.0268783780739181,2.418487685038352,14.272680936135217,58.65987877815546,1.0,1.0,1.0,1.0,1.0,1.6269008934605222
R2175,107.49396964046346,2,0.0133670663963396,2.556438795929238,8.945506558447004,320.0,1.0,1.0,1.0,1.0,1.0,0.7255748689543388
R2885,102.00185918535954,4,0.0085556926133464,1.5469370697047968,8.978643861985054,29.758952096260835,1.0,1.0,1.0,1.0,1.0,2.45130425277207
R1931,87.46797679276393,2,0.0201034322096122,2.858015584440897,9.792077224577003,162.34034009544706,1.0,1.0,1.0,1.0,1.0,1.574160708754294
R2247,86.59080743557766,1,0.0187297405350753,2.7981025249469984,9.224865837707291,227.9230326898601,1.0,1.0,1.0,1.0,1.0,0.6819451508867023
R3191,85.07040215572826,4,0.0191101176349292,2.7499831965056827,9.40875018973987,227.9230326898601,2.0,1.0,1.0,0.6,0.6,3.4955313612861625
R0059,83.60252813263286,2,0.0230948609064413,2.286014708907316,13.442370856497924,162.34034009544706,1.0,1.0,1.0,1.0,1.0,0.5260665014361925
R1240,90.3282444251548,6,0.0211311837595429,2.2767404018067454,13.343016208073108,41.78105458855241,1.0,1.0,1.0,1.0,1.0,2.780480112196661
R3466,87.34916940044795,6,0.0177421738429353,2.1743361826017464,11.343812738810636,41.78105458855241,1.0,1.0,1.0,0.8666666666666667,0.8666666666666667,4.115957829248588
R3636,117.99504616851571,4,0.0068492497726924,0.8763824935261562,14.676862196370896,162.34034009544706,1.0,1.0,1.0,0.9333333333333332,0.9333333333333332,1.8744601493685529
R2445,86.58458678441131,2,0.0176750102174138,1.7653887121673546,13.796853360581665,162.34034009544706,1.0,1.0,1.0,1.0,1.0,0.7138724483146747
R3482,105.86979405601626,2,0.0168974738286153,2.8107004075115465,10.129766293126345,162.34034009544706,1.0,1.0,1.0,1.0,1.0,0.6512113599978131
R1065,97.55657194633612,5,0.0226316926476219,2.381376225084492,14.755899405250553,58.65987877815546,1.0,1.0,1.0,0.9333333333333332,0.9333333333333332,1.7655111417337954
R2790,94.1238624001769,4,0.011066275980979,1.5526816957904337,10.676746603610091,115.62844575768013,1.0,1.0,1.0,0.8666666666666667,0.8666666666666667,1.864379063661296
R1262,166.87784456024286,4,0.0095345447669831,2.9940239966037945,8.457918552310968,41.78105458855241,1.0,0.9333333333333332,0.9333333333333332,0.8,0.8,3.819299585832957
R1373,168.6788932823704,2,0.0071834751724674,1.5348526285359405,12.564603476489916,320.0,1.0,1.0,1.0,1.0,1.0,0.7233110311089509
R1263,151.9286901702604,4,0.0058657063220444,1.077421943852353,13.164198554923743,320.0,4.0,0.8666666666666667,0.9333333333333332,0.8,0.8,4.380195057591648
R3977,176.97263841916063,6,0.0090566619541199,1.8252316448711188,13.975791898076432,41.78105458855241,1.0,0.6666666666666666,1.0,0.6,0.6,5.391455328785734
R1442,126.96132984849552,5,0.0050609444487166,1.869567381112142,5.469933450178905,7.658973741837444,1.0,0.3333333333333333,0.6,0.5333333333333333,0.5333333333333333,9.478909141045392
R3169,134.71010274618874,3,0.01033080536766,2.9983105157168426,7.387166208808908,162.34034009544706,2.0,1.0,1.0,1.0,1.0,3.139962013759368
R3276,150.8291286710841,2,0.0069733354622243,1.1778311093318932,14.212251723203105,162.34034009544706,1.0,1.0,1.0,1.0,1.0,1.1049730299268992
R1997,175.0128262870355,1,0.0082040582199991,2.5394330893045174,8.998745499662316,82.35745631970453,1.0,1.0,1.0,1.0,1.0,1.248782382393221
R3225,139.0294976767093,5,0.0151592448523938,2.772301308477181,12.099410825122051,41.78105458855241,1.0,0.7333333333333333,1.0,0.9333333333333332,0.9333333333333332,4.0363819398680025
R3128,171.5963943997419,2,0.0103547375909668,2.2888011818868685,12.355471357670648,162.34034009544706,1.0,1.0,1.0,1.0,1.0,0.7272188646626492
R3876,170.11000378955498,6,0.0098303084263146,2.6537352369052214,10.02904404913789,320.0,7.999999999999999,0.1333333333333333,0.4,0.7333333333333333,0.4,12.701050688951746
R2540,167.63262826031024,2,0.0056263240435518,1.3268588856606738,11.313023522017543,320.0,1.0,1.0,1.0,1.0,1.0,0.827669459571208
R3593,146.5459949796338,2,0.0116956239670843,2.483147153170985,10.985378502888912,162.34034009544706,1.0,1.0,1.0,1.0,1.0,0.901994028620516
R2035,122.07423074917824,6,0.015453528555566,2.073634132428295,14.47903620473401,41.78105458855241,1.0,1.0,1.0,0.8,0.8,3.555256329808822
R2740,177.91250431652705,3,0.0069108772906008,2.243517835845424,8.722284731810884,115.62844575768013,1.0,1.0,1.0,0.9333333333333332,0.9333333333333332,2.045207629429486
R1790,148.2539233813156,3,0.0096295856962694,1.893442112148351,12.000017995717332,162.34034009544706,1.0,1.0,1.0,1.0,1.0,1.2379223979329013
R0425,136.91888789279,2,0.0110174360200772,2.4552216716184696,9.778524381271234,162.34034009544706,1.0,1.0,1.0,1.0,1.0,1.040795191552485
R3803,157.78555579409013,6,0.0079266794639,2.6077076357821487,7.633430812732597,58.65987877815546,1.0,0.6666666666666666,1.0,0.7333333333333333,0.7333333333333333,6.663907600083108
R2311,120.74389092740564,3,0.0131136376198002,2.1049857447939355,11.971796267789538,82.35745631970453,1.0,1.0,1.0,1.0,1.0,1.751657879863331
R0552,122.18585404912292,1,0.0102374690991476,2.9326876920160387,6.788406612002357,227.9230326898601,1.0,1.0,1.0,1.0,1.0,0.7299291916801722
R2324,267.10535705835616,4,0.0072842372700387,2.6400516801766,11.729361869081998,82.35745631970453,1.0,0.8666666666666667,1.0,0.8,0.8,5.3996678562109945
R1230,184.39837870458052,2,0.007782327508489,2.2127014615986305,10.322001330503731,320.0,1.0,1.0,1.0,1.0,1.0,0.9399637344003609
R1791,230.1829592216128,1,0.0092664647210116,2.886338957959819,11.76142777762311,82.35745631970453,1.0,1.0,1.0,1.0,1.0,1.2660277079628874
R3123,286.4148153875832,1,0.0076640768273618,2.6685560161841084,13.09179320390948,115.62844575768013,1.0,1.0,1.0,1.0,1.0,1.0223109791630085
R3565,201.6335802772524,6,0.0074720370472248,2.30258470167317,10.413731955137806,82.35745631970453,7.999999999999999,0.5333333333333333,0.7333333333333333,0.3333333333333333,0.3333333333333333,12.7269398060127
R3812,287.230713698936,6,0.0090635080809375,2.8719671258883928,14.426728901136894,29.758952096260835,1.0,0.8666666666666667,0.9333333333333332,0.8666666666666667,0.8666666666666667,5.619861849146444
R0481,183.99120909588603,6,0.0058682804202714,1.3432782721422347,12.792695828213189,21.19609566078763,1.0,0.6666666666666666,0.9333333333333332,0.6,0.6,8.37206561357168
R3922,211.17001771912368,3,0.0082136488688568,2.0840579545279807,13.24581634132494,58.65987877815546,1.0,1.0,1.0,1.0,1.0,2.3859592325550736
R3605,180.52804736888885,5,0.0053021009995235,1.9094165380494488,7.978332521842735,82.35745631970453,1.0,0.8666666666666667,1.0,0.8,0.8,4.81930018651079
R3662,198.8031925086402,3,0.0099907970208469,2.4409337130566007,12.950532792017457,115.62844575768013,1.0,1.0,1.0,1.0,1.0,1.4285695203425977
R1349,185.31849884943287,3,0.0117754045146229,2.969230225296388,11.696902439293224,82.35745631970453,1.0,0.9333333333333332,1.0,1.0,1.0,2.88828665615666
R1880,201.91992770881248,5,0.0060210072952518,1.6799289840679634,11.518012460507745,10.753066807087182,1.0,0.7333333333333333,0.9333333333333332,0.7333333333333333,0.7333333333333333,5.808190081421284
R2484,188.36086850915748,3,0.0082256861458646,2.2232486591929703,11.091618198373077,41.78105458855241,1.0,1.0,1.0,0.8666666666666667,0.8666666666666667,3.4634755077617814
R3175,259.66318007773526,5,0.005259100809688,2.3756186572705285,9.148823969537226,15.097120013097204,2.0,0.3333333333333333,0.6666666666666666,0.4666666666666667,0.4666666666666667,12.764369352147126
R0493,227.3567266306149,2,0.0076968084533123,2.921509126381852,9.533039023521384,320.0,1.0,1.0,1.0,0.9333333333333332,0.9333333333333332,1.948883565801864
R0147,227.142254739708,5,0.0096832341368986,2.510325554674957,13.944676707495594,29.758952096260835,1.0,1.0,0.9333333333333332,0.5333333333333333,0.5333333333333333,4.427552248021072
R2495,183.00098863690965,5,0.0076818515407207,1.98050748398907,11.296996376935043,21.19609566078763,1.0,1.0,0.9333333333333332,0.6666666666666666,0.6666666666666666,5.178948464167868
R0920,210.09147898228,3,0.0051966792101785,1.1874896777044197,14.632705620410038,58.65987877815546,1.0,1.0,1.0,1.0,1.0,2.4981005669242125
R2301,251.18566967688471,5,0.0066791943567459,2.37638570742466,11.236269316149045,41.78105458855241,1.0,0.7333333333333333,0.8666666666666667,0.6666666666666666,0.6666666666666666,5.618986657883565
R1740,271.3072249138236,1,0.005328240593342,2.2531811619915425,10.21102186414733,320.0,1.0,1.0,1.0,1.0,1.0,0.7751049495803858
R3453,447.79641831915626,5,0.0056900970559468,2.8805288390319586,14.078234463601536,21.19609566078763,1.0,0.7333333333333333,0.7333333333333333,0.6666666666666666,0.6666666666666666,8.576375471346303
R2863,302.34033812435297,5,0.0057339674229296,2.605478183732884,10.58970851581999,227.9230326898601,7.999999999999999,0.2666666666666666,0.4666666666666667,0.4666666666666667,0.4666666666666667,12.759526842934138
R2346,302.3159904600302,6,0.0076163256438729,2.821125203129188,12.98985772345528,41.78105458855241,1.0,0.7333333333333333,0.8666666666666667,0.8,0.8,5.486654587028008
R0672,313.2400413119057,1,0.0056712015168058,2.8276006004693657,9.998950502202709,115.62844575768013,1.0,1.0,1.0,1.0,1.0,1.1691908594712257
R3292,367.4609857028848,4,0.0059288385335871,2.952797705163498,11.742681878718438,10.753066807087182,1.0,0.5333333333333333,0.8666666666666667,0.6,0.6,9.566529819571974
R0985,480.374888739972,1,0.0054348895543669,2.8444185957568457,14.608231487834708,320.0,1.0,1.0,1.0,1.0,1.0,0.6738729694559521
R3689,326.1108282849614,3,0.0060901706909638,2.1204378775547417,14.906966056709084,227.9230326898601,4.0,1.0,1.0,0.9333333333333332,0.9333333333333332,3.453124672878057
R2755,370.4826539315856,4,0.0063849149419154,2.97880841781523,12.638646133966237,58.65987877815546,1.0,0.7333333333333333,1.0,0.8666666666666667,0.8666666666666667,4.7209449425661925
R2970,415.2198257110671,5,0.0058208188771235,2.958698811366854,13.001143206329546,82.35745631970453,2.0,0.7333333333333333,0.9333333333333332,0.6,0.6,7.027050578591616
R0006,388.07243430095633,3,0.0053773044473109,2.5053829398584093,13.2563339556561,162.34034009544706,1.0,0.8,0.9333333333333332,0.8,0.8,3.890629355170694
R2094,333.7034774676473,3,0.0062847056521308,2.936644531417879,11.366177290621902,58.65987877815546,1.0,0.8,0.9333333333333332,0.8666666666666667,0.8666666666666667,4.088815462037214
R1572,458.686310911028,3,0.0050050223298891,2.619554352869306,13.948082781699387,320.0,4.0,1.0,0.8666666666666667,0.8,0.8,5.620332778210502
