cell_id,regime_label,regime_code,robustness,p_unstable,servo_slew_deg_s,max_gimbal_deg,u_max_frac,Kp,Kd,max_ang_accel_deg_s2,rise_time_s,settling_time_s,overshoot_pct,peak_att_rate_deg_s,control_effort_usage,actuator_sat_frac,slew_sat_frac,success_like_rate,rms_err_deg,peak_err_deg,end_err_deg,n_trials,rise_reached_frac,settled_frac,bounded_window_s,boundary_slew_deg_s,slew_margin_to_boundary,agility_index
1,FRAGILE,1,1,0,20,8,0.533333333333333,10,16,121.005172506055,1.155,NaN,124.956711112769,41.3331349247102,0.731894315025834,0.512974051896208,0.999,0,17.9882754283564,25.5051347520608,15.6008385343764,2,1,0,2.145,90,-70,-2.19688891631958
2,FRAGILE,1,1,0,20,10,0.666666666666667,10,16,121.005172506055,1.155,NaN,124.956711112769,41.3331349247102,0.680202080165953,0.43812375249501,0.999,0,17.9882754283564,25.5051347520608,15.6008385343764,2,1,0,2.145,60,-40,-2.19688891631958
3,FRAGILE,1,1,0,20,12,0.8,10,16,121.005172506055,1.155,NaN,124.956711112769,41.3331349247102,0.631181284019196,0.342315369261477,0.999,0,17.9882754283564,25.5051347520608,15.6008385343764,2,1,0,2.145,60,-40,-2.19688891631958
4,FRAGILE,1,1,0,20,15,1,10,16,121.005172506055,1.155,NaN,124.956711112769,41.3331349247102,0.550786527265848,0.168662674650699,0.999,0,17.9882754283564,25.5051347520608,15.6008385343764,2,1,0,2.145,60,-40,-2.19688891631958
5,INFEASIBLE,0,0,0,30,8,0.533333333333333,10,24,152.239202627324,1.245,NaN,38.0368184363715,42.0498318942276,0.860132361524952,0.718562874251497,0.999,0,18.6702160833699,30.4744959772393,22.1264635341642,2,1,0,2.25,90,-60,1.56929179354998
6,INFEASIBLE,0,0,0,30,10,0.666666666666667,10,24,152.239202627324,1.245,NaN,38.0368184363715,42.0498318942276,0.819624202063776,0.607784431137725,0.999,0,18.6702160833699,30.4744959772393,22.1264635341642,2,1,0,2.25,60,-30,1.56929179354998
7,INFEASIBLE,0,0,0,30,12,0.8,10,24,152.239202627324,1.245,NaN,38.0368184363715,42.0498318942276,0.771243231640875,0.464071856287425,0.999,0,18.6702160833699,30.4744959772393,22.1264635341642,2,1,0,2.25,60,-30,1.56929179354998
8,INFEASIBLE,0,0,0,30,15,1,10,24,152.239202627324,1.245,NaN,38.0368184363715,42.0498318942276,0.694170729063892,0.352295409181637,0.999,0,18.6702160833699,30.4744959772393,22.1264635341642,2,1,0,2.25,60,-30,1.56929179354998
9,FRAGILE,1,1,0,45,8,0.533333333333333,10,24,173.228552577049,1.3125,NaN,12.1040158258699,43.5556708844113,0.819949635403209,0.630738522954092,1,0,15.0647962005387,25.9783008824296,25.9783008824296,2,1,0,2.4675,90,-45,5.08083788923403
10,FRAGILE,1,1,0,45,10,0.666666666666667,10,24,173.228552577049,1.3125,NaN,12.1040158258699,43.5556708844113,0.773192132033061,0.541916167664671,1,0,15.0647962005387,25.9783008824296,25.9783008824296,2,1,0,2.4675,60,-15,5.08083788923403
11,FRAGILE,1,1,0,45,12,0.8,10,24,173.228552577049,1.3125,NaN,12.1040158258699,43.5556708844113,0.729700033857046,0.484031936127745,1,0,15.0647962005387,25.9783008824296,25.9783008824296,2,1,0,2.4675,60,-15,5.08083788923403
12,FRAGILE,1,1,0,45,15,1,10,24,173.228552577049,1.3125,NaN,12.1040158258699,43.5556708844113,0.669425727217375,0.368263473053892,1,0,15.0647962005387,25.9783008824296,25.9783008824296,2,1,0,2.4675,60,-15,5.08083788923403
13,FRAGILE,1,1,0,60,8,0.533333333333333,10,24,206.912823738356,2.415,NaN,20.5359567867353,55.2250689475636,0.794536821255636,0.603792415169661,0.998,0,15.1632230058235,22.3429187105157,4.90279551082122,2,1,0,2.5,90,-30,1.7095870860352
14,EASY,2,1,0,60,10,0.666666666666667,10,24,206.912823738356,2.415,NaN,20.5359567867353,55.2250689475636,0.745668332193477,0.499001996007984,0.998,0,15.1632230058235,22.3429187105157,4.90279551082122,2,1,0,2.5,60,0,1.7095870860352
15,EASY,2,1,0,60,12,0.8,10,24,206.912823738356,2.415,NaN,20.5359567867353,55.2250689475636,0.697732732242464,0.424151696606786,0.998,0,15.1632230058235,22.3429187105157,4.90279551082122,2,1,0,2.5,60,0,1.7095870860352
16,EASY,2,1,0,60,15,1,10,24,206.912823738356,2.415,NaN,20.5359567867353,55.2250689475636,0.631119405376174,0.315369261477046,0.998,0,15.1632230058235,22.3429187105157,4.90279551082122,2,1,0,2.5,60,0,1.7095870860352
17,FRAGILE,1,1,0,75,8,0.533333333333333,10,16,253.108614877741,2.2775,NaN,58.9959631867292,69.920488921864,0.80968085524852,0.598802395209581,1,0,14.8799987601803,23.3246437991906,11.7991926373458,2,1,0,2.5,90,-15,-0.966883929172495
18,EASY,2,1,0,75,10,0.666666666666667,10,16,253.108614877741,2.2775,NaN,58.9959631867292,69.920488921864,0.752982324505208,0.44810379241517,1,0,14.8799987601803,23.3246437991906,11.7991926373458,2,1,0,2.5,60,15,-0.966883929172495
19,EASY,2,1,0,75,12,0.8,10,16,253.108614877741,2.2775,NaN,58.9959631867292,69.920488921864,0.695392544442747,0.38622754491018,1,0,14.8799987601803,23.3246437991906,11.7991926373458,2,1,0,2.5,60,15,-0.966883929172495
20,EASY,2,1,0,75,15,1,10,16,253.108614877741,2.2775,NaN,58.9959631867292,69.920488921864,0.623928664090664,0.287425149700599,1,0,14.8799987601803,23.3246437991906,11.7991926373458,2,1,0,2.5,60,15,-0.966883929172495
21,EASY,2,1,0,90,8,0.533333333333333,10,16,260.652542309465,1.065,NaN,3.66357749297804,62.4511782630478,0.735911174840155,0.480039920159681,0.997,0,14.0770910775206,22.2058842824407,1.78375270272736,2,0.5,0,2.5,90,0,9.4878243771928
22,EASY,2,1,0,90,10,0.666666666666667,10,16,260.652542309465,1.065,NaN,3.66357749297804,62.4511782630478,0.667275046288589,0.345309381237525,0.997,0,14.0770910775206,22.2058842824407,1.78375270272736,2,0.5,0,2.5,60,30,9.4878243771928
23,EASY,2,1,0,90,12,0.8,10,16,260.652542309465,1.065,NaN,3.66357749297804,62.4511782630478,0.603987731063551,0.227544910179641,0.997,0,14.0770910775206,22.2058842824407,1.78375270272736,2,0.5,0,2.5,60,30,9.4878243771928
24,EASY,2,1,0,90,15,1,10,16,260.652542309465,1.065,NaN,3.66357749297804,62.4511782630478,0.518592196759062,0.154690618762475,0.997,0,14.0770910775206,22.2058842824407,1.78375270272736,2,0.5,0,2.5,60,30,9.4878243771928
25,INFEASIBLE,0,0,1,20,8,0.533333333333333,10,8,103.107666961859,1.2425,NaN,149.390073429168,56.2758345617703,0.679586973082645,0.482035928143713,1,0,27.5890086187307,62.8508885296365,62.8508885296365,2,1,0,1.855,90,-70,-2.85107678148839
26,INFEASIBLE,0,0,1,20,10,0.666666666666667,10,8,103.107666961859,1.2425,NaN,149.390073429168,56.2758345617703,0.635214160839731,0.436127744510978,1,0,27.5890086187307,62.8508885296365,62.8508885296365,2,1,0,1.855,90,-70,-2.85107678148839
27,INFEASIBLE,0,0,1,20,12,0.8,10,8,103.107666961859,1.2425,NaN,149.390073429168,56.2758345617703,0.597556749551512,0.389221556886228,1,0,27.5890086187307,62.8508885296365,62.8508885296365,2,1,0,1.855,90,-70,-2.85107678148839
28,INFEASIBLE,0,0,1,20,15,1,10,8,103.107666961859,1.2425,NaN,149.390073429168,56.2758345617703,0.54667585969637,0.30439121756487,1,0,27.5890086187307,62.8508885296365,62.8508885296365,2,1,0,1.855,90,-70,-2.85107678148839
29,FRAGILE,1,0.333333333333333,1,30,8,0.533333333333333,10,8,148.985175738987,1.44,NaN,149.293276595319,82.8752287145237,0.787182858849753,0.470059880239521,0.999,0,33.7661154355549,81.3504325132143,81.3504325132143,2,1,0,1.8575,90,-60,-2.7127009415603
30,FRAGILE,1,0.333333333333333,1,30,10,0.666666666666667,10,8,148.985175738987,1.44,NaN,149.293276595319,82.8752287145237,0.720503448025623,0.441117764471058,0.999,0,33.7661154355549,81.3504325132143,81.3504325132143,2,1,0,1.8575,90,-60,-2.7127009415603
31,FRAGILE,1,0.333333333333333,1,30,12,0.8,10,8,148.985175738987,1.44,NaN,149.293276595319,82.8752287145237,0.671093302711095,0.411177644710579,0.999,0,33.7661154355549,81.3504325132143,81.3504325132143,2,1,0,1.8575,90,-60,-2.7127009415603
32,FRAGILE,1,0.333333333333333,1,30,15,1,10,8,148.985175738987,1.44,NaN,149.293276595319,82.8752287145237,0.614075035549756,0.363273453093812,0.999,0,33.7661154355549,81.3504325132143,81.3504325132143,2,1,0,1.8575,90,-60,-2.7127009415603
33,INFEASIBLE,0,0.333333333333333,1,45,8,0.533333333333333,10,24,170.730451489987,1.3275,NaN,23.9390220478416,47.4838075836181,0.819447010364634,0.631736526946108,0.998,0,14.2448978956229,24.7438912604409,23.3136962081733,2,1,0,2.4975,90,-45,3.00722403088908
34,INFEASIBLE,0,0.333333333333333,1,45,10,0.666666666666667,10,24,170.730451489987,1.3275,NaN,23.9390220478416,47.4838075836181,0.772223622266021,0.545908183632735,0.998,0,14.2448978956229,24.7438912604409,23.3136962081733,2,1,0,2.4975,90,-45,3.00722403088908
35,INFEASIBLE,0,0.333333333333333,1,45,12,0.8,10,24,170.730451489987,1.3275,NaN,23.9390220478416,47.4838075836181,0.727264964936327,0.478043912175649,0.998,0,14.2448978956229,24.7438912604409,23.3136962081733,2,1,0,2.4975,90,-45,3.00722403088908
36,INFEASIBLE,0,0.333333333333333,1,45,15,1,10,24,170.730451489987,1.3275,NaN,23.9390220478416,47.4838075836181,0.668226997061621,0.384231536926148,0.998,0,14.2448978956229,24.7438912604409,23.3136962081733,2,1,0,2.4975,90,-45,3.00722403088908
37,FRAGILE,1,1,1,60,8,0.533333333333333,10,24,207.473900078968,2.48,NaN,0,61.3929344253275,0.794231082239713,0.608782435129741,0.998,0,15.7223760922164,23.6060298836222,2.98460942554601,2,0.5,0,2.5,90,-30,11.5675032594997
38,FRAGILE,1,1,1,60,10,0.666666666666667,10,24,207.473900078968,2.48,NaN,0,61.3929344253275,0.747497070530593,0.510978043912176,0.998,0,15.7223760922164,23.6060298836222,2.98460942554601,2,0.5,0,2.5,90,-30,11.5675032594997
39,FRAGILE,1,1,1,60,12,0.8,10,24,207.473900078968,2.48,NaN,0,61.3929344253275,0.700511814051192,0.439121756487026,0.998,0,15.7223760922164,23.6060298836222,2.98460942554601,2,0.5,0,2.5,90,-30,11.5675032594997
40,FRAGILE,1,1,1,60,15,1,10,24,207.473900078968,2.48,NaN,0,61.3929344253275,0.634828630911952,0.30439121756487,0.998,0,15.7223760922164,23.6060298836222,2.98460942554601,2,0.5,0,2.5,90,-30,11.5675032594997
41,FRAGILE,1,0.666666666666667,1,75,8,0.533333333333333,10,16,251.03234614897,0.9075,NaN,46.8225207328718,76.1312432876266,0.810037172359121,0.602794411177645,0.998,0,15.3855271663435,25.0244791495583,10.7075241653968,2,1,0,2.5,90,-15,2.37268946780524
42,FRAGILE,1,0.666666666666667,1,75,10,0.666666666666667,10,16,251.03234614897,0.9075,NaN,46.8225207328718,76.1312432876266,0.754940303370038,0.466067864271457,0.998,0,15.3855271663435,25.0244791495583,10.7075241653968,2,1,0,2.5,90,-15,2.37268946780524
43,FRAGILE,1,0.666666666666667,1,75,12,0.8,10,16,251.03234614897,0.9075,NaN,46.8225207328718,76.1312432876266,0.696261253870652,0.37624750499002,0.998,0,15.3855271663435,25.0244791495583,10.7075241653968,2,1,0,2.5,90,-15,2.37268946780524
44,FRAGILE,1,0.666666666666667,1,75,15,1,10,16,251.03234614897,0.9075,NaN,46.8225207328718,76.1312432876266,0.623542289253183,0.289421157684631,0.998,0,15.3855271663435,25.0244791495583,10.7075241653968,2,1,0,2.5,90,-15,2.37268946780524
45,EASY,2,1,1,90,8,0.533333333333333,10,16,272.473519144405,1.225,NaN,8.81359986405864,55.321259461227,0.744595623815589,0.496007984031936,0.996,0,15.0010398704873,24.1309081927283,13.249446748093,2,1,0,2.5,90,0,6.7652069145843
46,EASY,2,1,1,90,10,0.666666666666667,10,16,272.473519144405,1.225,NaN,8.81359986405864,55.321259461227,0.680392812893807,0.358283433133733,0.996,0,15.0010398704873,24.1309081927283,13.249446748093,2,1,0,2.5,90,0,6.7652069145843
47,EASY,2,1,1,90,12,0.8,10,16,272.473519144405,1.225,NaN,8.81359986405864,55.321259461227,0.618782171226736,0.274451097804391,0.996,0,15.0010398704873,24.1309081927283,13.249446748093,2,1,0,2.5,90,0,6.7652069145843
48,EASY,2,1,1,90,15,1,10,16,272.473519144405,1.225,NaN,8.81359986405864,55.321259461227,0.534292063429768,0.130738522954092,0.996,0,15.0010398704873,24.1309081927283,13.249446748093,2,1,0,2.5,90,0,6.7652069145843
49,INFEASIBLE,0,0,2,20,8,0.533333333333333,10,16,111.812277769809,0.9925,NaN,149.553197160705,85.5848893188301,0.820396225878918,0.703592814371258,0.998,0,66.3629145151407,90,90,2,1,0,1.5175,NaN,NaN,-2.02797578106672
50,INFEASIBLE,0,0,2,20,10,0.666666666666667,10,16,111.812277769809,0.9925,NaN,149.553197160705,85.5848893188301,0.793623082839812,0.671656686626746,0.998,0,66.3629145151407,90,90,2,1,0,1.5175,NaN,NaN,-2.02797578106672
51,INFEASIBLE,0,0,2,20,12,0.8,10,16,111.812277769809,0.9925,NaN,149.553197160705,85.5848893188301,0.770802461342029,0.643712574850299,0.998,0,66.3629145151407,90,90,2,1,0,1.5175,NaN,NaN,-2.02797578106672
52,INFEASIBLE,0,0,2,20,15,1,10,16,111.812277769809,0.9925,NaN,149.553197160705,85.5848893188301,0.740720944198251,0.600798403193613,0.998,0,66.3629145151407,90,90,2,1,0,1.5175,NaN,NaN,-2.02797578106672
53,INFEASIBLE,0,0,2,30,8,0.533333333333333,45,24,193.033010597439,1.04,NaN,148.762146146084,127.681349768261,0.968343893028941,0.937125748502994,1,0,78.1036786378172,90,90,2,1,0,1.3525,NaN,NaN,-1.26219936905144
54,INFEASIBLE,0,0,2,30,10,0.666666666666667,45,24,193.033010597439,1.04,NaN,148.762146146084,127.681349768261,0.960160726353301,0.919161676646707,1,0,78.1036786378172,90,90,2,1,0,1.3525,NaN,NaN,-1.26219936905144
55,INFEASIBLE,0,0,2,30,12,0.8,45,24,193.033010597439,1.04,NaN,148.762146146084,127.681349768261,0.951796840842515,0.903193612774451,1,0,78.1036786378172,90,90,2,1,0,1.3525,NaN,NaN,-1.26219936905144
56,INFEASIBLE,0,0,2,30,15,1,45,24,193.033010597439,1.04,NaN,148.762146146084,127.681349768261,0.938722945583488,0.875249500998004,1,0,78.1036786378172,90,90,2,1,0,1.3525,NaN,NaN,-1.26219936905144
57,FRAGILE,1,0.666666666666667,2,45,8,0.533333333333333,60,8,163.096068320287,0.49,NaN,73.8951023957397,85.8808606034239,0.977729922634086,0.956087824351297,1,0,90,90,90,2,0.5,0,0.6475,NaN,NaN,1.40138240999043
58,FRAGILE,1,0.666666666666667,2,45,10,0.666666666666667,60,8,163.096068320287,0.49,NaN,73.8951023957397,85.8808606034239,0.972073421411242,0.945109780439122,1,0,90,90,90,2,0.5,0,0.6475,NaN,NaN,1.40138240999043
59,FRAGILE,1,0.666666666666667,2,45,12,0.8,60,8,163.096068320287,0.49,NaN,73.8951023957397,85.8808606034239,0.966166619535219,0.931137724550898,1,0,90,90,90,2,0.5,0,0.6475,NaN,NaN,1.40138240999043
60,FRAGILE,1,0.666666666666667,2,45,15,1,60,8,163.096068320287,0.49,NaN,73.8951023957397,85.8808606034239,0.957173442821563,0.913173652694611,1,0,90,90,90,2,0.5,0,0.6475,NaN,NaN,1.40138240999043
61,INFEASIBLE,0,0.666666666666667,2,60,8,0.533333333333333,45,4,274.412908696384,0.4425,NaN,149.290187614405,151.214351792782,0.963562827926604,0.925149700598802,1,0,90,90,90,2,1,0,0.71,NaN,NaN,0.472669809579448
62,INFEASIBLE,0,0.666666666666667,2,60,10,0.666666666666667,45,4,274.412908696384,0.4425,NaN,149.290187614405,151.214351792782,0.953830447108769,0.905189620758483,1,0,90,90,90,2,1,0,0.71,NaN,NaN,0.472669809579448
63,INFEASIBLE,0,0.666666666666667,2,60,12,0.8,45,4,274.412908696384,0.4425,NaN,149.290187614405,151.214351792782,0.943795006844331,0.884231536926148,1,0,90,90,90,2,1,0,0.71,NaN,NaN,0.472669809579448
64,INFEASIBLE,0,0.666666666666667,2,60,15,1,45,4,274.412908696384,0.4425,NaN,149.290187614405,151.214351792782,0.927689840325935,0.845309381237525,1,0,90,90,90,2,1,0,0.71,NaN,NaN,0.472669809579448
65,INFEASIBLE,0,0,2,75,8,0.533333333333333,10,24,224.822423950369,2.315,NaN,58.6000863411433,74.3672155468877,0.843799244952365,0.698602794411178,1,0,15.3091299996375,24.0874034077577,11.7200172682287,2,1,0,2.5,NaN,NaN,-1.09747291551424
66,INFEASIBLE,0,0,2,75,10,0.666666666666667,10,24,224.822423950369,2.315,NaN,58.6000863411433,74.3672155468877,0.805757757418445,0.615768463073852,1,0,15.3091299996375,24.0874034077577,11.7200172682287,2,1,0,2.5,NaN,NaN,-1.09747291551424
67,INFEASIBLE,0,0,2,75,12,0.8,10,24,224.822423950369,2.315,NaN,58.6000863411433,74.3672155468877,0.764557575425209,0.51497005988024,1,0,15.3091299996375,24.0874034077577,11.7200172682287,2,1,0,2.5,NaN,NaN,-1.09747291551424
68,INFEASIBLE,0,0,2,75,15,1,10,24,224.822423950369,2.315,NaN,58.6000863411433,74.3672155468877,0.701551181213411,0.405189620758483,1,0,15.3091299996375,24.0874034077577,11.7200172682287,2,1,0,2.5,NaN,NaN,-1.09747291551424
69,FRAGILE,1,1,2,90,8,0.533333333333333,10,16,258.991828150213,1.2325,NaN,68.2211424642316,75.0115068777652,0.796120493533373,0.580838323353293,0.997,0,15.574176173135,34.6607569612042,31.4082132332486,2,1,0,2.3775,NaN,NaN,0.598841879183147
70,FRAGILE,1,1,2,90,10,0.666666666666667,10,16,258.991828150213,1.2325,NaN,68.2211424642316,75.0115068777652,0.743077598981594,0.5,0.997,0,15.574176173135,34.6607569612042,31.4082132332486,2,1,0,2.3775,NaN,NaN,0.598841879183147
71,FRAGILE,1,1,2,90,12,0.8,10,16,258.991828150213,1.2325,NaN,68.2211424642316,75.0115068777652,0.69757486741207,0.445109780439122,0.997,0,15.574176173135,34.6607569612042,31.4082132332486,2,1,0,2.3775,NaN,NaN,0.598841879183147
72,FRAGILE,1,1,2,90,15,1,10,16,258.991828150213,1.2325,NaN,68.2211424642316,75.0115068777652,0.635064512185165,0.31936127744511,0.997,0,15.574176173135,34.6607569612042,31.4082132332486,2,1,0,2.3775,NaN,NaN,0.598841879183147
73,INFEASIBLE,0,0,3,20,8,0.533333333333333,10,24,309.732340004873,0.9875,NaN,147.681493737656,127.802356644588,0.93573791943572,0.828343313373253,1,0,90,90,90,2,1,0,1.4025,NaN,NaN,-0.599730997395196
74,INFEASIBLE,0,0,3,20,10,0.666666666666667,10,24,309.732340004873,0.9875,NaN,147.681493737656,127.802356644588,0.904390228504357,0.730538922155689,1,0,90,90,90,2,1,0,1.4025,NaN,NaN,-0.599730997395196
75,INFEASIBLE,0,0,3,20,12,0.8,10,24,309.732340004873,0.9875,NaN,147.681493737656,127.802356644588,0.873254387199553,0.705588822355289,1,0,90,90,90,2,1,0,1.4025,NaN,NaN,-0.599730997395196
76,INFEASIBLE,0,0,3,20,15,1,10,24,309.732340004873,0.9875,NaN,147.681493737656,127.802356644588,0.836244341702558,0.676646706586826,1,0,90,90,90,2,1,0,1.4025,NaN,NaN,-0.599730997395196
77,INFEASIBLE,0,0,3,30,8,0.533333333333333,45,24,408.797637009078,0.8975,NaN,148.264654340778,159.564346838912,0.969156800730381,0.936127744510978,1,0,90,90,90,2,1,0,1.17,NaN,NaN,0.361591970485559
78,INFEASIBLE,0,0,3,30,10,0.666666666666667,45,24,408.797637009078,0.8975,NaN,148.264654340778,159.564346838912,0.96043914266873,0.918163672654691,1,0,90,90,90,2,1,0,1.17,NaN,NaN,0.361591970485559
79,INFEASIBLE,0,0,3,30,12,0.8,45,24,408.797637009078,0.8975,NaN,148.264654340778,159.564346838912,0.951608667531594,0.900199600798403,1,0,90,90,90,2,1,0,1.17,NaN,NaN,0.361591970485559
80,INFEASIBLE,0,0,3,30,15,1,45,24,408.797637009078,0.8975,NaN,148.264654340778,159.564346838912,0.937392849020046,0.862275449101796,1,0,90,90,90,2,1,0,1.17,NaN,NaN,0.361591970485559
81,INFEASIBLE,0,0,3,45,8,0.533333333333333,30,24,369.675441320704,0.9425,NaN,146.935451509236,156.808529578046,0.958769596711972,0.914171656686627,1,0,90,90,90,2,1,0,1.2175,NaN,NaN,0.0954821012053329
82,INFEASIBLE,0,0,3,45,10,0.666666666666667,30,24,369.675441320704,0.9425,NaN,146.935451509236,156.808529578046,0.948577857913805,0.901197604790419,1,0,90,90,90,2,1,0,1.2175,NaN,NaN,0.0954821012053329
83,INFEASIBLE,0,0,3,45,12,0.8,30,24,369.675441320704,0.9425,NaN,146.935451509236,156.808529578046,0.939297657763647,0.888223552894212,1,0,90,90,90,2,1,0,1.2175,NaN,NaN,0.0954821012053329
84,INFEASIBLE,0,0,3,45,15,1,30,24,369.675441320704,0.9425,NaN,146.935451509236,156.808529578046,0.926958633541525,0.868263473053892,1,0,90,90,90,2,1,0,1.2175,NaN,NaN,0.0954821012053329
85,INFEASIBLE,0,0,3,60,8,0.533333333333333,20,4,392.381893467975,0.4725,NaN,147.317122038721,164.471390055533,0.911067687934736,0.802395209580838,1,0,90,90,90,2,1,0,0.7275,NaN,NaN,1.15072664250588
86,INFEASIBLE,0,0,3,60,10,0.666666666666667,20,4,392.381893467975,0.4725,NaN,147.317122038721,164.471390055533,0.887880920695746,0.789421157684631,1,0,90,90,90,2,1,0,0.7275,NaN,NaN,1.15072664250588
87,INFEASIBLE,0,0,3,60,12,0.8,20,4,392.381893467975,0.4725,NaN,147.317122038721,164.471390055533,0.870483596486562,0.777445109780439,1,0,90,90,90,2,1,0,0.7275,NaN,NaN,1.15072664250588
88,INFEASIBLE,0,0,3,60,15,1,20,4,392.381893467975,0.4725,NaN,147.317122038721,164.471390055533,0.850285063551576,0.7624750499002,1,0,90,90,90,2,1,0,0.7275,NaN,NaN,1.15072664250588
89,INFEASIBLE,0,0,3,75,8,0.533333333333333,60,12,423.444033638398,0.545,NaN,149.638581229427,176.389083119391,0.977233465679285,0.953093812375249,1,0,90,90,90,2,1,0,0.785,NaN,NaN,1.24003824310503
90,INFEASIBLE,0,0,3,75,10,0.666666666666667,60,12,423.444033638398,0.545,NaN,149.638581229427,176.389083119391,0.9714284808486,0.94311377245509,1,0,90,90,90,2,1,0,0.785,NaN,NaN,1.24003824310503
91,INFEASIBLE,0,0,3,75,12,0.8,60,12,423.444033638398,0.545,NaN,149.638581229427,176.389083119391,0.965204363936871,0.92814371257485,1,0,90,90,90,2,1,0,0.785,NaN,NaN,1.24003824310503
92,INFEASIBLE,0,0,3,75,15,1,60,12,423.444033638398,0.545,NaN,149.638581229427,176.389083119391,0.955523369256115,0.907185628742515,1,0,90,90,90,2,1,0,0.785,NaN,NaN,1.24003824310503
93,FRAGILE,1,0.666666666666667,3,90,8,0.533333333333333,10,4,325.710896940876,0.64,NaN,147.501046785502,158.424237111599,0.853713194696255,0.738522954091816,0.998,0,90,90,90,2,1,0,0.895,NaN,NaN,0.460252645404713
94,FRAGILE,1,0.666666666666667,3,90,10,0.666666666666667,10,4,325.710896940876,0.64,NaN,147.501046785502,158.424237111599,0.828728728642943,0.720558882235529,0.998,0,90,90,90,2,1,0,0.895,NaN,NaN,0.460252645404713
95,FRAGILE,1,0.666666666666667,3,90,12,0.8,10,4,325.710896940876,0.64,NaN,147.501046785502,158.424237111599,0.809045474751235,0.702594810379242,0.998,0,90,90,90,2,1,0,0.895,NaN,NaN,0.460252645404713
96,FRAGILE,1,0.666666666666667,3,90,15,1,10,4,325.710896940876,0.64,NaN,147.501046785502,158.424237111599,0.785211209353321,0.678642714570858,0.998,0,90,90,90,2,1,0,0.895,NaN,NaN,0.460252645404713
97,INFEASIBLE,0,0,4,20,8,0.533333333333333,10,4,370.845124292316,0.4,NaN,74.1931050077995,105.490022398872,0.932543022971653,0.87624750499002,1,0,90,90,90,2,0.5,0,0.4675,NaN,NaN,2.7323458750111
98,INFEASIBLE,0,0,4,20,10,0.666666666666667,10,4,370.845124292316,0.4,NaN,74.1931050077995,105.490022398872,0.916671109261895,0.838323353293413,1,0,90,90,90,2,0.5,0,0.4675,NaN,NaN,2.7323458750111
99,INFEASIBLE,0,0,4,20,12,0.8,10,4,370.845124292316,0.4,NaN,74.1931050077995,105.490022398872,0.900914180728583,0.810379241516966,1,0,90,90,90,2,0.5,0,0.4675,NaN,NaN,2.7323458750111
100,INFEASIBLE,0,0,4,20,15,1,10,4,370.845124292316,0.4,NaN,74.1931050077995,105.490022398872,0.879499242905776,0.781437125748503,1,0,90,90,90,2,0.5,0,0.4675,NaN,NaN,2.7323458750111
101,INFEASIBLE,0,0,4,30,8,0.533333333333333,10,4,725.033088822858,0.79,NaN,146.633245657244,201.89384412827,0.820499285434005,0.677644710578842,0.999,0,90,90,90,2,1,0,1.0175,NaN,NaN,2.52443564187363
102,INFEASIBLE,0,0,4,30,10,0.666666666666667,10,4,725.033088822858,0.79,NaN,146.633245657244,201.89384412827,0.790324358310215,0.662674650698603,0.999,0,90,90,90,2,1,0,1.0175,NaN,NaN,2.52443564187363
103,INFEASIBLE,0,0,4,30,12,0.8,10,4,725.033088822858,0.79,NaN,146.633245657244,201.89384412827,0.767878689973276,0.649700598802395,0.999,0,90,90,90,2,1,0,1.0175,NaN,NaN,2.52443564187363
104,INFEASIBLE,0,0,4,30,15,1,10,4,725.033088822858,0.79,NaN,146.633245657244,201.89384412827,0.74235675424095,0.632734530938124,0.999,0,90,90,90,2,1,0,1.0175,NaN,NaN,2.52443564187363
105,INFEASIBLE,0,0,4,45,8,0.533333333333333,10,4,416.331695161534,0.5,NaN,74.8226549876337,124.606851886273,0.91546049952118,0.81437125748503,0.999,0,90,90,90,2,0.5,0,0.6375,NaN,NaN,2.93934722238503
106,INFEASIBLE,0,0,4,45,10,0.666666666666667,10,4,416.331695161534,0.5,NaN,74.8226549876337,124.606851886273,0.891608388154321,0.781437125748503,0.999,0,90,90,90,2,0.5,0,0.6375,NaN,NaN,2.93934722238503
107,INFEASIBLE,0,0,4,45,12,0.8,10,4,416.331695161534,0.5,NaN,74.8226549876337,124.606851886273,0.87059700015473,0.753493013972056,0.999,0,90,90,90,2,0.5,0,0.6375,NaN,NaN,2.93934722238503
108,INFEASIBLE,0,0,4,45,15,1,10,4,416.331695161534,0.5,NaN,74.8226549876337,124.606851886273,0.84390652776363,0.724550898203593,0.999,0,90,90,90,2,0.5,0,0.6375,NaN,NaN,2.93934722238503
109,INFEASIBLE,0,0,4,60,8,0.533333333333333,10,4,719.952809297716,0.705,NaN,146.979465485844,208.539831506991,0.855708430551928,0.720558882235529,1,0,90,90,90,2,1,0,0.915,NaN,NaN,2.72434215846941
110,INFEASIBLE,0,0,4,60,10,0.666666666666667,10,4,719.952809297716,0.705,NaN,146.979465485844,208.539831506991,0.827106653484566,0.706586826347305,1,0,90,90,90,2,1,0,0.915,NaN,NaN,2.72434215846941
111,INFEASIBLE,0,0,4,60,12,0.8,10,4,719.952809297716,0.705,NaN,146.979465485844,208.539831506991,0.805810265367637,0.693612774451098,1,0,90,90,90,2,1,0,0.915,NaN,NaN,2.72434215846941
112,INFEASIBLE,0,0,4,60,15,1,10,4,719.952809297716,0.705,NaN,146.979465485844,208.539831506991,0.781455460777381,0.67564870259481,1,0,90,90,90,2,1,0,0.915,NaN,NaN,2.72434215846941
113,INFEASIBLE,0,0,4,75,8,0.533333333333333,10,4,659.844703591659,0.5525,NaN,147.677331205805,198.19217873694,0.864437956853468,0.776447105788423,0.999,0,90,90,90,2,1,0,0.7775,NaN,NaN,2.60134509277406
114,INFEASIBLE,0,0,4,75,10,0.666666666666667,10,4,659.844703591659,0.5525,NaN,147.677331205805,198.19217873694,0.845146389321123,0.761477045908184,0.999,0,90,90,90,2,1,0,0.7775,NaN,NaN,2.60134509277406
115,INFEASIBLE,0,0,4,75,12,0.8,10,4,659.844703591659,0.5525,NaN,147.677331205805,198.19217873694,0.8299146257233,0.74750499001996,0.999,0,90,90,90,2,1,0,0.7775,NaN,NaN,2.60134509277406
116,INFEASIBLE,0,0,4,75,15,1,10,4,659.844703591659,0.5525,NaN,147.677331205805,198.19217873694,0.811539555058061,0.729540918163673,0.999,0,90,90,90,2,1,0,0.7775,NaN,NaN,2.60134509277406
117,INFEASIBLE,0,0,4,90,8,0.533333333333333,10,4,646.802780996302,0.58,NaN,145.836083815407,198.410312625481,0.862951293796666,0.769461077844311,0.998,0,90,90,90,2,1,0,0.795,NaN,NaN,2.53243347778233
118,INFEASIBLE,0,0,4,90,10,0.666666666666667,10,4,646.802780996302,0.58,NaN,145.836083815407,198.410312625481,0.842538746381664,0.754491017964072,0.998,0,90,90,90,2,1,0,0.795,NaN,NaN,2.53243347778233
119,INFEASIBLE,0,0,4,90,12,0.8,10,4,646.802780996302,0.58,NaN,145.836083815407,198.410312625481,0.826596518862139,0.740518962075848,0.998,0,90,90,90,2,1,0,0.795,NaN,NaN,2.53243347778233
120,INFEASIBLE,0,0,4,90,15,1,10,4,646.802780996302,0.58,NaN,145.836083815407,198.410312625481,0.807492625012777,0.723552894211577,0.998,0,90,90,90,2,1,0,0.795,NaN,NaN,2.53243347778233
121,INFEASIBLE,0,0,5,20,8,0.533333333333333,10,4,608.238976721885,0.265,NaN,72.6665761325048,134.166084608744,0.96242676428835,0.937125748502994,0.998,0,90,90,90,2,0.5,0,0.3125,NaN,NaN,4.46260659625591
122,INFEASIBLE,0,0,5,20,10,0.666666666666667,10,4,608.238976721885,0.265,NaN,72.6665761325048,134.166084608744,0.954228896376371,0.909181636726547,0.998,0,90,90,90,2,0.5,0,0.3125,NaN,NaN,4.46260659625591
123,INFEASIBLE,0,0,5,20,12,0.8,10,4,608.238976721885,0.265,NaN,72.6665761325048,134.166084608744,0.94497179287108,0.891217564870259,0.998,0,90,90,90,2,0.5,0,0.3125,NaN,NaN,4.46260659625591
124,INFEASIBLE,0,0,5,20,15,1,10,4,608.238976721885,0.265,NaN,72.6665761325048,134.166084608744,0.931411523067625,0.867265469061876,0.998,0,90,90,90,2,0.5,0,0.3125,NaN,NaN,4.46260659625591
125,INFEASIBLE,0,0,5,30,8,0.533333333333333,10,4,581.522925983439,0.37,NaN,74.6705395376968,129.374322171125,0.940673380270783,0.887225548902196,1,0,90,90,90,2,0.5,0,0.435,NaN,NaN,4.00445542195967
126,INFEASIBLE,0,0,5,30,10,0.666666666666667,10,4,581.522925983439,0.37,NaN,74.6705395376968,129.374322171125,0.925923294757792,0.854291417165669,1,0,90,90,90,2,0.5,0,0.435,NaN,NaN,4.00445542195967
127,INFEASIBLE,0,0,5,30,12,0.8,10,4,581.522925983439,0.37,NaN,74.6705395376968,129.374322171125,0.91186479686344,0.831337325349301,1,0,90,90,90,2,0.5,0,0.435,NaN,NaN,4.00445542195967
128,INFEASIBLE,0,0,5,30,15,1,10,4,581.522925983439,0.37,NaN,74.6705395376968,129.374322171125,0.893255507622272,0.808383233532934,1,0,90,90,90,2,0.5,0,0.435,NaN,NaN,4.00445542195967
129,INFEASIBLE,0,0,5,45,8,0.533333333333333,10,4,1153.27155845273,0.755,NaN,146.265623878156,252.294150271418,0.831784966438576,0.706586826347305,0.998,0,90,90,90,2,1,0,0.9325,NaN,NaN,5.13173696546724
130,INFEASIBLE,0,0,5,45,10,0.666666666666667,10,4,1153.27155845273,0.755,NaN,146.265623878156,252.294150271418,0.80539384713242,0.694610778443114,0.998,0,90,90,90,2,1,0,0.9325,NaN,NaN,5.13173696546724
131,INFEASIBLE,0,0,5,45,12,0.8,10,4,1153.27155845273,0.755,NaN,146.265623878156,252.294150271418,0.78593057202612,0.683632734530938,0.998,0,90,90,90,2,1,0,0.9325,NaN,NaN,5.13173696546724
132,INFEASIBLE,0,0,5,45,15,1,10,4,1153.27155845273,0.755,NaN,146.265623878156,252.294150271418,0.764046804113307,0.669660678642715,0.998,0,90,90,90,2,1,0,0.9325,NaN,NaN,5.13173696546724
133,INFEASIBLE,0,0,5,60,8,0.533333333333333,10,4,584.377876970216,0.435,NaN,72.5169493067959,137.140301604957,0.927844713749739,0.833333333333333,1,0,90,90,90,2,0.5,0,0.57,NaN,NaN,4.0750175818435
134,INFEASIBLE,0,0,5,60,10,0.666666666666667,10,4,584.377876970216,0.435,NaN,72.5169493067959,137.140301604957,0.90499075430468,0.797405189620758,1,0,90,90,90,2,0.5,0,0.57,NaN,NaN,4.0750175818435
135,INFEASIBLE,0,0,5,60,12,0.8,10,4,584.377876970216,0.435,NaN,72.5169493067959,137.140301604957,0.884898464477444,0.774451097804391,1,0,90,90,90,2,0.5,0,0.57,NaN,NaN,4.0750175818435
136,INFEASIBLE,0,0,5,60,15,1,10,4,584.377876970216,0.435,NaN,72.5169493067959,137.140301604957,0.859801293731104,0.748502994011976,1,0,90,90,90,2,0.5,0,0.57,NaN,NaN,4.0750175818435
137,INFEASIBLE,0,0,5,75,8,0.533333333333333,10,4,1121.28535335961,0.675,NaN,145.101765906245,252.766124592671,0.869714874890829,0.739520958083832,1,0,90,90,90,2,1,0,0.85,NaN,NaN,5.16334196221551
138,INFEASIBLE,0,0,5,75,10,0.666666666666667,10,4,1121.28535335961,0.675,NaN,145.101765906245,252.766124592671,0.842400416998379,0.727544910179641,1,0,90,90,90,2,1,0,0.85,NaN,NaN,5.16334196221551
139,INFEASIBLE,0,0,5,75,12,0.8,10,4,1121.28535335961,0.675,NaN,145.101765906245,252.766124592671,0.82236730861046,0.718562874251497,1,0,90,90,90,2,1,0,0.85,NaN,NaN,5.16334196221551
140,INFEASIBLE,0,0,5,75,15,1,10,4,1121.28535335961,0.675,NaN,145.101765906245,252.766124592671,0.799913861476444,0.703592814371258,1,0,90,90,90,2,1,0,0.85,NaN,NaN,5.16334196221551
141,INFEASIBLE,0,0,5,90,8,0.533333333333333,10,4,1056.87587996496,0.4975,NaN,148.331808020073,241.752266486904,0.878446651636692,0.807385229540918,1,0,90,90,90,2,1,0,0.6875,NaN,NaN,5.0042568406971
142,INFEASIBLE,0,0,5,90,10,0.666666666666667,10,4,1056.87587996496,0.4975,NaN,148.331808020073,241.752266486904,0.862588801765635,0.793413173652695,1,0,90,90,90,2,1,0,0.6875,NaN,NaN,5.0042568406971
143,INFEASIBLE,0,0,5,90,12,0.8,10,4,1056.87587996496,0.4975,NaN,148.331808020073,241.752266486904,0.850049927102538,0.782435129740519,1,0,90,90,90,2,1,0,0.6875,NaN,NaN,5.0042568406971
144,INFEASIBLE,0,0,5,90,15,1,10,4,1056.87587996496,0.4975,NaN,148.331808020073,241.752266486904,0.835000564095354,0.768463073852295,1,0,90,90,90,2,1,0,0.6875,NaN,NaN,5.0042568406971
145,INFEASIBLE,0,0,6,20,8,0.533333333333333,10,4,282.892996435032,NaN,NaN,0,53.6055960800927,0.998061894131158,0.982035928143713,1,0,90,90,90,2,0,0,0.145,NaN,NaN,10.9008802318667
146,INFEASIBLE,0,0,6,20,10,0.666666666666667,10,4,282.892996435032,NaN,NaN,0,53.6055960800927,0.992286573090748,0.956087824351297,1,0,90,90,90,2,0,0,0.145,NaN,NaN,10.9008802318667
147,INFEASIBLE,0,0,6,20,12,0.8,10,4,282.892996435032,NaN,NaN,0,53.6055960800927,0.984149708500148,0.934131736526946,1,0,90,90,90,2,0,0,0.145,NaN,NaN,10.9008802318667
148,INFEASIBLE,0,0,6,20,15,1,10,4,282.892996435032,NaN,NaN,0,53.6055960800927,0.971301284326281,0.909181636726547,1,0,90,90,90,2,0,0,0.145,NaN,NaN,10.9008802318667
149,INFEASIBLE,0,0,6,30,8,0.533333333333333,10,4,238.755900967749,NaN,NaN,0,46.6441047521949,0.992746423446564,0.950099800399202,1,0,90,90,90,2,0,0,0.2325,NaN,NaN,10.6203354047525
150,INFEASIBLE,0,0,6,30,10,0.666666666666667,10,4,238.755900967749,NaN,NaN,0,46.6441047521949,0.980253161473825,0.916167664670659,1,0,90,90,90,2,0,0,0.2325,NaN,NaN,10.6203354047525
151,INFEASIBLE,0,0,6,30,12,0.8,10,4,238.755900967749,NaN,NaN,0,46.6441047521949,0.967150583318713,0.891217564870259,1,0,90,90,90,2,0,0,0.2325,NaN,NaN,10.6203354047525
152,INFEASIBLE,0,0,6,30,15,1,10,4,238.755900967749,NaN,NaN,0,46.6441047521949,0.949074444615456,0.865269461077844,1,0,90,90,90,2,0,0,0.2325,NaN,NaN,10.6203354047525
153,INFEASIBLE,0,0,6,45,8,0.533333333333333,10,4,864.274005343194,0.555,NaN,74.7787678204206,157.268934552027,0.849391012658029,0.57185628742515,1,0,90,90,90,2,0.5,0,0.86,NaN,NaN,5.2698348622413
154,INFEASIBLE,0,0,6,45,10,0.666666666666667,10,4,864.274005343194,0.555,NaN,74.7787678204206,157.268934552027,0.792991553341813,0.563872255489022,1,0,90,90,90,2,0.5,0,0.86,NaN,NaN,5.2698348622413
155,INFEASIBLE,0,0,6,45,12,0.8,10,4,864.274005343194,0.555,NaN,74.7787678204206,157.268934552027,0.753992004526833,0.554890219560878,1,0,90,90,90,2,0.5,0,0.86,NaN,NaN,5.2698348622413
156,INFEASIBLE,0,0,6,45,15,1,10,4,864.274005343194,0.555,NaN,74.7787678204206,157.268934552027,0.713124823650802,0.544910179640719,1,0,90,90,90,2,0.5,0,0.86,NaN,NaN,5.2698348622413
157,INFEASIBLE,0,0,6,60,8,0.533333333333333,10,4,1630.9813913815,0.4375,NaN,148.821866436121,295.160773853824,0.894774162220747,0.836327345309381,1,0,90,90,90,2,1,0,0.595,NaN,NaN,8.34748234628255
158,INFEASIBLE,0,0,6,60,10,0.666666666666667,10,4,1630.9813913815,0.4375,NaN,148.821866436121,295.160773853824,0.882024488180009,0.826347305389222,1,0,90,90,90,2,1,0,0.595,NaN,NaN,8.34748234628255
159,INFEASIBLE,0,0,6,60,12,0.8,10,4,1630.9813913815,0.4375,NaN,148.821866436121,295.160773853824,0.871923148758154,0.817365269461078,1,0,90,90,90,2,1,0,0.595,NaN,NaN,8.34748234628255
160,INFEASIBLE,0,0,6,60,15,1,10,4,1630.9813913815,0.4375,NaN,148.821866436121,295.160773853824,0.859789097313402,0.806387225548902,1,0,90,90,90,2,1,0,0.595,NaN,NaN,8.34748234628255
161,INFEASIBLE,0,0,6,75,8,0.533333333333333,10,4,1559.76749369445,0.465,NaN,148.276324535062,285.280791958569,0.885237071473912,0.821357285429142,1,0,90,90,90,2,1,0,0.6325,NaN,NaN,7.87025460253529
162,INFEASIBLE,0,0,6,75,10,0.666666666666667,10,4,1559.76749369445,0.465,NaN,148.276324535062,285.280791958569,0.871334027481982,0.811377245508982,1,0,90,90,90,2,1,0,0.6325,NaN,NaN,7.87025460253529
163,INFEASIBLE,0,0,6,75,12,0.8,10,4,1559.76749369445,0.465,NaN,148.276324535062,285.280791958569,0.860453907637303,0.801397205588822,1,0,90,90,90,2,1,0,0.6325,NaN,NaN,7.87025460253529
164,INFEASIBLE,0,0,6,75,15,1,10,4,1559.76749369445,0.465,NaN,148.276324535062,285.280791958569,0.847476527529511,0.790419161676647,1,0,90,90,90,2,1,0,0.6325,NaN,NaN,7.87025460253529
165,INFEASIBLE,0,0,6,90,8,0.533333333333333,10,4,1514.83651045009,0.4925,NaN,146.446081974045,280.244264213411,0.879890588782326,0.80938123752495,1,0,90,90,90,2,1,0,0.66,NaN,NaN,7.5957807411039
166,INFEASIBLE,0,0,6,90,10,0.666666666666667,10,4,1514.83651045009,0.4925,NaN,146.446081974045,280.244264213411,0.864800818901588,0.79940119760479,1,0,90,90,90,2,1,0,0.66,NaN,NaN,7.5957807411039
167,INFEASIBLE,0,0,6,90,12,0.8,10,4,1514.83651045009,0.4925,NaN,146.446081974045,280.244264213411,0.85310863859165,0.790419161676647,1,0,90,90,90,2,1,0,0.66,NaN,NaN,7.5957807411039
168,INFEASIBLE,0,0,6,90,15,1,10,4,1514.83651045009,0.4925,NaN,146.446081974045,280.244264213411,0.839320346104516,0.779441117764471,1,0,90,90,90,2,1,0,0.66,NaN,NaN,7.5957807411039
