rocket_id,td,original_label,orig_Kp,orig_Kd,new_Kp,new_Kd,kp_ratio_new_over_orig,label_orig_gains_freshseed,nom_sr_orig_gains,under_sr_orig_gains,over_sr_orig_gains,label_new_gains_freshseed,nom_sr_new_gains,under_sr_new_gains,over_sr_new_gains,flip_from_seed_noise,flip_from_search,flip_from_original
R0026,367.97884529976704,FRAGILE,22.73,1.0,58.65987877815546,1.0,2.580724979241331,FRAGILE,0.7142857142857143,0.8571428571428571,0.7142857142857143,FRAGILE,0.5714285714285714,0.8571428571428571,0.5714285714285714,0,0,0
R0028,411.8370450147294,FRAGILE,113.27,1.0,115.62844575768011,1.0,1.0208214510256919,EASY,0.8571428571428571,1.0,1.0,EASY,0.8571428571428571,1.0,1.0,1,0,1
R0236,168.5998668667279,FRAGILE,46.78,1.0,41.78105458855241,1.0,0.8931392601229672,FRAGILE,1.0,1.0,0.5714285714285714,EASY,1.0,0.8571428571428571,0.8571428571428571,0,1,1
R0303,217.5129605955632,FRAGILE,50.74,1.0,58.65987877815546,1.0,1.1560874808465798,FRAGILE,0.5714285714285714,0.8571428571428571,0.42857142857142855,FRAGILE,0.7142857142857143,0.7142857142857143,0.42857142857142855,0,0,0
R0350,330.55956133823173,FRAGILE,36.97,1.0,320.0,4.0,8.655666756829863,FRAGILE,0.5714285714285714,0.5714285714285714,0.5714285714285714,FRAGILE,0.42857142857142855,0.14285714285714285,0.14285714285714285,0,0,0
R0400,214.6999063287188,FRAGILE,19.32,1.0,41.78105458855241,1.0,2.1625804652459837,EASY,0.8571428571428571,0.8571428571428571,1.0,MARGINAL,0.7142857142857143,0.8571428571428571,0.8571428571428571,1,1,1
R0452,168.3853926409828,FRAGILE,16.43,1.0,15.097120013097204,1.0,0.9188752290381743,FRAGILE,1.0,1.0,0.7142857142857143,FRAGILE,0.8571428571428571,1.0,0.5714285714285714,0,0,0
R0612,111.773604397946,FRAGILE,46.78,1.0,21.19609566078763,1.0,0.4531016601279955,EASY,0.8571428571428571,1.0,0.8571428571428571,EASY,1.0,1.0,0.8571428571428571,1,0,1
R0815,143.24327127054778,FRAGILE,59.67,1.0,21.19609566078763,1.0,0.35522198191365223,FRAGILE,0.5714285714285714,1.0,0.42857142857142855,EASY,0.8571428571428571,1.0,1.0,0,1,1
R0859,99.38261865341676,FRAGILE,59.21,1.0,82.35745631970453,1.0,1.3909382928509462,EASY,0.8571428571428571,1.0,1.0,FRAGILE,1.0,1.0,0.7142857142857143,1,1,0
R0906,79.44097470036105,FRAGILE,88.81,1.0,115.62844575768011,1.0,1.3019755180461672,EASY,1.0,1.0,0.8571428571428571,FRAGILE,1.0,1.0,0.5714285714285714,1,1,0
R0969,115.84897376423488,FRAGILE,112.39,1.0,162.34034009544706,1.0,1.4444375842641433,FRAGILE,0.5714285714285714,0.8571428571428571,0.7142857142857143,INFEASIBLE,0.14285714285714285,0.7142857142857143,0.14285714285714285,0,1,1
R1080,89.61299441200431,FRAGILE,113.27,1.0,115.62844575768011,1.0,1.0208214510256919,EASY,1.0,1.0,0.8571428571428571,FRAGILE,1.0,1.0,0.7142857142857143,1,1,0
R1103,55.05358597483785,FRAGILE,88.81,1.0,82.35745631970453,1.0,0.9273444017532319,FRAGILE,1.0,1.0,0.7142857142857143,EASY,1.0,1.0,1.0,0,1,1
R1229,58.81504741996059,FRAGILE,168.58,1.0,162.34034009544706,1.0,0.9629869503822935,FRAGILE,0.5714285714285714,1.0,0.5714285714285714,MARGINAL,0.5714285714285714,1.0,0.8571428571428571,0,1,1
R1293,76.98365259721514,FRAGILE,168.58,1.0,162.34034009544706,1.0,0.9629869503822935,EASY,1.0,1.0,1.0,EASY,1.0,1.0,0.8571428571428571,1,0,1
R1300,174.62530282827237,FRAGILE,132.17,4.0,82.35745631970453,2.0,0.6231176236642546,FRAGILE,0.8571428571428571,0.8571428571428571,0.5714285714285714,FRAGILE,0.8571428571428571,1.0,0.5714285714285714,0,0,0
R1513,283.50681934531883,FRAGILE,12.98,1.0,29.758952096260835,1.0,2.292677357184964,EASY,0.8571428571428571,1.0,0.8571428571428571,EASY,0.8571428571428571,1.0,1.0,1,0,1
R1526,66.78993016253548,FRAGILE,168.58,1.0,21.19609566078763,1.0,0.12573315731870702,MARGINAL,0.7142857142857143,1.0,0.8571428571428571,EASY,1.0,1.0,1.0,1,1,1
R1641,209.91106234246683,FRAGILE,96.31,1.0,82.35745631970453,1.0,0.8551288165268873,FRAGILE,0.8571428571428571,1.0,0.42857142857142855,EASY,0.8571428571428571,1.0,0.8571428571428571,0,1,1
R1645,56.13260415400903,FRAGILE,88.81,1.0,82.35745631970453,1.0,0.9273444017532319,FRAGILE,1.0,1.0,0.7142857142857143,EASY,1.0,1.0,0.8571428571428571,0,1,1
R1672,76.11995954838007,FRAGILE,1.9,1.0,7.658973741837444,1.0,4.031038811493392,MARGINAL,0.8571428571428571,1.0,1.0,EASY,1.0,1.0,0.8571428571428571,1,1,1
R1701,173.3475551633541,FRAGILE,88.81,1.0,41.78105458855241,1.0,0.4704543923944647,FRAGILE,0.5714285714285714,1.0,0.7142857142857143,FRAGILE,0.8571428571428571,1.0,0.5714285714285714,0,0,0
R1883,73.67927666025669,FRAGILE,81.89,1.0,21.19609566078763,1.0,0.2588361907532987,EASY,1.0,1.0,1.0,EASY,1.0,1.0,1.0,1,0,1
R1932,96.5803791790538,FRAGILE,88.81,1.0,21.19609566078763,1.0,0.23866789393973234,FRAGILE,0.8571428571428571,1.0,0.5714285714285714,EASY,0.8571428571428571,1.0,0.8571428571428571,0,1,1
R1973,88.91200954750464,FRAGILE,182.82,1.0,162.34034009544706,1.0,0.8879791056528119,FRAGILE,0.8571428571428571,1.0,0.7142857142857143,EASY,1.0,1.0,1.0,0,1,1
R2072,351.3367592924232,FRAGILE,6.84,1.0,29.758952096260835,1.0,4.350723990681408,FRAGILE,0.42857142857142855,0.5714285714285714,0.2857142857142857,FRAGILE,0.5714285714285714,1.0,0.42857142857142855,0,0,0
R2107,92.08421691730304,FRAGILE,155.45,1.0,162.34034009544706,1.0,1.044325121231567,FRAGILE,0.8571428571428571,1.0,0.7142857142857143,FRAGILE,0.8571428571428571,1.0,0.7142857142857143,0,0,0
R2176,89.82990230716528,FRAGILE,96.31,1.0,115.62844575768011,1.0,1.2005860840793283,EASY,1.0,1.0,0.8571428571428571,FRAGILE,0.8571428571428571,1.0,0.7142857142857143,1,1,0
R2264,211.0291414122912,FRAGILE,112.39,4.0,10.753066807087182,1.0,0.09567636628781191,INFEASIBLE,0.2857142857142857,0.42857142857142855,0.5714285714285714,FRAGILE,0.7142857142857143,0.7142857142857143,0.42857142857142855,1,1,0
R0864,297.6144442048734,MARGINAL,70.18,1.0,58.65987877815546,1.0,0.8358489424074588,FRAGILE,0.7142857142857143,0.8571428571428571,0.5714285714285714,FRAGILE,0.8571428571428571,1.0,0.7142857142857143,1,0,1
R1715,170.13315758703897,MARGINAL,36.97,1.0,10.753066807087182,1.0,0.29085925905023485,EASY,0.8571428571428571,1.0,0.8571428571428571,FRAGILE,0.8571428571428571,0.7142857142857143,0.42857142857142855,1,1,1
R0475,192.7758558470076,INFEASIBLE,155.45,1.0,29.758952096260835,1.0,0.19143745317633218,FRAGILE,1.0,0.8571428571428571,0.0,EASY,0.8571428571428571,1.0,0.8571428571428571,1,1,1
R1217,143.54577869065147,INFEASIBLE,113.27,1.0,82.35745631970453,1.0,0.7270897529769977,EASY,0.8571428571428571,1.0,0.8571428571428571,MARGINAL,0.7142857142857143,1.0,0.8571428571428571,1,1,1
R2080,311.79245101667595,INFEASIBLE,3.6,1.0,10.753066807087182,1.0,2.9869630019686615,INFEASIBLE,0.0,0.5714285714285714,0.0,FRAGILE,0.42857142857142855,0.8571428571428571,0.42857142857142855,0,1,1
R1808,376.581664654013,EASY,112.39,1.0,320.0,2.0,2.847228401103301,EASY,1.0,1.0,0.8571428571428571,EASY,0.8571428571428571,0.8571428571428571,0.8571428571428571,0,0,0
R1255,334.82807558232884,EASY,168.58,1.0,320.0,1.0,1.8982085656661525,EASY,1.0,1.0,1.0,EASY,1.0,1.0,0.8571428571428571,0,0,0
R1203,317.812992061656,EASY,133.21,1.0,227.9230326898601,1.0,1.7110054251922535,EASY,1.0,1.0,1.0,EASY,1.0,1.0,1.0,0,0,0
R1884,310.6574294167642,EASY,168.58,1.0,320.0,1.0,1.8982085656661525,EASY,1.0,1.0,1.0,EASY,1.0,1.0,0.8571428571428571,0,0,0
R1183,287.0602537735098,EASY,168.58,1.0,320.0,1.0,1.8982085656661525,EASY,1.0,1.0,1.0,EASY,1.0,1.0,1.0,0,0,0
R0048,281.9656155049529,EASY,24.65,1.0,162.34034009544706,1.0,6.58581501401408,EASY,1.0,1.0,1.0,EASY,1.0,1.0,1.0,0,0,0
R1802,277.6694103490017,EASY,250.9,1.0,320.0,1.0,1.2754085292945396,EASY,1.0,1.0,1.0,EASY,1.0,1.0,1.0,0,0,0
R1290,255.12851519036528,EASY,112.39,1.0,58.65987877815546,1.0,0.5219314776951282,EASY,0.8571428571428571,0.8571428571428571,1.0,EASY,1.0,1.0,1.0,0,0,0
R1350,248.91027419429568,EASY,132.17,1.0,162.34034009544706,1.0,1.2282691994813277,EASY,1.0,1.0,0.8571428571428571,EASY,1.0,1.0,1.0,0,0,0
R1679,240.02567449876832,EASY,24.65,1.0,82.35745631970453,1.0,3.341073278689839,EASY,1.0,1.0,1.0,EASY,1.0,1.0,1.0,0,0,0
R0623,238.0175313711176,EASY,70.18,1.0,41.78105458855241,1.0,0.5953413307003762,EASY,1.0,1.0,1.0,EASY,1.0,1.0,1.0,0,0,0
R0354,235.4466984986432,EASY,59.21,1.0,115.62844575768011,1.0,1.952853331492655,EASY,1.0,1.0,1.0,MARGINAL,0.7142857142857143,1.0,1.0,0,1,1
R0060,233.8851279001163,EASY,272.09,1.0,115.62844575768011,1.0,0.42496396691418326,EASY,1.0,1.0,1.0,EASY,1.0,1.0,1.0,0,0,0
R2353,231.49617116210652,EASY,36.97,1.0,115.62844575768011,1.0,3.127629044027052,FRAGILE,0.8571428571428571,1.0,0.7142857142857143,FRAGILE,0.8571428571428571,1.0,0.5714285714285714,1,0,1
R0581,227.87584343420303,EASY,31.19,1.0,29.758952096260835,1.0,0.9541183743591162,FRAGILE,0.8571428571428571,1.0,0.5714285714285714,FRAGILE,0.8571428571428571,1.0,0.5714285714285714,1,0,1
R2282,223.23184615046875,EASY,320.0,1.0,58.65987877815546,1.0,0.18331212118173582,EASY,1.0,1.0,1.0,EASY,1.0,1.0,1.0,0,0,0
R1253,220.76684583912265,EASY,215.01,1.0,162.34034009544706,1.0,0.7550362313169019,EASY,1.0,1.0,1.0,EASY,1.0,1.0,1.0,0,0,0
R0522,216.8522999839436,EASY,320.0,1.0,320.0,1.0,1.0,EASY,1.0,1.0,1.0,EASY,1.0,1.0,1.0,0,0,0
R1648,213.67197467696985,EASY,26.73,1.0,58.65987877815546,1.0,2.19453343726732,EASY,1.0,1.0,1.0,EASY,1.0,1.0,1.0,0,0,0
R0487,204.43193191159588,EASY,59.21,1.0,58.65987877815546,1.0,0.9907089812220141,EASY,0.8571428571428571,1.0,1.0,EASY,1.0,1.0,1.0,0,0,0
R1425,15.928245093160486,EASY,19.48,1.0,82.35745631970453,1.0,4.227795498958137,EASY,1.0,1.0,1.0,FRAGILE,1.0,1.0,0.5714285714285714,0,1,1
R0685,36.917723816149326,EASY,81.89,1.0,82.35745631970453,1.0,1.005708344360783,EASY,1.0,1.0,1.0,EASY,1.0,1.0,1.0,0,0,0
R2045,25.123874709037796,EASY,81.89,1.0,82.35745631970453,1.0,1.005708344360783,EASY,1.0,1.0,1.0,EASY,1.0,1.0,1.0,0,0,0
R0826,22.063866392794925,EASY,81.89,1.0,82.35745631970453,1.0,1.005708344360783,EASY,1.0,1.0,1.0,EASY,1.0,1.0,1.0,0,0,0
R1945,10.251920416889122,EASY,88.81,1.0,82.35745631970453,1.0,0.9273444017532319,EASY,1.0,1.0,1.0,EASY,1.0,1.0,1.0,0,0,0
R0359,14.705966562599569,EASY,10.26,1.0,82.35745631970453,1.0,8.02704252628699,EASY,1.0,1.0,1.0,FRAGILE,0.7142857142857143,1.0,0.42857142857142855,0,1,1
R1355,17.229929034515393,EASY,96.31,1.0,82.35745631970453,1.0,0.8551288165268873,EASY,1.0,1.0,1.0,EASY,1.0,1.0,1.0,0,0,0
R0116,24.482537958192253,EASY,81.89,1.0,82.35745631970453,1.0,1.005708344360783,EASY,1.0,1.0,1.0,EASY,1.0,1.0,1.0,0,0,0
R1091,32.51601244618124,EASY,50.74,1.0,58.65987877815546,1.0,1.1560874808465798,EASY,1.0,1.0,1.0,EASY,1.0,1.0,1.0,0,0,0
R1711,20.082505794688693,EASY,81.89,1.0,82.35745631970453,1.0,1.005708344360783,EASY,1.0,1.0,1.0,EASY,1.0,1.0,1.0,0,0,0
