profile,method,p_unstable,gust_std,cmd_deg,slew_code,u_max_code,servo_deadband,servo_backlash,Kp,Kd,design_success_rate,deploy_success_rate,rms_error_deg,peak_error_deg,end_error_deg,u_cmd_sat_frac,slew_sat_frac
HOBBY_NOMINAL,AMATEUR_NOMINAL_PID,6,0.9,20,60,12,0.05,0.1,60,8,1,1,1.33477882767278,2.98845123806099,0.629507852249033,0,0.0203125
HOBBY_NOMINAL,CLEAN_RETUNED_PID,6,0.9,20,60,12,0.05,0.1,60,24,1,1,1.29549250427641,2.95967756823862,0.553510077267828,0.0157766990291262,0.225173611111111
HOBBY_NOMINAL,BENCH_TUNED_PID,6,0.9,20,60,12,0.05,0.1,60,24,1,1,1.29549250427641,2.95967756823862,0.553510077267828,0.0157766990291262,0.225173611111111
HOBBY_NOMINAL,BENCH_TUNED_PCH,6,0.9,20,60,12,0.05,0.1,30,8,1,1,0.990787029696224,2.59508670430844,0.596824654607608,0,0.265277777777778
HOBBY_NOMINAL,AMATEUR_NOMINAL_PID,6,1.5,20,60,12,0.05,0.1,60,8,1,1,1.33307165825236,3.02275519552598,0.592043465357218,0,0.0201388888888889
HOBBY_NOMINAL,CLEAN_RETUNED_PID,6,1.5,20,60,12,0.05,0.1,60,24,1,1,1.29501083165458,2.95519120836873,0.504478242368438,0.0156033287101248,0.226736111111111
HOBBY_NOMINAL,BENCH_TUNED_PID,6,1.5,20,60,12,0.05,0.1,60,24,1,1,1.29501083165458,2.95519120836873,0.504478242368438,0.0156033287101248,0.226736111111111
HOBBY_NOMINAL,BENCH_TUNED_PCH,6,1.5,20,60,12,0.05,0.1,30,8,1,1,0.989345024239313,2.6143843334981,0.533278464614657,0,0.286979166666667
HOBBY_NOMINAL,AMATEUR_NOMINAL_PID,6,2.5,20,60,12,0.05,0.1,60,8,1,1,1.33953886576081,3.08279879746909,0.624291563040078,0,0.021875
HOBBY_NOMINAL,CLEAN_RETUNED_PID,6,2.5,20,60,12,0.05,0.1,60,24,1,1,1.30084982976132,2.96223443963127,0.491483590428361,0.0164701803051318,0.234722222222222
HOBBY_NOMINAL,BENCH_TUNED_PID,6,2.5,20,60,12,0.05,0.1,60,24,1,1,1.30084982976132,2.96223443963127,0.491483590428361,0.0164701803051318,0.234722222222222
HOBBY_NOMINAL,BENCH_TUNED_PCH,6,2.5,20,60,12,0.05,0.1,30,4,1,1,1.01830162700703,2.78141578265393,0.608393501297383,0,0.105208333333333
HOBBY_NOMINAL,AMATEUR_NOMINAL_PID,8,0.9,20,60,12,0.05,0.1,60,8,1,1,2.38774031463389,4.65783100217302,0.690471579247095,0,0.0217013888888889
HOBBY_NOMINAL,CLEAN_RETUNED_PID,8,0.9,20,60,12,0.05,0.1,60,24,1,1,2.21085458465349,4.46179180732314,0.595771172321532,0.020631067961165,0.226736111111111
HOBBY_NOMINAL,BENCH_TUNED_PID,8,0.9,20,60,12,0.05,0.1,60,24,1,1,2.21085458465349,4.46179180732314,0.595771172321532,0.020631067961165,0.226736111111111
HOBBY_NOMINAL,BENCH_TUNED_PCH,8,0.9,20,60,12,0.05,0.1,30,8,1,1,1.30459347340812,2.87600048490175,0.656972503754374,0,0.375
HOBBY_NOMINAL,AMATEUR_NOMINAL_PID,8,1.5,20,60,12,0.05,0.1,60,8,1,1,2.38532060812449,4.65564414957845,0.640537656182355,0,0.0217013888888889
HOBBY_NOMINAL,CLEAN_RETUNED_PID,8,1.5,20,60,12,0.05,0.1,60,24,1,1,2.20672762759921,4.47319848598073,0.568250006875278,0.0211511789181692,0.232291666666667
HOBBY_NOMINAL,BENCH_TUNED_PID,8,1.5,20,60,12,0.05,0.1,60,24,1,1,2.20672762759921,4.47319848598073,0.568250006875278,0.0211511789181692,0.232291666666667
HOBBY_NOMINAL,BENCH_TUNED_PCH,8,1.5,20,60,12,0.05,0.1,30,8,1,1,1.29135461919044,2.80853704003502,0.583126877162492,0,0.371354166666667
HOBBY_NOMINAL,AMATEUR_NOMINAL_PID,8,2.5,20,60,12,0.05,0.1,60,8,1,1,2.3877542436159,4.70204834469215,0.670294939977132,0,0.0230902777777778
HOBBY_NOMINAL,CLEAN_RETUNED_PID,8,2.5,20,60,12,0.05,0.1,60,24,1,1,2.20949415183281,4.495876353009,0.540842724773822,0.021497919556172,0.235590277777778
HOBBY_NOMINAL,BENCH_TUNED_PID,8,2.5,20,60,12,0.05,0.1,60,24,1,1,2.20949415183281,4.495876353009,0.540842724773822,0.021497919556172,0.235590277777778
HOBBY_NOMINAL,BENCH_TUNED_PCH,8,2.5,20,60,12,0.05,0.1,30,4,1,1,1.34368733822803,2.86198185853262,0.636096647005709,0,0.137152777777778
HOBBY_NOMINAL,AMATEUR_NOMINAL_PID,10,0.9,20,60,12,0.05,0.1,60,8,1,1,4.07562361870344,7.63240377401974,0.771331639861863,0,0.0262152777777778
HOBBY_NOMINAL,CLEAN_RETUNED_PID,10,0.9,20,60,12,0.05,0.1,60,24,1,1,3.66553175694449,7.06194441621146,0.889371054470019,0.0292995839112344,0.228125
HOBBY_NOMINAL,BENCH_TUNED_PID,10,0.9,20,60,12,0.05,0.1,60,24,1,1,3.66553175694449,7.06194441621146,0.889371054470019,0.0292995839112344,0.228125
HOBBY_NOMINAL,BENCH_TUNED_PCH,10,0.9,20,60,12,0.05,0.1,30,8,1,1,1.83277503173714,3.66015063669649,0.643152306583034,0,0.417708333333333
HOBBY_NOMINAL,AMATEUR_NOMINAL_PID,10,1.5,20,60,12,0.05,0.1,60,8,1,1,4.07254998783393,7.62057554637283,0.710591219754198,0.000173370319001387,0.0263888888888889
HOBBY_NOMINAL,CLEAN_RETUNED_PID,10,1.5,20,60,12,0.05,0.1,60,24,1,1,3.66866134092059,7.07995632682719,0.851095585265555,0.0310332871012483,0.227951388888889
HOBBY_NOMINAL,BENCH_TUNED_PID,10,1.5,20,60,12,0.05,0.1,60,24,1,1,3.66866134092059,7.07995632682719,0.851095585265555,0.0310332871012483,0.227951388888889
HOBBY_NOMINAL,BENCH_TUNED_PCH,10,1.5,20,60,12,0.05,0.1,30,8,1,1,1.85738193839912,3.62451055412484,0.916133568931588,0,0.413368055555556
HOBBY_NOMINAL,AMATEUR_NOMINAL_PID,10,2.5,20,60,12,0.05,0.1,60,8,1,1,4.07308461861267,7.60305033139709,0.729304611378384,0.00121359223300971,0.0291666666666667
HOBBY_NOMINAL,CLEAN_RETUNED_PID,10,2.5,20,60,12,0.05,0.1,60,24,1,1,3.66174755412719,7.09685707024232,0.802160075504019,0.0329403606102635,0.235590277777778
HOBBY_NOMINAL,BENCH_TUNED_PID,10,2.5,20,60,12,0.05,0.1,60,24,1,1,3.66174755412719,7.09685707024232,0.802160075504019,0.0329403606102635,0.235590277777778
HOBBY_NOMINAL,BENCH_TUNED_PCH,10,2.5,20,60,12,0.05,0.1,30,4,1,1,1.92812615837215,3.62970254500393,0.697532025873225,0,0.161805555555556
HOBBY_NOMINAL,AMATEUR_NOMINAL_PID,12,0.9,20,60,12,0.05,0.1,60,8,1,0,90,90,90,0.638002773925104,0.00920138888888889
HOBBY_NOMINAL,CLEAN_RETUNED_PID,12,0.9,20,60,12,0.05,0.1,60,24,1,0.125,79.5400660845232,80.3429112734617,78.7815130925455,0.429438280166436,0.0796875
HOBBY_NOMINAL,BENCH_TUNED_PID,12,0.9,20,60,12,0.05,0.1,5,4,0,0,90,90,90,0.768550624133148,0
HOBBY_NOMINAL,BENCH_TUNED_PCH,12,0.9,20,60,12,0.05,0.1,30,12,1,1,2.76850613509066,5.18765481880008,0.770579292083792,0.0459431345353675,0.399479166666667
HOBBY_NOMINAL,AMATEUR_NOMINAL_PID,12,1.5,20,60,12,0.05,0.1,60,8,1,0,90,90,90,0.623439667128987,0.00972222222222222
HOBBY_NOMINAL,CLEAN_RETUNED_PID,12,1.5,20,60,12,0.05,0.1,60,24,1,0.125,69.3446672769389,71.3190086613725,67.9373669812404,0.400658807212205,0.0866319444444444
HOBBY_NOMINAL,BENCH_TUNED_PID,12,1.5,20,60,12,0.05,0.1,60,24,0,0.125,69.3446672769389,71.3190086613725,67.9373669812404,0.400658807212205,0.0866319444444444
HOBBY_NOMINAL,BENCH_TUNED_PCH,12,1.5,20,60,12,0.05,0.1,30,12,1,1,2.77009922552753,5.1866296194213,0.78607864731907,0.0469833564493759,0.391319444444444
HOBBY_NOMINAL,AMATEUR_NOMINAL_PID,12,2.5,20,60,12,0.05,0.1,60,8,1,0,90,90,90,0.618932038834951,0.0102430555555556
HOBBY_NOMINAL,CLEAN_RETUNED_PID,12,2.5,20,60,12,0.05,0.1,60,24,1,0,69.3412694060563,71.1104391810494,68.0613466903915,0.417995839112344,0.0899305555555556
HOBBY_NOMINAL,BENCH_TUNED_PID,12,2.5,20,60,12,0.05,0.1,60,24,0,0,69.3412694060563,71.1104391810494,68.0613466903915,0.417995839112344,0.0899305555555556
HOBBY_NOMINAL,BENCH_TUNED_PCH,12,2.5,20,60,12,0.05,0.1,30,8,1,1,2.79781251788785,5.28050481611373,0.650191202212821,0.0403952843273232,0.239756944444444
SLOPPY_TVC,AMATEUR_NOMINAL_PID,6,0.9,25,30,10,0.15,0.3,60,8,1,0,90,90,90,0.680141579731744,0.446828358208955
SLOPPY_TVC,CLEAN_RETUNED_PID,6,0.9,25,30,10,0.15,0.3,45,4,1,0,72.3335664291124,90,90,0.531110283159464,0.412126865671642
SLOPPY_TVC,BENCH_TUNED_PID,6,0.9,25,30,10,0.15,0.3,30,4,1,1,3.49257343738569,7.70848166016181,0.416652742654054,0,0.19384328358209
SLOPPY_TVC,BENCH_TUNED_PCH,6,0.9,25,30,10,0.15,0.3,5,4,1,1,4.94963849137292,10.4454661241517,1.98953490213719,0,0.559701492537313
SLOPPY_TVC,AMATEUR_NOMINAL_PID,6,1.5,25,30,10,0.15,0.3,60,8,1,0,90,90,90,0.690387481371088,0.409141791044776
SLOPPY_TVC,CLEAN_RETUNED_PID,6,1.5,25,30,10,0.15,0.3,45,4,1,0,79.3038712808395,81.9051265124099,81.9051265124099,0.56371087928465,0.377238805970149
SLOPPY_TVC,BENCH_TUNED_PID,6,1.5,25,30,10,0.15,0.3,30,4,1,1,3.50892881601268,7.85249913572016,0.644037084080217,0,0.202238805970149
SLOPPY_TVC,BENCH_TUNED_PCH,6,1.5,25,30,10,0.15,0.3,5,4,1,1,5.13138248950511,10.5486143267194,2.35337355395791,0,0.552611940298507
SLOPPY_TVC,AMATEUR_NOMINAL_PID,6,2.5,25,30,10,0.15,0.3,60,8,1,0,90,90,90,0.721684053651267,0.383022388059702
SLOPPY_TVC,CLEAN_RETUNED_PID,6,2.5,25,30,10,0.15,0.3,45,4,1,0.125,69.1448889739715,73.3287063635352,72.5008699793856,0.51322652757079,0.375186567164179
SLOPPY_TVC,BENCH_TUNED_PID,6,2.5,25,30,10,0.15,0.3,30,4,1,0.875,7.52241281010474,18.2944076802082,11.9885755496792,0.0244038748137109,0.261753731343284
SLOPPY_TVC,BENCH_TUNED_PCH,6,2.5,25,30,10,0.15,0.3,5,4,1,0.75,5.86929485935821,13.7303998283101,5.87673803752625,0,0.55
SLOPPY_TVC,AMATEUR_NOMINAL_PID,8,0.9,25,30,10,0.15,0.3,60,8,1,0,90,90,90,0.714418777943368,0.334888059701493
SLOPPY_TVC,CLEAN_RETUNED_PID,8,0.9,25,30,10,0.15,0.3,30,12,1,0,60.9434683881878,70.6558944466624,64.9700475469362,0.565573770491803,0.375
SLOPPY_TVC,BENCH_TUNED_PID,8,0.9,25,30,10,0.15,0.3,30,4,1,0.75,6.95113634533916,14.0534875518484,0.609006399679943,0.0003725782414307,0.268283582089552
SLOPPY_TVC,BENCH_TUNED_PCH,8,0.9,25,30,10,0.15,0.3,5,4,0,0,9.93899449070834,20.7906026334285,4.6880619394664,0.00968703427719821,0.627425373134328
SLOPPY_TVC,AMATEUR_NOMINAL_PID,8,1.5,25,30,10,0.15,0.3,60,8,1,0,90,90,90,0.736400894187779,0.323694029850746
SLOPPY_TVC,CLEAN_RETUNED_PID,8,1.5,25,30,10,0.15,0.3,30,12,1,0,61.3935123564896,72.5059072934554,67.8517080984625,0.563524590163934,0.384514925373134
SLOPPY_TVC,BENCH_TUNED_PID,8,1.5,25,30,10,0.15,0.3,30,4,0.75,0.375,7.0144866232305,14.1557135775307,0.686387938543227,0.00391207153502236,0.277611940298507
SLOPPY_TVC,BENCH_TUNED_PCH,8,1.5,25,30,10,0.15,0.3,10,8,0.25,0.125,30.388071335069,46.9250177592903,37.7524584686337,0.0806631892697466,0.680783582089552
SLOPPY_TVC,AMATEUR_NOMINAL_PID,8,2.5,25,30,10,0.15,0.3,60,8,1,0,90,90,90,0.749627421758569,0.301865671641791
SLOPPY_TVC,CLEAN_RETUNED_PID,8,2.5,25,30,10,0.15,0.3,30,12,1,0,59.3572781042026,65.8486181009852,56.6547105823856,0.523845007451565,0.46884328358209
SLOPPY_TVC,BENCH_TUNED_PID,8,2.5,25,30,10,0.15,0.3,30,4,0.5,0.25,17.6329270372756,24.22276163538,12.3836810746354,0.0672503725782414,0.344216417910448
SLOPPY_TVC,BENCH_TUNED_PCH,8,2.5,25,30,10,0.15,0.3,10,4,0.25,0.125,56.7177483249675,74.5287646009173,73.2356162141714,0.136922503725782,0.53955223880597
SLOPPY_TVC,AMATEUR_NOMINAL_PID,10,0.9,25,30,10,0.15,0.3,60,8,1,0,90,90,90,0.796944858420268,0.201305970149254
SLOPPY_TVC,CLEAN_RETUNED_PID,10,0.9,25,30,10,0.15,0.3,5,4,0,0,90,90,90,0.725223546944858,0.0727611940298507
SLOPPY_TVC,BENCH_TUNED_PID,10,0.9,25,30,10,0.15,0.3,5,4,0,0,90,90,90,0.725223546944858,0.0727611940298507
SLOPPY_TVC,BENCH_TUNED_PCH,10,0.9,25,30,10,0.15,0.3,5,4,0,0,90,90,90,0.698025335320417,0.0986940298507463
SLOPPY_TVC,AMATEUR_NOMINAL_PID,10,1.5,25,30,10,0.15,0.3,60,8,1,0,90,90,90,0.797317436661699,0.203358208955224
SLOPPY_TVC,CLEAN_RETUNED_PID,10,1.5,25,30,10,0.15,0.3,5,4,0,0,90,90,90,0.724478390461997,0.0722014925373134
SLOPPY_TVC,BENCH_TUNED_PID,10,1.5,25,30,10,0.15,0.3,5,4,0,0,90,90,90,0.724478390461997,0.0722014925373134
SLOPPY_TVC,BENCH_TUNED_PCH,10,1.5,25,30,10,0.15,0.3,5,4,0,0,90,90,90,0.69429955290611,0.101305970149254
SLOPPY_TVC,AMATEUR_NOMINAL_PID,10,2.5,25,30,10,0.15,0.3,60,8,1,0,90,90,90,0.795081967213115,0.220149253731343
SLOPPY_TVC,CLEAN_RETUNED_PID,10,2.5,25,30,10,0.15,0.3,5,4,0,0,90,90,90,0.722801788375559,0.0707089552238806
SLOPPY_TVC,BENCH_TUNED_PID,10,2.5,25,30,10,0.15,0.3,5,4,0,0,90,90,90,0.722801788375559,0.0707089552238806
SLOPPY_TVC,BENCH_TUNED_PCH,10,2.5,25,30,10,0.15,0.3,5,4,0,0,90,90,90,0.696535022354695,0.101305970149254
SLOPPY_TVC,AMATEUR_NOMINAL_PID,12,0.9,25,30,10,0.15,0.3,60,8,1,0,90,90,90,0.812034277198212,0.177985074626866
SLOPPY_TVC,CLEAN_RETUNED_PID,12,0.9,25,30,10,0.15,0.3,5,4,0,0,90,90,90,0.776639344262295,0.0652985074626866
SLOPPY_TVC,BENCH_TUNED_PID,12,0.9,25,30,10,0.15,0.3,5,4,0,0,90,90,90,0.776639344262295,0.0652985074626866
SLOPPY_TVC,BENCH_TUNED_PCH,12,0.9,25,30,10,0.15,0.3,5,4,0,0,90,90,90,0.76080476900149,0.071455223880597
SLOPPY_TVC,AMATEUR_NOMINAL_PID,12,1.5,25,30,10,0.15,0.3,60,8,1,0,90,90,90,0.812779433681073,0.177985074626866
SLOPPY_TVC,CLEAN_RETUNED_PID,12,1.5,25,30,10,0.15,0.3,5,4,0,0,90,90,90,0.777757078986587,0.0682835820895522
SLOPPY_TVC,BENCH_TUNED_PID,12,1.5,25,30,10,0.15,0.3,5,4,0,0,90,90,90,0.777757078986587,0.0682835820895522
SLOPPY_TVC,BENCH_TUNED_PCH,12,1.5,25,30,10,0.15,0.3,5,4,0,0,90,90,90,0.760245901639344,0.0727611940298507
SLOPPY_TVC,AMATEUR_NOMINAL_PID,12,2.5,25,30,10,0.15,0.3,60,8,1,0,90,90,90,0.81128912071535,0.185074626865672
SLOPPY_TVC,CLEAN_RETUNED_PID,12,2.5,25,30,10,0.15,0.3,5,4,0,0,90,90,90,0.777570789865872,0.0671641791044776
SLOPPY_TVC,BENCH_TUNED_PID,12,2.5,25,30,10,0.15,0.3,5,4,0,0,90,90,90,0.777570789865872,0.0671641791044776
SLOPPY_TVC,BENCH_TUNED_PCH,12,2.5,25,30,10,0.15,0.3,5,4,0,0,90,90,90,0.760245901639344,0.0735074626865672
HARD_LIMIT,AMATEUR_NOMINAL_PID,6,0.9,25,20,8,0.2,0.4,60,8,1,0,90,90,90,0.818740399385561,0.405
HARD_LIMIT,CLEAN_RETUNED_PID,6,0.9,25,20,8,0.2,0.4,30,4,1,0,90,90,90,0.69431643625192,0.406538461538461
HARD_LIMIT,BENCH_TUNED_PID,6,0.9,25,20,8,0.2,0.4,20,4,0.25,0.5,23.1646280515487,36.7642497701538,27.1069302906229,0.12884024577573,0.528269230769231
HARD_LIMIT,BENCH_TUNED_PCH,6,0.9,25,20,8,0.2,0.4,5,4,0.25,0.125,28.8380419380291,40.4215689285125,33.7164006799063,0.054147465437788,0.595
HARD_LIMIT,AMATEUR_NOMINAL_PID,6,1.5,25,20,8,0.2,0.4,60,8,1,0,90,90,90,0.821812596006144,0.407307692307692
HARD_LIMIT,CLEAN_RETUNED_PID,6,1.5,25,20,8,0.2,0.4,30,4,1,0,90,90,90,0.710061443932412,0.389038461538462
HARD_LIMIT,BENCH_TUNED_PID,6,1.5,25,20,8,0.2,0.4,15,4,0,0,15.8199414865268,36.0426774359624,23.2844097273924,0.0710445468509985,0.547115384615385
HARD_LIMIT,BENCH_TUNED_PCH,6,1.5,25,20,8,0.2,0.4,5,4,0,0.25,34.2896483390482,43.7947511416268,37.4009094969035,0.0639400921658986,0.579230769230769
HARD_LIMIT,AMATEUR_NOMINAL_PID,6,2.5,25,20,8,0.2,0.4,60,8,1,0,90,90,90,0.813940092165899,0.438846153846154
HARD_LIMIT,CLEAN_RETUNED_PID,6,2.5,25,20,8,0.2,0.4,30,4,1,0,90,90,90,0.710061443932412,0.4075
HARD_LIMIT,BENCH_TUNED_PID,6,2.5,25,20,8,0.2,0.4,15,16,0.25,0.125,55.1952175792211,65.638699355194,60.9321205124199,0.585445468509985,0.698653846153846
HARD_LIMIT,BENCH_TUNED_PCH,6,2.5,25,20,8,0.2,0.4,5,4,0.75,0.375,45.4727243945833,61.0467579983041,57.0930978735635,0.0785330261136713,0.571923076923077
HARD_LIMIT,AMATEUR_NOMINAL_PID,8,0.9,25,20,8,0.2,0.4,60,8,1,0,90,90,90,0.83678955453149,0.270769230769231
HARD_LIMIT,CLEAN_RETUNED_PID,8,0.9,25,20,8,0.2,0.4,15,4,0,0,90,90,90,0.748655913978495,0.163269230769231
HARD_LIMIT,BENCH_TUNED_PID,8,0.9,25,20,8,0.2,0.4,5,4,0,0,90,90,90,0.709869431643625,0.151923076923077
HARD_LIMIT,BENCH_TUNED_PCH,8,0.9,25,20,8,0.2,0.4,5,4,0,0,90,90,90,0.672811059907834,0.1275
HARD_LIMIT,AMATEUR_NOMINAL_PID,8,1.5,25,20,8,0.2,0.4,60,8,1,0,90,90,90,0.838901689708141,0.269038461538462
HARD_LIMIT,CLEAN_RETUNED_PID,8,1.5,25,20,8,0.2,0.4,15,4,0,0,90,90,90,0.746927803379416,0.166730769230769
HARD_LIMIT,BENCH_TUNED_PID,8,1.5,25,20,8,0.2,0.4,5,4,0,0,90,90,90,0.713709677419355,0.149807692307692
HARD_LIMIT,BENCH_TUNED_PCH,8,1.5,25,20,8,0.2,0.4,5,4,0,0,85.5367670179849,90,90,0.655145929339478,0.141346153846154
HARD_LIMIT,AMATEUR_NOMINAL_PID,8,2.5,25,20,8,0.2,0.4,60,8,1,0,90,90,90,0.839285714285714,0.294038461538462
HARD_LIMIT,CLEAN_RETUNED_PID,8,2.5,25,20,8,0.2,0.4,15,4,0,0,90,90,90,0.746927803379416,0.174038461538462
HARD_LIMIT,BENCH_TUNED_PID,8,2.5,25,20,8,0.2,0.4,45,24,0,0,79.547551383684,80.7048242615596,80.7048242615596,0.791858678955453,0.488653846153846
HARD_LIMIT,BENCH_TUNED_PCH,8,2.5,25,20,8,0.2,0.4,10,24,0,0,87.0641255531635,90,90,0.610983102918587,0.307884615384615
HARD_LIMIT,AMATEUR_NOMINAL_PID,10,0.9,25,20,8,0.2,0.4,60,8,1,0,90,90,90,0.854070660522273,0.232692307692308
HARD_LIMIT,CLEAN_RETUNED_PID,10,0.9,25,20,8,0.2,0.4,5,4,0,0,90,90,90,0.762288786482335,0.138846153846154
HARD_LIMIT,BENCH_TUNED_PID,10,0.9,25,20,8,0.2,0.4,5,4,0,0,90,90,90,0.762288786482335,0.138846153846154
HARD_LIMIT,BENCH_TUNED_PCH,10,0.9,25,20,8,0.2,0.4,5,4,0,0,90,90,90,0.684907834101382,0.119230769230769
HARD_LIMIT,AMATEUR_NOMINAL_PID,10,1.5,25,20,8,0.2,0.4,60,8,1,0,90,90,90,0.853494623655914,0.270769230769231
HARD_LIMIT,CLEAN_RETUNED_PID,10,1.5,25,20,8,0.2,0.4,5,4,0,0,90,90,90,0.763056835637481,0.139230769230769
HARD_LIMIT,BENCH_TUNED_PID,10,1.5,25,20,8,0.2,0.4,5,4,0,0,90,90,90,0.763056835637481,0.139230769230769
HARD_LIMIT,BENCH_TUNED_PCH,10,1.5,25,20,8,0.2,0.4,5,4,0,0,90,90,90,0.686443932411674,0.119038461538462
HARD_LIMIT,AMATEUR_NOMINAL_PID,10,2.5,25,20,8,0.2,0.4,60,8,1,0,90,90,90,0.853686635944701,0.258076923076923
HARD_LIMIT,CLEAN_RETUNED_PID,10,2.5,25,20,8,0.2,0.4,5,4,0,0,90,90,90,0.762480798771121,0.141538461538462
HARD_LIMIT,BENCH_TUNED_PID,10,2.5,25,20,8,0.2,0.4,5,4,0,0,90,90,90,0.762480798771121,0.141538461538462
HARD_LIMIT,BENCH_TUNED_PCH,10,2.5,25,20,8,0.2,0.4,5,4,0,0,90,90,90,0.68721198156682,0.119807692307692
HARD_LIMIT,AMATEUR_NOMINAL_PID,12,0.9,25,20,8,0.2,0.4,60,8,1,0,90,90,90,0.860023041474654,0.239615384615385
HARD_LIMIT,CLEAN_RETUNED_PID,12,0.9,25,20,8,0.2,0.4,5,4,0,0,90,90,90,0.791858678955453,0.106730769230769
HARD_LIMIT,BENCH_TUNED_PID,12,0.9,25,20,8,0.2,0.4,5,4,0,0,90,90,90,0.791858678955453,0.106730769230769
HARD_LIMIT,BENCH_TUNED_PCH,12,0.9,25,20,8,0.2,0.4,5,4,0,0,90,90,90,0.737327188940092,0.0871153846153846
HARD_LIMIT,AMATEUR_NOMINAL_PID,12,1.5,25,20,8,0.2,0.4,60,8,1,0,90,90,90,0.859254992319509,0.251730769230769
HARD_LIMIT,CLEAN_RETUNED_PID,12,1.5,25,20,8,0.2,0.4,5,4,0,0,90,90,90,0.790514592933948,0.108269230769231
HARD_LIMIT,BENCH_TUNED_PID,12,1.5,25,20,8,0.2,0.4,5,4,0,0,90,90,90,0.790514592933948,0.108269230769231
HARD_LIMIT,BENCH_TUNED_PCH,12,1.5,25,20,8,0.2,0.4,5,4,0,0,90,90,90,0.735599078341014,0.0894230769230769
HARD_LIMIT,AMATEUR_NOMINAL_PID,12,2.5,25,20,8,0.2,0.4,60,8,1,0,90,90,90,0.864823348694316,0.221730769230769
HARD_LIMIT,CLEAN_RETUNED_PID,12,2.5,25,20,8,0.2,0.4,5,4,0,0,90,90,90,0.790322580645161,0.108461538461538
HARD_LIMIT,BENCH_TUNED_PID,12,2.5,25,20,8,0.2,0.4,5,4,0,0,90,90,90,0.790322580645161,0.108461538461538
HARD_LIMIT,BENCH_TUNED_PCH,12,2.5,25,20,8,0.2,0.4,5,4,0,0,90,90,90,0.734062980030722,0.0909615384615385
