method,p_unstable,gust_std,Kp,Kd,seed,theta0_deg,success,rms_error_deg,peak_error_deg,end_error_deg,max_theta_deg,u_cmd_sat_frac,slew_sat_frac,control_rms,cmd_deg,slew_code,u_max_code,servo_deadband
AMATEUR_BASIC_PID,0,0.3,45,8,101,0,1,0.252462850668067,0.987570781000412,0.383295726083042,20.7352939841799,0,0.0166666666666667,0.494225454517563,20,60,12,0.05
AMATEUR_BASIC_PID,0,0.3,45,8,102,0,1,0.331633885556316,1.26328885176002,0.34804001502095,20.8480704530081,0,0.0194444444444444,0.510881857838775,20,60,12,0.05
AMATEUR_BASIC_PID,0,0.3,45,8,103,0,1,0.760485528245978,1.96570840046777,1.43247279421912,20.5696751051251,0,0.0166666666666667,0.479000731083433,20,60,12,0.05
AMATEUR_BASIC_PID,0,0.3,45,8,104,0,1,0.438649914671829,1.34556487907466,0.398996099779112,21.3455648790747,0,0.0180555555555556,0.505072614484453,20,60,12,0.05
AMATEUR_BASIC_PID,0,0.3,45,8,105,0,1,0.286767560901329,1.05990318737147,0.0474107720082633,21.0599031873715,0,0.0166666666666667,0.484201248526789,20,60,12,0.05
AMATEUR_BASIC_PID,0,0.3,45,8,106,0,1,0.847589939387586,2.04789893619897,1.50178573552264,20.6863744423109,0,0.0166666666666667,0.491647632455023,20,60,12,0.05
AMATEUR_BASIC_PID,0,0.3,45,8,201,3,1,0.44748467382306,2.38611608040077,0.0514611694284223,20.8734966150533,0,0.0194444444444444,0.509399801627351,20,60,12,0.05
AMATEUR_BASIC_PID,0,0.3,45,8,202,3,1,0.543546742482115,2.80676179770569,0.525471297027143,20.8139067401551,0,0.0152777777777778,0.501998763781156,20,60,12,0.05
AMATEUR_BASIC_PID,0,0.3,45,8,203,3,1,0.653127311842916,3.64224363451644,0.15682180687419,20.6744753386392,0,0.0152777777777778,0.514118597323745,20,60,12,0.05
AMATEUR_BASIC_PID,0,0.3,45,8,204,3,1,0.87697541346052,3.78467835417692,1.4273566779788,20.9703253836719,0,0.0208333333333333,0.516146073518085,20,60,12,0.05
AMATEUR_BASIC_PID,0,0.3,45,8,205,3,1,1.26501063410821,3.41883169698147,2.24138265240684,20.3844356543223,0,0.0180555555555556,0.52803980512839,20,60,12,0.05
AMATEUR_BASIC_PID,0,0.3,45,8,206,3,1,1.17578508750408,2.71578269531987,2.18192772506646,21.4587783179048,0,0.0180555555555556,0.514265443270297,20,60,12,0.05
BENCH_TUNED_PID,0,0.3,45,8,101,0,1,0.252462850668067,0.987570781000412,0.383295726083042,20.7352939841799,0,0.0166666666666667,0.494225454517563,20,60,12,0.05
BENCH_TUNED_PID,0,0.3,45,8,102,0,1,0.331633885556316,1.26328885176002,0.34804001502095,20.8480704530081,0,0.0194444444444444,0.510881857838775,20,60,12,0.05
BENCH_TUNED_PID,0,0.3,45,8,103,0,1,0.760485528245978,1.96570840046777,1.43247279421912,20.5696751051251,0,0.0166666666666667,0.479000731083433,20,60,12,0.05
BENCH_TUNED_PID,0,0.3,45,8,104,0,1,0.438649914671829,1.34556487907466,0.398996099779112,21.3455648790747,0,0.0180555555555556,0.505072614484453,20,60,12,0.05
BENCH_TUNED_PID,0,0.3,45,8,105,0,1,0.286767560901329,1.05990318737147,0.0474107720082633,21.0599031873715,0,0.0166666666666667,0.484201248526789,20,60,12,0.05
BENCH_TUNED_PID,0,0.3,45,8,106,0,1,0.847589939387586,2.04789893619897,1.50178573552264,20.6863744423109,0,0.0166666666666667,0.491647632455023,20,60,12,0.05
BENCH_TUNED_PID,0,0.3,45,8,201,3,1,0.44748467382306,2.38611608040077,0.0514611694284223,20.8734966150533,0,0.0194444444444444,0.509399801627351,20,60,12,0.05
BENCH_TUNED_PID,0,0.3,45,8,202,3,1,0.543546742482115,2.80676179770569,0.525471297027143,20.8139067401551,0,0.0152777777777778,0.501998763781156,20,60,12,0.05
BENCH_TUNED_PID,0,0.3,45,8,203,3,1,0.653127311842916,3.64224363451644,0.15682180687419,20.6744753386392,0,0.0152777777777778,0.514118597323745,20,60,12,0.05
BENCH_TUNED_PID,0,0.3,45,8,204,3,1,0.87697541346052,3.78467835417692,1.4273566779788,20.9703253836719,0,0.0208333333333333,0.516146073518085,20,60,12,0.05
BENCH_TUNED_PID,0,0.3,45,8,205,3,1,1.26501063410821,3.41883169698147,2.24138265240684,20.3844356543223,0,0.0180555555555556,0.52803980512839,20,60,12,0.05
BENCH_TUNED_PID,0,0.3,45,8,206,3,1,1.17578508750408,2.71578269531987,2.18192772506646,21.4587783179048,0,0.0180555555555556,0.514265443270297,20,60,12,0.05
BENCH_TUNED_PCH,0,0.3,45,6,101,0,1,0.245645591651957,0.923976262957424,0.373690055471396,20.6890082075036,0,0.00416666666666667,0.500960472661749,20,60,12,0.05
BENCH_TUNED_PCH,0,0.3,45,6,102,0,1,0.327804650150823,1.21513362002835,0.394675951707395,20.8022002020178,0,0.00555555555555556,0.517049176498089,20,60,12,0.05
BENCH_TUNED_PCH,0,0.3,45,6,103,0,1,0.765613184482154,1.9296537116903,1.45785815810756,20.566462602559,0,0.00416666666666667,0.504570105626763,20,60,12,0.05
BENCH_TUNED_PCH,0,0.3,45,6,104,0,1,0.439734339322172,1.27757340763855,0.421576471947328,21.2775734076385,0,0.00833333333333333,0.528008852903238,20,60,12,0.05
BENCH_TUNED_PCH,0,0.3,45,6,105,0,1,0.277122284089152,0.986638900587865,0.0697436678988304,20.9866389005879,0,0.00416666666666667,0.490277554118717,20,60,12,0.05
BENCH_TUNED_PCH,0,0.3,45,6,106,0,1,0.837868185321649,1.94229786815949,1.5125253844672,20.6207622066815,0,0.00833333333333333,0.506222584020164,20,60,12,0.05
BENCH_TUNED_PCH,0,0.3,45,6,201,3,1,0.416290643333984,2.38611608040077,0.0657567607802555,20.800286770243,0,0.00694444444444444,0.521571404128179,20,60,12,0.05
BENCH_TUNED_PCH,0,0.3,45,6,202,3,1,0.508467297941571,2.80676179770569,0.530336524021451,20.7350424583148,0,0.00277777777777778,0.526891036897558,20,60,12,0.05
BENCH_TUNED_PCH,0,0.3,45,6,203,3,1,0.611737631238456,3.64224363451644,0.175824555086954,20.6627615299893,0,0.00555555555555556,0.551491862111736,20,60,12,0.05
BENCH_TUNED_PCH,0,0.3,45,6,204,3,1,0.847771384290664,3.78467835417692,1.40457206106826,20.9112988159622,0,0.00555555555555556,0.540864707236226,20,60,12,0.05
BENCH_TUNED_PCH,0,0.3,45,6,205,3,1,1.24399601909622,3.41883169698147,2.26783110476617,20.3067968657194,0,0.00694444444444444,0.546699719177474,20,60,12,0.05
BENCH_TUNED_PCH,0,0.3,45,6,206,3,1,1.15830737213293,2.71578269531987,2.14683987097309,21.3784327569529,0,0.00694444444444444,0.540287389206188,20,60,12,0.05
AMATEUR_BASIC_PID,0,0.9,45,8,101,0,1,0.272882931348623,0.950664460822409,0.585930711608479,20.775373191099,0,0.0166666666666667,0.513594291965655,20,60,12,0.05
AMATEUR_BASIC_PID,0,0.9,45,8,102,0,1,0.322118578832794,1.3187886122687,0.224427072245231,20.918462580899,0,0.0208333333333333,0.527606997445102,20,60,12,0.05
AMATEUR_BASIC_PID,0,0.9,45,8,103,0,1,0.713949770443319,1.91646883308395,1.26317315756121,20.5231605942155,0,0.0166666666666667,0.490296203943221,20,60,12,0.05
AMATEUR_BASIC_PID,0,0.9,45,8,104,0,1,0.383811424208909,1.36392456237602,0.106711203156073,21.363924562376,0,0.0152777777777778,0.533864790504334,20,60,12,0.05
AMATEUR_BASIC_PID,0,0.9,45,8,105,0,1,0.300324532737469,1.00832220521037,0.117269857202944,21.0083222052104,0,0.0166666666666667,0.488124240656601,20,60,12,0.05
AMATEUR_BASIC_PID,0,0.9,45,8,106,0,1,0.869788666152009,2.05999263657682,1.39549509507173,20.7185974659239,0,0.0152777777777778,0.509592727559038,20,60,12,0.05
AMATEUR_BASIC_PID,0,0.9,45,8,201,3,1,0.473510503352674,2.38611608040077,0.0681187559396677,20.8789951732807,0,0.0208333333333333,0.538407406406967,20,60,12,0.05
AMATEUR_BASIC_PID,0,0.9,45,8,202,3,1,0.529418308830087,2.80676179770569,0.459729242097615,20.7187917156166,0,0.0152777777777778,0.511735143057206,20,60,12,0.05
AMATEUR_BASIC_PID,0,0.9,45,8,203,3,1,0.641298838648088,3.64224363451644,0.117628647743,20.7369747641911,0,0.0166666666666667,0.550894236386393,20,60,12,0.05
AMATEUR_BASIC_PID,0,0.9,45,8,204,3,1,0.857350932320801,3.78467835417692,1.44837188415271,20.9322423024955,0,0.0208333333333333,0.529842716163195,20,60,12,0.05
AMATEUR_BASIC_PID,0,0.9,45,8,205,3,1,1.2957149164741,3.41883169698147,2.21823320461904,20.3546863069339,0,0.0180555555555556,0.553367602126292,20,60,12,0.05
AMATEUR_BASIC_PID,0,0.9,45,8,206,3,1,1.1832559340613,2.71578269531987,2.15893635426049,21.5664747203711,0,0.0180555555555556,0.532528153561261,20,60,12,0.05
BENCH_TUNED_PID,0,0.9,45,8,101,0,1,0.272882931348623,0.950664460822409,0.585930711608479,20.775373191099,0,0.0166666666666667,0.513594291965655,20,60,12,0.05
BENCH_TUNED_PID,0,0.9,45,8,102,0,1,0.322118578832794,1.3187886122687,0.224427072245231,20.918462580899,0,0.0208333333333333,0.527606997445102,20,60,12,0.05
BENCH_TUNED_PID,0,0.9,45,8,103,0,1,0.713949770443319,1.91646883308395,1.26317315756121,20.5231605942155,0,0.0166666666666667,0.490296203943221,20,60,12,0.05
BENCH_TUNED_PID,0,0.9,45,8,104,0,1,0.383811424208909,1.36392456237602,0.106711203156073,21.363924562376,0,0.0152777777777778,0.533864790504334,20,60,12,0.05
BENCH_TUNED_PID,0,0.9,45,8,105,0,1,0.300324532737469,1.00832220521037,0.117269857202944,21.0083222052104,0,0.0166666666666667,0.488124240656601,20,60,12,0.05
BENCH_TUNED_PID,0,0.9,45,8,106,0,1,0.869788666152009,2.05999263657682,1.39549509507173,20.7185974659239,0,0.0152777777777778,0.509592727559038,20,60,12,0.05
BENCH_TUNED_PID,0,0.9,45,8,201,3,1,0.473510503352674,2.38611608040077,0.0681187559396677,20.8789951732807,0,0.0208333333333333,0.538407406406967,20,60,12,0.05
BENCH_TUNED_PID,0,0.9,45,8,202,3,1,0.529418308830087,2.80676179770569,0.459729242097615,20.7187917156166,0,0.0152777777777778,0.511735143057206,20,60,12,0.05
BENCH_TUNED_PID,0,0.9,45,8,203,3,1,0.641298838648088,3.64224363451644,0.117628647743,20.7369747641911,0,0.0166666666666667,0.550894236386393,20,60,12,0.05
BENCH_TUNED_PID,0,0.9,45,8,204,3,1,0.857350932320801,3.78467835417692,1.44837188415271,20.9322423024955,0,0.0208333333333333,0.529842716163195,20,60,12,0.05
BENCH_TUNED_PID,0,0.9,45,8,205,3,1,1.2957149164741,3.41883169698147,2.21823320461904,20.3546863069339,0,0.0180555555555556,0.553367602126292,20,60,12,0.05
BENCH_TUNED_PID,0,0.9,45,8,206,3,1,1.1832559340613,2.71578269531987,2.15893635426049,21.5664747203711,0,0.0180555555555556,0.532528153561261,20,60,12,0.05
BENCH_TUNED_PCH,0,0.9,45,6,101,0,1,0.268406186163041,0.889111526184009,0.554780807336332,20.7068743310874,0,0.00555555555555556,0.525504850416141,20,60,12,0.05
BENCH_TUNED_PCH,0,0.9,45,6,102,0,1,0.317242162817082,1.24141424655219,0.278951984646761,20.8158795457123,0,0.00694444444444444,0.527646734141818,20,60,12,0.05
BENCH_TUNED_PCH,0,0.9,45,6,103,0,1,0.726761012358816,1.8581065903864,1.30625152438479,20.5283208069359,0,0.00555555555555556,0.51298753189434,20,60,12,0.05
BENCH_TUNED_PCH,0,0.9,45,6,104,0,1,0.387023454296993,1.28835207834805,0.224008592543228,21.2883520783481,0,0.0111111111111111,0.560063432807697,20,60,12,0.05
BENCH_TUNED_PCH,0,0.9,45,6,105,0,1,0.288416358677745,0.949245348960157,0.106214400663596,20.9492453489602,0,0.00416666666666667,0.490925508501552,20,60,12,0.05
BENCH_TUNED_PCH,0,0.9,45,6,106,0,1,0.85289157055495,1.9267296549336,1.40280148795447,20.6536337003702,0,0.00972222222222222,0.522449598386604,20,60,12,0.05
BENCH_TUNED_PCH,0,0.9,45,6,201,3,1,0.436187308135393,2.38611608040077,0.110789351846961,20.8465644405172,0,0.00833333333333333,0.550031066950424,20,60,12,0.05
BENCH_TUNED_PCH,0,0.9,45,6,202,3,1,0.500707023522404,2.80676179770569,0.49718791603297,20.6438936701091,0,0.00277777777777778,0.535584147075353,20,60,12,0.05
BENCH_TUNED_PCH,0,0.9,45,6,203,3,1,0.596289288287412,3.64224363451644,0.156671092970928,20.7232203579791,0,0.00833333333333333,0.587910968383248,20,60,12,0.05
BENCH_TUNED_PCH,0,0.9,45,6,204,3,1,0.831119769673985,3.78467835417692,1.46860667481707,20.8934906743013,0,0.00555555555555556,0.554215113132549,20,60,12,0.05
BENCH_TUNED_PCH,0,0.9,45,6,205,3,1,1.26903040759608,3.41883169698147,2.24524568412178,20.2717528660821,0,0.00694444444444444,0.572987630142406,20,60,12,0.05
BENCH_TUNED_PCH,0,0.9,45,6,206,3,1,1.16693834181189,2.71578269531987,2.15308769213964,21.4678281391712,0,0.00972222222222222,0.55723346219207,20,60,12,0.05
AMATEUR_BASIC_PID,0,1.5,45,8,101,0,1,0.306624419831171,1.04715456937499,0.764754473131618,20.8260764110116,0,0.0194444444444444,0.541742789357748,20,60,12,0.05
AMATEUR_BASIC_PID,0,1.5,45,8,102,0,1,0.327166509304689,1.34297845019432,0.0635798245209747,20.9769131524394,0,0.0208333333333333,0.552651644173002,20,60,12,0.05
AMATEUR_BASIC_PID,0,1.5,45,8,103,0,1,0.680597310699784,1.89245395582349,1.09486188206808,20.5000266305314,0,0.0152777777777778,0.522820136983117,20,60,12,0.05
AMATEUR_BASIC_PID,0,1.5,45,8,104,0,1,0.36529441873609,1.38569262339325,0.128591522146705,21.3856926233933,0,0.0166666666666667,0.585377042507462,20,60,12,0.05
AMATEUR_BASIC_PID,0,1.5,45,8,105,0,1,0.324416225614612,0.948283915438002,0.176119692954958,20.948283915438,0,0.0152777777777778,0.499002478593325,20,60,12,0.05
AMATEUR_BASIC_PID,0,1.5,45,8,106,0,1,0.89684289557314,2.07193889006424,1.28716603773194,20.770526717707,0,0.0166666666666667,0.540712950512861,20,60,12,0.05
AMATEUR_BASIC_PID,0,1.5,45,8,201,3,1,0.526830802425166,2.38611608040077,0.0721824994197282,20.8996901867544,0,0.0208333333333333,0.590074375937001,20,60,12,0.05
AMATEUR_BASIC_PID,0,1.5,45,8,202,3,1,0.528503603234248,2.80676179770569,0.384943801645438,20.6308637935142,0,0.0138888888888889,0.535758176362104,20,60,12,0.05
AMATEUR_BASIC_PID,0,1.5,45,8,203,3,1,0.649557911960437,3.64224363451644,0.054473439126945,20.7917772627004,0,0.0152777777777778,0.604346597349033,20,60,12,0.05
AMATEUR_BASIC_PID,0,1.5,45,8,204,3,1,0.843854395204158,3.78467835417692,1.51079000760242,20.9022013619903,0,0.0194444444444444,0.552497864083188,20,60,12,0.05
AMATEUR_BASIC_PID,0,1.5,45,8,205,3,1,1.32931904831453,3.41883169698147,2.17375585189111,20.3204520440876,0,0.0194444444444444,0.594770506656039,20,60,12,0.05
AMATEUR_BASIC_PID,0,1.5,45,8,206,3,1,1.1957787494451,2.71578269531987,2.14570536367758,21.6943072685905,0,0.0208333333333333,0.560034054339886,20,60,12,0.05
BENCH_TUNED_PID,0,1.5,45,8,101,0,1,0.306624419831171,1.04715456937499,0.764754473131618,20.8260764110116,0,0.0194444444444444,0.541742789357748,20,60,12,0.05
BENCH_TUNED_PID,0,1.5,45,8,102,0,1,0.327166509304689,1.34297845019432,0.0635798245209747,20.9769131524394,0,0.0208333333333333,0.552651644173002,20,60,12,0.05
BENCH_TUNED_PID,0,1.5,45,8,103,0,1,0.680597310699784,1.89245395582349,1.09486188206808,20.5000266305314,0,0.0152777777777778,0.522820136983117,20,60,12,0.05
BENCH_TUNED_PID,0,1.5,45,8,104,0,1,0.36529441873609,1.38569262339325,0.128591522146705,21.3856926233933,0,0.0166666666666667,0.585377042507462,20,60,12,0.05
BENCH_TUNED_PID,0,1.5,45,8,105,0,1,0.324416225614612,0.948283915438002,0.176119692954958,20.948283915438,0,0.0152777777777778,0.499002478593325,20,60,12,0.05
BENCH_TUNED_PID,0,1.5,45,8,106,0,1,0.89684289557314,2.07193889006424,1.28716603773194,20.770526717707,0,0.0166666666666667,0.540712950512861,20,60,12,0.05
BENCH_TUNED_PID,0,1.5,45,8,201,3,1,0.526830802425166,2.38611608040077,0.0721824994197282,20.8996901867544,0,0.0208333333333333,0.590074375937001,20,60,12,0.05
BENCH_TUNED_PID,0,1.5,45,8,202,3,1,0.528503603234248,2.80676179770569,0.384943801645438,20.6308637935142,0,0.0138888888888889,0.535758176362104,20,60,12,0.05
BENCH_TUNED_PID,0,1.5,45,8,203,3,1,0.649557911960437,3.64224363451644,0.054473439126945,20.7917772627004,0,0.0152777777777778,0.604346597349033,20,60,12,0.05
BENCH_TUNED_PID,0,1.5,45,8,204,3,1,0.843854395204158,3.78467835417692,1.51079000760242,20.9022013619903,0,0.0194444444444444,0.552497864083188,20,60,12,0.05
BENCH_TUNED_PID,0,1.5,45,8,205,3,1,1.32931904831453,3.41883169698147,2.17375585189111,20.3204520440876,0,0.0194444444444444,0.594770506656039,20,60,12,0.05
BENCH_TUNED_PID,0,1.5,45,8,206,3,1,1.1957787494451,2.71578269531987,2.14570536367758,21.6943072685905,0,0.0208333333333333,0.560034054339886,20,60,12,0.05
BENCH_TUNED_PCH,0,1.5,45,8,101,0,1,0.265893308807748,0.88584669456029,0.657229542954513,20.7105157187943,0,0.0291666666666667,0.571110722160906,20,60,12,0.05
BENCH_TUNED_PCH,0,1.5,45,8,102,0,1,0.3029906211163,1.23553275551777,0.166031832354244,20.8461682073723,0,0.0305555555555556,0.587674040544675,20,60,12,0.05
BENCH_TUNED_PCH,0,1.5,45,8,103,0,1,0.694316881453624,1.8110614786363,1.18769474473976,20.3585682201782,0,0.0277777777777778,0.577906419406399,20,60,12,0.05
BENCH_TUNED_PCH,0,1.5,45,8,104,0,1,0.340641633970746,1.24746245372193,0.0254411932606526,21.2474624537219,0,0.0319444444444444,0.626458380033514,20,60,12,0.05
BENCH_TUNED_PCH,0,1.5,45,8,105,0,1,0.288032353181864,0.842078370932285,0.13539249217943,20.8420783709323,0,0.0222222222222222,0.538456665842598,20,60,12,0.05
BENCH_TUNED_PCH,0,1.5,45,8,106,0,1,0.871362892665985,1.9909767992652,1.34632086888369,20.6652852956197,0,0.0291666666666667,0.583173268869156,20,60,12,0.05
BENCH_TUNED_PCH,0,1.5,45,8,201,3,1,0.472873771662778,2.38611608040077,0.0976609330521366,20.7608614563654,0,0.0277777777777778,0.612944298718394,20,60,12,0.05
BENCH_TUNED_PCH,0,1.5,45,8,202,3,1,0.512908646806903,2.80676179770569,0.461343216856157,20.5853449706966,0,0.0263888888888889,0.571338107620329,20,60,12,0.05
BENCH_TUNED_PCH,0,1.5,45,8,203,3,1,0.628045561425794,3.64224363451644,0.0884321560647162,20.6976341820308,0,0.0388888888888889,0.644867791744123,20,60,12,0.05
BENCH_TUNED_PCH,0,1.5,45,8,204,3,1,0.850583048398384,3.78467835417692,1.48805054933039,20.8223367098028,0,0.0236111111111111,0.584279424956785,20,60,12,0.05
BENCH_TUNED_PCH,0,1.5,45,8,205,3,1,1.29814623596755,3.41883169698147,2.21303841100499,20.2092249455497,0,0.0416666666666667,0.638798426293802,20,60,12,0.05
BENCH_TUNED_PCH,0,1.5,45,8,206,3,1,1.18869764142613,2.71578269531987,2.15477297677301,21.5328490697368,0,0.0333333333333333,0.581655184141823,20,60,12,0.05
AMATEUR_BASIC_PID,4,0.3,45,8,101,0,1,0.725358649348261,1.99838723352308,0.395576694004224,21.6744537691461,0,0.0180555555555556,0.789512293274688,20,60,12,0.05
AMATEUR_BASIC_PID,4,0.3,45,8,102,0,1,0.708247708182049,1.81944356292371,0.403693651212118,21.7484404842729,0,0.0180555555555556,0.796539344133583,20,60,12,0.05
AMATEUR_BASIC_PID,4,0.3,45,8,103,0,1,0.804857142605599,1.90372534063544,1.52848809032627,21.4868132815433,0,0.0166666666666667,0.777908350033215,20,60,12,0.05
AMATEUR_BASIC_PID,4,0.3,45,8,104,0,1,1.0824100340242,2.37987945255625,0.42339016563578,22.2982018044253,0,0.0194444444444444,0.783470114138104,20,60,12,0.05
AMATEUR_BASIC_PID,4,0.3,45,8,105,0,1,0.876736599472454,2.02819407224394,0.0528017558098562,22.0020541785053,0,0.0166666666666667,0.787271675015304,20,60,12,0.05
AMATEUR_BASIC_PID,4,0.3,45,8,106,0,1,0.878947784039213,1.96579706952008,1.59220892964107,21.6013248207822,0,0.0166666666666667,0.778773382080364,20,60,12,0.05
AMATEUR_BASIC_PID,4,0.3,45,8,201,3,1,0.835138954396358,2.38611608040077,0.0692239425494557,21.8121970506754,0,0.0208333333333333,0.779908816533199,20,60,12,0.05
AMATEUR_BASIC_PID,4,0.3,45,8,202,3,1,0.918055989809127,2.80676179770569,0.548994193735989,21.7735876333623,0,0.0180555555555556,0.774122023384895,20,60,12,0.05
AMATEUR_BASIC_PID,4,0.3,45,8,203,3,1,0.879941482455869,3.64224363451644,0.155188118728043,21.6034170020066,0,0.0152777777777778,0.815396889927304,20,60,12,0.05
AMATEUR_BASIC_PID,4,0.3,45,8,204,3,1,1.30715129756722,3.78467835417692,1.50178104287157,21.911329902535,0,0.0208333333333333,0.79489831614695,20,60,12,0.05
AMATEUR_BASIC_PID,4,0.3,45,8,205,3,1,1.20716977290815,3.41883169698147,2.38661123786394,21.3167499599284,0,0.0180555555555556,0.78882471209592,20,60,12,0.05
AMATEUR_BASIC_PID,4,0.3,45,8,206,3,1,1.72413558905547,3.04654023578839,2.31670651107358,22.4236212129851,0,0.0180555555555556,0.814715348196646,20,60,12,0.05
BENCH_TUNED_PID,4,0.3,45,8,101,0,1,0.725358649348261,1.99838723352308,0.395576694004224,21.6744537691461,0,0.0180555555555556,0.789512293274688,20,60,12,0.05
BENCH_TUNED_PID,4,0.3,45,8,102,0,1,0.708247708182049,1.81944356292371,0.403693651212118,21.7484404842729,0,0.0180555555555556,0.796539344133583,20,60,12,0.05
BENCH_TUNED_PID,4,0.3,45,8,103,0,1,0.804857142605599,1.90372534063544,1.52848809032627,21.4868132815433,0,0.0166666666666667,0.777908350033215,20,60,12,0.05
BENCH_TUNED_PID,4,0.3,45,8,104,0,1,1.0824100340242,2.37987945255625,0.42339016563578,22.2982018044253,0,0.0194444444444444,0.783470114138104,20,60,12,0.05
BENCH_TUNED_PID,4,0.3,45,8,105,0,1,0.876736599472454,2.02819407224394,0.0528017558098562,22.0020541785053,0,0.0166666666666667,0.787271675015304,20,60,12,0.05
BENCH_TUNED_PID,4,0.3,45,8,106,0,1,0.878947784039213,1.96579706952008,1.59220892964107,21.6013248207822,0,0.0166666666666667,0.778773382080364,20,60,12,0.05
BENCH_TUNED_PID,4,0.3,45,8,201,3,1,0.835138954396358,2.38611608040077,0.0692239425494557,21.8121970506754,0,0.0208333333333333,0.779908816533199,20,60,12,0.05
BENCH_TUNED_PID,4,0.3,45,8,202,3,1,0.918055989809127,2.80676179770569,0.548994193735989,21.7735876333623,0,0.0180555555555556,0.774122023384895,20,60,12,0.05
BENCH_TUNED_PID,4,0.3,45,8,203,3,1,0.879941482455869,3.64224363451644,0.155188118728043,21.6034170020066,0,0.0152777777777778,0.815396889927304,20,60,12,0.05
BENCH_TUNED_PID,4,0.3,45,8,204,3,1,1.30715129756722,3.78467835417692,1.50178104287157,21.911329902535,0,0.0208333333333333,0.79489831614695,20,60,12,0.05
BENCH_TUNED_PID,4,0.3,45,8,205,3,1,1.20716977290815,3.41883169698147,2.38661123786394,21.3167499599284,0,0.0180555555555556,0.78882471209592,20,60,12,0.05
BENCH_TUNED_PID,4,0.3,45,8,206,3,1,1.72413558905547,3.04654023578839,2.31670651107358,22.4236212129851,0,0.0180555555555556,0.814715348196646,20,60,12,0.05
BENCH_TUNED_PCH,4,0.3,45,6,101,0,1,0.432173509004371,1.38452047229918,0.334267363836039,21.3845204722992,0,0.0597222222222222,0.870012872902755,20,60,12,0.05
BENCH_TUNED_PCH,4,0.3,45,6,102,0,1,0.46567479133216,1.50928544067607,0.378075310090959,21.5092854406761,0,0.0638888888888889,0.870974345341823,20,60,12,0.05
BENCH_TUNED_PCH,4,0.3,45,6,103,0,1,0.750871910436098,1.81579880259436,1.48050080312665,21.2667677672075,0,0.0597222222222222,0.871834571704101,20,60,12,0.05
BENCH_TUNED_PCH,4,0.3,45,6,104,0,1,0.779206196552453,2.0099958346349,0.458966372047471,22.0099958346349,0,0.0541666666666667,0.848954986782827,20,60,12,0.05
BENCH_TUNED_PCH,4,0.3,45,6,105,0,1,0.579170250324001,1.66948448010141,0.00126868040942024,21.6694844801014,0,0.0513888888888889,0.859283935668183,20,60,12,0.05
BENCH_TUNED_PCH,4,0.3,45,6,106,0,1,0.820564310661769,1.91048555226534,1.52751307750792,21.3211356549299,0,0.0458333333333333,0.845102665134226,20,60,12,0.05
BENCH_TUNED_PCH,4,0.3,45,6,201,3,1,0.579440743871303,2.38611608040077,0.159443772026678,21.5554995707766,0,0.0472222222222222,0.856603948995922,20,60,12,0.05
BENCH_TUNED_PCH,4,0.3,45,6,202,3,1,0.674492636080137,2.80676179770569,0.50113583733859,21.4607075047853,0,0.0638888888888889,0.888560843988261,20,60,12,0.05
BENCH_TUNED_PCH,4,0.3,45,6,203,3,1,0.678417816043072,3.64224363451644,0.130109730290141,21.346805771361,0,0.0763888888888889,0.930822002304884,20,60,12,0.05
BENCH_TUNED_PCH,4,0.3,45,6,204,3,1,1.04209126162834,3.78467835417692,1.52349999447318,21.631572810662,0,0.0666666666666667,0.903320032872008,20,60,12,0.05
BENCH_TUNED_PCH,4,0.3,45,6,205,3,1,1.18914041019216,3.41883169698147,2.28767766851693,20.9602375839882,0,0.0597222222222222,0.886056857558273,20,60,12,0.05
BENCH_TUNED_PCH,4,0.3,45,6,206,3,1,1.41033795706199,2.71578269531987,2.29233904166851,22.0620249802675,0,0.0625,0.896838529852009,20,60,12,0.05
AMATEUR_BASIC_PID,4,0.9,45,8,101,0,1,0.754904089504784,2.07894894698074,0.611094498712437,21.7237740815558,0,0.0180555555555556,0.813139655682955,20,60,12,0.05
AMATEUR_BASIC_PID,4,0.9,45,8,102,0,1,0.724310245970465,1.85426928904776,0.234373167675372,21.8542692890478,0,0.0208333333333333,0.814351828054404,20,60,12,0.05
AMATEUR_BASIC_PID,4,0.9,45,8,103,0,1,0.795486448782904,1.85909469067149,1.35035651918668,21.444127910306,0,0.0166666666666667,0.80754931957866,20,60,12,0.05
AMATEUR_BASIC_PID,4,0.9,45,8,104,0,1,1.0214640758256,2.3313060725863,0.124867314748185,22.3313060725863,0,0.0180555555555556,0.771000850430076,20,60,12,0.05
AMATEUR_BASIC_PID,4,0.9,45,8,105,0,1,0.897642709753313,2.03400168580782,0.119157271358578,21.9611182781446,0,0.0166666666666667,0.797827111466154,20,60,12,0.05
AMATEUR_BASIC_PID,4,0.9,45,8,106,0,1,0.920442289936267,1.98721693174089,1.48610559266591,21.6476677080746,0,0.0152777777777778,0.803694445682322,20,60,12,0.05
AMATEUR_BASIC_PID,4,0.9,45,8,201,3,1,0.807424293331926,2.38611608040077,0.0686853252602062,21.8284095393961,0,0.0208333333333333,0.771127908555776,20,60,12,0.05
AMATEUR_BASIC_PID,4,0.9,45,8,202,3,1,0.862987222355272,2.80676179770569,0.450717946573383,21.6749125581054,0,0.0138888888888889,0.74788184840274,20,60,12,0.05
AMATEUR_BASIC_PID,4,0.9,45,8,203,3,1,0.935712179452576,3.64224363451644,0.102312106554855,21.6710307057898,0,0.0166666666666667,0.880794421032952,20,60,12,0.05
AMATEUR_BASIC_PID,4,0.9,45,8,204,3,1,1.28074161765131,3.78467835417692,1.54867534959493,21.8846981986664,0,0.0208333333333333,0.790928997845978,20,60,12,0.05
AMATEUR_BASIC_PID,4,0.9,45,8,205,3,1,1.22565356582384,3.41883169698147,2.35462219942427,21.2635326879557,0,0.0180555555555556,0.791496235901478,20,60,12,0.05
AMATEUR_BASIC_PID,4,0.9,45,8,206,3,1,1.73389533046972,3.01590496683332,2.29383665357844,22.5302745390007,0,0.0194444444444444,0.827149351316998,20,60,12,0.05
BENCH_TUNED_PID,4,0.9,45,8,101,0,1,0.754904089504784,2.07894894698074,0.611094498712437,21.7237740815558,0,0.0180555555555556,0.813139655682955,20,60,12,0.05
BENCH_TUNED_PID,4,0.9,45,8,102,0,1,0.724310245970465,1.85426928904776,0.234373167675372,21.8542692890478,0,0.0208333333333333,0.814351828054404,20,60,12,0.05
BENCH_TUNED_PID,4,0.9,45,8,103,0,1,0.795486448782904,1.85909469067149,1.35035651918668,21.444127910306,0,0.0166666666666667,0.80754931957866,20,60,12,0.05
BENCH_TUNED_PID,4,0.9,45,8,104,0,1,1.0214640758256,2.3313060725863,0.124867314748185,22.3313060725863,0,0.0180555555555556,0.771000850430076,20,60,12,0.05
BENCH_TUNED_PID,4,0.9,45,8,105,0,1,0.897642709753313,2.03400168580782,0.119157271358578,21.9611182781446,0,0.0166666666666667,0.797827111466154,20,60,12,0.05
BENCH_TUNED_PID,4,0.9,45,8,106,0,1,0.920442289936267,1.98721693174089,1.48610559266591,21.6476677080746,0,0.0152777777777778,0.803694445682322,20,60,12,0.05
BENCH_TUNED_PID,4,0.9,45,8,201,3,1,0.807424293331926,2.38611608040077,0.0686853252602062,21.8284095393961,0,0.0208333333333333,0.771127908555776,20,60,12,0.05
BENCH_TUNED_PID,4,0.9,45,8,202,3,1,0.862987222355272,2.80676179770569,0.450717946573383,21.6749125581054,0,0.0138888888888889,0.74788184840274,20,60,12,0.05
BENCH_TUNED_PID,4,0.9,45,8,203,3,1,0.935712179452576,3.64224363451644,0.102312106554855,21.6710307057898,0,0.0166666666666667,0.880794421032952,20,60,12,0.05
BENCH_TUNED_PID,4,0.9,45,8,204,3,1,1.28074161765131,3.78467835417692,1.54867534959493,21.8846981986664,0,0.0208333333333333,0.790928997845978,20,60,12,0.05
BENCH_TUNED_PID,4,0.9,45,8,205,3,1,1.22565356582384,3.41883169698147,2.35462219942427,21.2635326879557,0,0.0180555555555556,0.791496235901478,20,60,12,0.05
BENCH_TUNED_PID,4,0.9,45,8,206,3,1,1.73389533046972,3.01590496683332,2.29383665357844,22.5302745390007,0,0.0194444444444444,0.827149351316998,20,60,12,0.05
BENCH_TUNED_PCH,4,0.9,45,6,101,0,1,0.447206213229973,1.35178204389512,0.486174154286329,21.3517820438951,0,0.0611111111111111,0.892482238461139,20,60,12,0.05
BENCH_TUNED_PCH,4,0.9,45,6,102,0,1,0.465562421147623,1.51394611110071,0.281872426161631,21.5139461111007,0,0.0722222222222222,0.88991133517755,20,60,12,0.05
BENCH_TUNED_PCH,4,0.9,45,6,103,0,1,0.747159946977581,1.89439661364427,1.35783849937522,21.2735485281402,0,0.0847222222222222,0.943686768827857,20,60,12,0.05
BENCH_TUNED_PCH,4,0.9,45,6,104,0,1,0.756317835710322,2.11839554350402,0.284165349782385,22.118395543504,0,0.0458333333333333,0.825189828125126,20,60,12,0.05
BENCH_TUNED_PCH,4,0.9,45,6,105,0,1,0.588943653517439,1.61276650338951,0.0464888423754913,21.6127665033895,0,0.0527777777777778,0.869799780600528,20,60,12,0.05
BENCH_TUNED_PCH,4,0.9,45,6,106,0,1,0.837895098522541,1.92313804446595,1.43794870016894,21.3367142321589,0,0.0597222222222222,0.878552627421846,20,60,12,0.05
BENCH_TUNED_PCH,4,0.9,45,6,201,3,1,0.57885816623244,2.38611608040077,0.188379361974067,21.5961204149007,0,0.0388888888888889,0.843336625371154,20,60,12,0.05
BENCH_TUNED_PCH,4,0.9,45,6,202,3,1,0.662638261057744,2.80676179770569,0.467676849566882,21.416964914028,0,0.0541666666666667,0.852080016438939,20,60,12,0.05
BENCH_TUNED_PCH,4,0.9,45,6,203,3,1,0.69722173501024,3.64224363451644,0.103114128590884,21.3751083846026,0,0.118055555555556,1.04901276912834,20,60,12,0.05
BENCH_TUNED_PCH,4,0.9,45,6,204,3,1,1.03566004437175,3.78467835417692,1.57681885249214,21.5990043661737,0,0.0638888888888889,0.889079662874924,20,60,12,0.05
BENCH_TUNED_PCH,4,0.9,45,6,205,3,1,1.20130771063317,3.41883169698147,2.26178662560922,20.8826082602357,0,0.0638888888888889,0.896205953572321,20,60,12,0.05
BENCH_TUNED_PCH,4,0.9,45,6,206,3,1,1.41891466607647,2.71578269531987,2.28999944969579,22.0643503897105,0,0.0722222222222222,0.918558098020866,20,60,12,0.05
AMATEUR_BASIC_PID,4,1.5,45,8,101,0,1,0.79318865997076,2.18415686792944,0.793745039562924,21.7792243175081,0,0.0180555555555556,0.842798048022795,20,60,12,0.05
AMATEUR_BASIC_PID,4,1.5,45,8,102,0,1,0.743751403407791,1.93321317684458,0.0602742986858209,21.9332131768446,0,0.0222222222222222,0.843601430250405,20,60,12,0.05
AMATEUR_BASIC_PID,4,1.5,45,8,103,0,1,0.796747597057982,1.84095632646117,1.16808674520048,21.4198526043284,0,0.0138888888888889,0.849090241736549,20,60,12,0.05
AMATEUR_BASIC_PID,4,1.5,45,8,104,0,1,0.972861624032026,2.34452675952595,0.131015675692151,22.344526759526,0,0.0180555555555556,0.773293681158379,20,60,12,0.05
AMATEUR_BASIC_PID,4,1.5,45,8,105,0,1,0.913960402339131,2.02294433781237,0.187489642789191,21.9013462387471,0,0.0152777777777778,0.81249002874823,20,60,12,0.05
AMATEUR_BASIC_PID,4,1.5,45,8,106,0,1,0.963401157693063,1.99962503911892,1.37666819779743,21.6981734686736,0,0.0166666666666667,0.835057183052804,20,60,12,0.05
AMATEUR_BASIC_PID,4,1.5,45,8,201,3,1,0.797647068709656,2.38611608040077,0.0554177160254211,21.8397872379449,0,0.0208333333333333,0.781318116446921,20,60,12,0.05
AMATEUR_BASIC_PID,4,1.5,45,8,202,3,1,0.812896343230974,2.80676179770569,0.395363610060307,21.5567635449398,0,0.0138888888888889,0.727420738248429,20,60,12,0.05
AMATEUR_BASIC_PID,4,1.5,45,8,203,3,1,1.00390380999892,3.64224363451644,0.0423711889271167,21.7368474263741,0,0.0180555555555556,0.959952179819852,20,60,12,0.05
AMATEUR_BASIC_PID,4,1.5,45,8,204,3,1,1.25227598145664,3.78467835417692,1.60080545000573,21.8199088455429,0,0.0194444444444444,0.792725242697559,20,60,12,0.05
AMATEUR_BASIC_PID,4,1.5,45,8,205,3,1,1.25345687810285,3.41883169698147,2.30782581002902,21.2417243686233,0,0.0194444444444444,0.809469428999597,20,60,12,0.05
AMATEUR_BASIC_PID,4,1.5,45,8,206,3,1,1.74458294760782,2.98307546735467,2.27767235335631,22.6484432620832,0,0.0208333333333333,0.844268250243034,20,60,12,0.05
BENCH_TUNED_PID,4,1.5,45,16,101,0,1,0.744544959773253,1.9054029111382,0.569106257096169,21.5505596440272,0,0.0930555555555556,0.901801206064122,20,60,12,0.05
BENCH_TUNED_PID,4,1.5,45,16,102,0,1,0.667045556395286,1.70965825402784,0.0678429464684464,21.616003627006,0,0.0958333333333333,0.901582307473152,20,60,12,0.05
BENCH_TUNED_PID,4,1.5,45,16,103,0,1,0.702637588739625,1.52064473646291,1.22915621956292,21.1544055492585,0,0.101388888888889,0.929946910996478,20,60,12,0.05
BENCH_TUNED_PID,4,1.5,45,16,104,0,1,0.928557945589147,2.01792462788234,0.0258657707531605,21.8173877457579,0,0.0958333333333333,0.83581285191262,20,60,12,0.05
BENCH_TUNED_PID,4,1.5,45,16,105,0,1,0.850895458142569,1.8981767820134,0.177617433089874,21.7266907459627,0,0.0972222222222222,0.885082407587848,20,60,12,0.05
BENCH_TUNED_PID,4,1.5,45,16,106,0,1,0.850048169461156,1.72900597775884,1.46193550097834,21.3183590930772,0,0.0944444444444444,0.884129454448489,20,60,12,0.05
BENCH_TUNED_PID,4,1.5,45,16,201,3,1,0.842277226760476,2.38611608040077,0.0850302328151898,21.5512366799694,0,0.0944444444444444,0.830774812486062,20,60,12,0.05
BENCH_TUNED_PID,4,1.5,45,16,202,3,1,0.880479147804197,2.80676179770569,0.394055551185581,21.3136039959584,0,0.104166666666667,0.813097106453049,20,60,12,0.05
BENCH_TUNED_PID,4,1.5,45,16,203,3,1,1.10459385876548,3.64224363451644,0.110017955367213,21.6142137095189,0,0.0972222222222222,1.0024938713352,20,60,12,0.05
BENCH_TUNED_PID,4,1.5,45,16,204,3,1,1.42463446080977,3.78467835417692,1.49308307566963,21.7965529089653,0,0.0986111111111111,0.863544176751922,20,60,12,0.05
BENCH_TUNED_PID,4,1.5,45,16,205,3,1,1.24132728057616,3.41883169698147,2.31897462359573,21.1420019238062,0,0.106944444444444,0.869680797911672,20,60,12,0.05
BENCH_TUNED_PID,4,1.5,45,16,206,3,1,1.8122860026158,2.85530030549318,2.29412290941908,22.5493412159625,0,0.101388888888889,0.906873541159451,20,60,12,0.05
BENCH_TUNED_PCH,4,1.5,45,6,101,0,1,0.466389404849432,1.3187473271599,0.620559815861689,21.3187473271599,0,0.0694444444444444,0.91918059471847,20,60,12,0.05
BENCH_TUNED_PCH,4,1.5,45,6,102,0,1,0.473229293435526,1.52285080795227,0.213176213108995,21.5228508079523,0,0.0763888888888889,0.922020607903889,20,60,12,0.05
BENCH_TUNED_PCH,4,1.5,45,6,103,0,1,0.741183282338222,1.90907525076651,1.24056164202718,21.2602772234361,0,0.105555555555556,1.01520558312522,20,60,12,0.05
BENCH_TUNED_PCH,4,1.5,45,6,104,0,1,0.733108967400213,2.17839868324441,0.0948884986317088,22.1783986832444,0,0.0444444444444444,0.820784058119105,20,60,12,0.05
BENCH_TUNED_PCH,4,1.5,45,6,105,0,1,0.59007016678686,1.52920455383838,0.108190662895831,21.5292045538384,0,0.0513888888888889,0.887274941897018,20,60,12,0.05
BENCH_TUNED_PCH,4,1.5,45,6,106,0,1,0.864246481260565,1.98125695296402,1.35177479798868,21.364427480239,0,0.0805555555555556,0.936255922649293,20,60,12,0.05
BENCH_TUNED_PCH,4,1.5,45,6,201,3,1,0.587800447022979,2.38611608040077,0.224960619409866,21.6438006788745,0,0.0416666666666667,0.850282303403912,20,60,12,0.05
BENCH_TUNED_PCH,4,1.5,45,6,202,3,1,0.646291350774679,2.80676179770569,0.441577113132282,21.3870938077692,0,0.0430555555555556,0.817782562803262,20,60,12,0.05
BENCH_TUNED_PCH,4,1.5,45,6,203,3,1,0.718176116320779,3.64224363451644,0.114030807165788,21.3833585856187,0,0.144444444444444,1.16138784963818,20,60,12,0.05
BENCH_TUNED_PCH,4,1.5,45,6,204,3,1,1.03132913194607,3.78467835417692,1.61553920505993,21.5793102622101,0,0.0652777777777778,0.893895051432157,20,60,12,0.05
BENCH_TUNED_PCH,4,1.5,45,6,205,3,1,1.22328382728714,3.41883169698147,2.27433729445176,20.7940451972175,0,0.0666666666666667,0.913307340485061,20,60,12,0.05
BENCH_TUNED_PCH,4,1.5,45,6,206,3,1,1.42508917460463,2.71578269531987,2.29029611220182,22.0966188686032,0,0.0777777777777778,0.939703041882443,20,60,12,0.05
AMATEUR_BASIC_PID,6,0.3,45,16,101,0,1,1.53491541979191,3.36140381548046,0.206966945438222,22.6384893635783,0,0.0958333333333333,1.49124551381617,20,60,12,0.05
AMATEUR_BASIC_PID,6,0.3,45,16,102,0,1,1.46439119078902,3.26307895903863,0.267683789650659,22.4667214336419,0,0.0930555555555556,1.48860201188163,20,60,12,0.05
AMATEUR_BASIC_PID,6,0.3,45,16,103,0,1,1.26036199276995,2.68907319072493,1.4831989487487,22.1658979818963,0,0.0972222222222222,1.47607118744712,20,60,12,0.05
AMATEUR_BASIC_PID,6,0.3,45,16,104,0,1,1.95124674075145,3.88162048604526,0.593070606946545,23.1274811177751,0,0.0972222222222222,1.49589446297011,20,60,12,0.05
AMATEUR_BASIC_PID,6,0.3,45,16,105,0,1,1.70896600106011,3.51191823692271,0.132454996170643,22.7775154625673,0,0.0916666666666667,1.49828171803835,20,60,12,0.05
AMATEUR_BASIC_PID,6,0.3,45,16,106,0,1,1.31095177344487,2.61298252284538,1.54611944949506,22.2022108579545,0,0.0944444444444444,1.45991797603133,20,60,12,0.05
AMATEUR_BASIC_PID,6,0.3,45,16,201,3,1,1.68077639104557,3.37422847917524,0.192984810068128,22.6067996940012,0,0.1,1.47457641721099,20,60,12,0.05
AMATEUR_BASIC_PID,6,0.3,45,16,202,3,1,1.72853346392653,3.48305678073124,0.412911710029028,22.6960154192588,0,0.105555555555556,1.47979166168728,20,60,12,0.05
AMATEUR_BASIC_PID,6,0.3,45,16,203,3,1,1.68501336724216,3.64224363451644,0.0395209763643186,22.4519222481448,0,0.101388888888889,1.51339478118365,20,60,12,0.05
AMATEUR_BASIC_PID,6,0.3,45,16,204,3,1,2.23467416896846,3.86741772028462,1.77068440868773,23.0859595455715,0,0.102777777777778,1.5166079200549,20,60,12,0.05
AMATEUR_BASIC_PID,6,0.3,45,16,205,3,1,1.49680117060188,3.41888963259689,2.39401070049294,22.0580914818532,0,0.102777777777778,1.45242063910171,20,60,12,0.05
AMATEUR_BASIC_PID,6,0.3,45,16,206,3,1,2.66702193054977,4.56874020379903,2.59551705899441,23.8063501776118,0,0.0972222222222222,1.55740789663052,20,60,12,0.05
BENCH_TUNED_PID,6,0.3,45,16,101,0,1,1.53491541979191,3.36140381548046,0.206966945438222,22.6384893635783,0,0.0958333333333333,1.49124551381617,20,60,12,0.05
BENCH_TUNED_PID,6,0.3,45,16,102,0,1,1.46439119078902,3.26307895903863,0.267683789650659,22.4667214336419,0,0.0930555555555556,1.48860201188163,20,60,12,0.05
BENCH_TUNED_PID,6,0.3,45,16,103,0,1,1.26036199276995,2.68907319072493,1.4831989487487,22.1658979818963,0,0.0972222222222222,1.47607118744712,20,60,12,0.05
BENCH_TUNED_PID,6,0.3,45,16,104,0,1,1.95124674075145,3.88162048604526,0.593070606946545,23.1274811177751,0,0.0972222222222222,1.49589446297011,20,60,12,0.05
BENCH_TUNED_PID,6,0.3,45,16,105,0,1,1.70896600106011,3.51191823692271,0.132454996170643,22.7775154625673,0,0.0916666666666667,1.49828171803835,20,60,12,0.05
BENCH_TUNED_PID,6,0.3,45,16,106,0,1,1.31095177344487,2.61298252284538,1.54611944949506,22.2022108579545,0,0.0944444444444444,1.45991797603133,20,60,12,0.05
BENCH_TUNED_PID,6,0.3,45,16,201,3,1,1.68077639104557,3.37422847917524,0.192984810068128,22.6067996940012,0,0.1,1.47457641721099,20,60,12,0.05
BENCH_TUNED_PID,6,0.3,45,16,202,3,1,1.72853346392653,3.48305678073124,0.412911710029028,22.6960154192588,0,0.105555555555556,1.47979166168728,20,60,12,0.05
BENCH_TUNED_PID,6,0.3,45,16,203,3,1,1.68501336724216,3.64224363451644,0.0395209763643186,22.4519222481448,0,0.101388888888889,1.51339478118365,20,60,12,0.05
BENCH_TUNED_PID,6,0.3,45,16,204,3,1,2.23467416896846,3.86741772028462,1.77068440868773,23.0859595455715,0,0.102777777777778,1.5166079200549,20,60,12,0.05
BENCH_TUNED_PID,6,0.3,45,16,205,3,1,1.49680117060188,3.41888963259689,2.39401070049294,22.0580914818532,0,0.102777777777778,1.45242063910171,20,60,12,0.05
BENCH_TUNED_PID,6,0.3,45,16,206,3,1,2.66702193054977,4.56874020379903,2.59551705899441,23.8063501776118,0,0.0972222222222222,1.55740789663052,20,60,12,0.05
BENCH_TUNED_PCH,6,0.3,30,6,101,0,1,0.784558454459156,2.02066791951587,0.399256890432949,22.0206679195159,0,0.168055555555556,1.50010381271038,20,60,12,0.05
BENCH_TUNED_PCH,6,0.3,30,6,102,0,1,0.816186526747588,1.9722348819109,0.450825392608167,21.9722348819109,0,0.208333333333333,1.5640568311488,20,60,12,0.05
BENCH_TUNED_PCH,6,0.3,30,6,103,0,1,0.902091532322993,1.86038882102056,1.60861850748444,21.8603888210206,0,0.170833333333333,1.48077395970709,20,60,12,0.05
BENCH_TUNED_PCH,6,0.3,30,6,104,0,1,1.14103971811415,2.60037020060425,0.424658555970057,22.6003702006043,0,0.166666666666667,1.50069414691362,20,60,12,0.05
BENCH_TUNED_PCH,6,0.3,30,6,105,0,1,0.959780273708069,2.40188244218346,0.0436316711486604,22.4018824421835,0,0.180555555555556,1.52496089952171,20,60,12,0.05
BENCH_TUNED_PCH,6,0.3,30,6,106,0,1,0.973863624550648,1.96789735922682,1.6810800415012,21.9678973592268,0,0.143055555555556,1.4534199100487,20,60,12,0.05
BENCH_TUNED_PCH,6,0.3,30,6,201,3,1,0.917766176464393,2.38692941319235,0.08440111676005,22.057783583212,0,0.173611111111111,1.48269290459427,20,60,12,0.05
BENCH_TUNED_PCH,6,0.3,30,6,202,3,1,1.02553041991375,2.80790054109755,0.578658135471186,22.2012076711339,0,0.205555555555556,1.53145544168227,20,60,12,0.05
BENCH_TUNED_PCH,6,0.3,30,6,203,3,1,1.00483841419111,3.64333452623284,0.154640334712568,21.9545323114968,0,0.175,1.52667583609985,20,60,12,0.05
BENCH_TUNED_PCH,6,0.3,30,6,204,3,1,1.39001832211199,3.78613318369152,1.56623956606068,22.318530767564,0,0.1875,1.5251662554803,20,60,12,0.05
BENCH_TUNED_PCH,6,0.3,30,6,205,3,1,1.30103512156618,3.42001411791696,2.5015640307964,21.6119317959115,0,0.186111111111111,1.48996562731971,20,60,12,0.05
BENCH_TUNED_PCH,6,0.3,30,6,206,3,1,1.77538548656094,2.72820335598426,2.36209199194823,22.7282033559843,0,0.183333333333333,1.55231579508777,20,60,12,0.05
AMATEUR_BASIC_PID,6,0.9,45,16,101,0,1,1.57294542765675,3.39931631221368,0.345792135003653,22.669702200105,0,0.0958333333333333,1.51216691473313,20,60,12,0.05
AMATEUR_BASIC_PID,6,0.9,45,16,102,0,1,1.48000646173967,3.25409325936226,0.128809122236573,22.4861048906287,0,0.1,1.50581261319901,20,60,12,0.05
AMATEUR_BASIC_PID,6,0.9,45,16,103,0,1,1.2963057228642,2.78096757279083,1.3457435530479,22.2298905213596,0,0.104166666666667,1.51386562667664,20,60,12,0.05
AMATEUR_BASIC_PID,6,0.9,45,16,104,0,1,1.88377522495037,3.73428789568269,0.338966036009687,23.0833457094829,0,0.0972222222222222,1.45695070728713,20,60,12,0.05
AMATEUR_BASIC_PID,6,0.9,45,16,105,0,1,1.71633887083054,3.47686011865942,0.015407013142256,22.7730020421126,0,0.0972222222222222,1.51198604765011,20,60,12,0.05
AMATEUR_BASIC_PID,6,0.9,45,16,106,0,1,1.34420980847432,2.72030007720814,1.50072098669429,22.2610261640178,0,0.0958333333333333,1.48096837938064,20,60,12,0.05
AMATEUR_BASIC_PID,6,0.9,45,16,201,3,1,1.64141979798463,3.31583126435038,0.108427841078155,22.5404670610755,0,0.101388888888889,1.44145076138617,20,60,12,0.05
AMATEUR_BASIC_PID,6,0.9,45,16,202,3,1,1.67079463270482,3.43787967959716,0.355535666158687,22.6248108177934,0,0.105555555555556,1.43780881624528,20,60,12,0.05
AMATEUR_BASIC_PID,6,0.9,45,16,203,3,1,1.74930374541424,3.64224363451644,0.136037399353765,22.6315337415946,0,0.0972222222222222,1.58290042690476,20,60,12,0.05
AMATEUR_BASIC_PID,6,0.9,45,16,204,3,1,2.22013546834325,3.79959611461261,1.73886386151263,23.0445919856417,0,0.101388888888889,1.5001140205374,20,60,12,0.05
AMATEUR_BASIC_PID,6,0.9,45,16,205,3,1,1.49228822843721,3.4189988280273,2.3874852630426,22.1058634581675,0,0.108333333333333,1.44102439490991,20,60,12,0.05
AMATEUR_BASIC_PID,6,0.9,45,16,206,3,1,2.67829133384557,4.52966463715203,2.59295384279303,23.7486009924966,0,0.102777777777778,1.56386702860572,20,60,12,0.05
BENCH_TUNED_PID,6,0.9,45,16,101,0,1,1.57294542765675,3.39931631221368,0.345792135003653,22.669702200105,0,0.0958333333333333,1.51216691473313,20,60,12,0.05
BENCH_TUNED_PID,6,0.9,45,16,102,0,1,1.48000646173967,3.25409325936226,0.128809122236573,22.4861048906287,0,0.1,1.50581261319901,20,60,12,0.05
BENCH_TUNED_PID,6,0.9,45,16,103,0,1,1.2963057228642,2.78096757279083,1.3457435530479,22.2298905213596,0,0.104166666666667,1.51386562667664,20,60,12,0.05
BENCH_TUNED_PID,6,0.9,45,16,104,0,1,1.88377522495037,3.73428789568269,0.338966036009687,23.0833457094829,0,0.0972222222222222,1.45695070728713,20,60,12,0.05
BENCH_TUNED_PID,6,0.9,45,16,105,0,1,1.71633887083054,3.47686011865942,0.015407013142256,22.7730020421126,0,0.0972222222222222,1.51198604765011,20,60,12,0.05
BENCH_TUNED_PID,6,0.9,45,16,106,0,1,1.34420980847432,2.72030007720814,1.50072098669429,22.2610261640178,0,0.0958333333333333,1.48096837938064,20,60,12,0.05
BENCH_TUNED_PID,6,0.9,45,16,201,3,1,1.64141979798463,3.31583126435038,0.108427841078155,22.5404670610755,0,0.101388888888889,1.44145076138617,20,60,12,0.05
BENCH_TUNED_PID,6,0.9,45,16,202,3,1,1.67079463270482,3.43787967959716,0.355535666158687,22.6248108177934,0,0.105555555555556,1.43780881624528,20,60,12,0.05
BENCH_TUNED_PID,6,0.9,45,16,203,3,1,1.74930374541424,3.64224363451644,0.136037399353765,22.6315337415946,0,0.0972222222222222,1.58290042690476,20,60,12,0.05
BENCH_TUNED_PID,6,0.9,45,16,204,3,1,2.22013546834325,3.79959611461261,1.73886386151263,23.0445919856417,0,0.101388888888889,1.5001140205374,20,60,12,0.05
BENCH_TUNED_PID,6,0.9,45,16,205,3,1,1.49228822843721,3.4189988280273,2.3874852630426,22.1058634581675,0,0.108333333333333,1.44102439490991,20,60,12,0.05
BENCH_TUNED_PID,6,0.9,45,16,206,3,1,2.67829133384557,4.52966463715203,2.59295384279303,23.7486009924966,0,0.102777777777778,1.56386702860572,20,60,12,0.05
BENCH_TUNED_PCH,6,0.9,30,8,101,0,1,0.762602399755566,1.90331626199139,0.445447484026442,21.9033162619914,0,0.251388888888889,1.55792547261199,20,60,12,0.05
BENCH_TUNED_PCH,6,0.9,30,8,102,0,1,0.778201051284153,1.91232469087092,0.28973373611777,21.9123246908709,0,0.286111111111111,1.60358922829845,20,60,12,0.05
BENCH_TUNED_PCH,6,0.9,30,8,103,0,1,0.855106675475989,1.85191615730669,1.43540294170352,21.8519161573067,0,0.258333333333333,1.55083339851444,20,60,12,0.05
BENCH_TUNED_PCH,6,0.9,30,8,104,0,1,1.08620064611917,2.46810457144082,0.28751648064058,22.4681045714408,0,0.230555555555556,1.5005823132666,20,60,12,0.05
BENCH_TUNED_PCH,6,0.9,30,8,105,0,1,0.933891977947639,2.18940778256654,0.0710342510203569,22.1894077825665,0,0.263888888888889,1.5619569846409,20,60,12,0.05
BENCH_TUNED_PCH,6,0.9,30,8,106,0,1,0.948772497704131,1.86234597699475,1.56212810620842,21.811105844277,0,0.252777777777778,1.5325200323351,20,60,12,0.05
BENCH_TUNED_PCH,6,0.9,30,8,201,3,1,0.910236591385281,2.38701620445662,0.0856048728152473,22.0588739873612,0,0.227777777777778,1.48217592292105,20,60,12,0.05
BENCH_TUNED_PCH,6,0.9,30,8,202,3,1,1.03345160899904,2.80837874858584,0.577153981306307,22.0363504361946,0,0.318055555555556,1.57011894826914,20,60,12,0.05
BENCH_TUNED_PCH,6,0.9,30,8,203,3,1,1.05648775746559,3.64332517906397,0.0582642800908307,21.8695989093154,0,0.265277777777778,1.61627206543426,20,60,12,0.05
BENCH_TUNED_PCH,6,0.9,30,8,204,3,1,1.44400950708501,3.7863118207513,1.59547346016017,22.2901294543959,0,0.284722222222222,1.56386368139362,20,60,12,0.05
BENCH_TUNED_PCH,6,0.9,30,8,205,3,1,1.30479936356193,3.42017885728627,2.41035917840194,21.3517434767913,0,0.276388888888889,1.53248062637815,20,60,12,0.05
BENCH_TUNED_PCH,6,0.9,30,8,206,3,1,1.78317218463349,2.88718504876737,2.38041766335314,22.584544699904,0,0.323611111111111,1.64494665106967,20,60,12,0.05
AMATEUR_BASIC_PID,6,1.5,45,16,101,0,1,1.61451277759278,3.45281983585489,0.47620504133567,22.7008844380463,0,0.0972222222222222,1.53972297871037,20,60,12,0.05
AMATEUR_BASIC_PID,6,1.5,45,16,102,0,1,1.50904746927962,3.25880551521206,0.0313968978372501,22.5935157023518,0,0.0986111111111111,1.52627413635337,20,60,12,0.05
AMATEUR_BASIC_PID,6,1.5,45,16,103,0,1,1.32910355562177,2.86503644660166,1.21453493170692,22.3875696187534,0,0.102777777777778,1.55350896248764,20,60,12,0.05
AMATEUR_BASIC_PID,6,1.5,45,16,104,0,1,1.82371769511513,3.58919944808826,0.10292883108409,23.076707928367,0,0.0972222222222222,1.4285120692466,20,60,12,0.05
AMATEUR_BASIC_PID,6,1.5,45,16,105,0,1,1.73068889106263,3.45366419877846,0.0631287732247762,22.7759528795319,0,0.0958333333333333,1.52955957877774,20,60,12,0.05
AMATEUR_BASIC_PID,6,1.5,45,16,106,0,1,1.37688983998612,2.75842525065656,1.47080322716944,22.2896059995845,0,0.0972222222222222,1.50426401363084,20,60,12,0.05
AMATEUR_BASIC_PID,6,1.5,45,16,201,3,1,1.59615194830223,3.2198218989713,0.00288856123807834,22.5346365626521,0,0.0972222222222222,1.4163442261109,20,60,12,0.05
AMATEUR_BASIC_PID,6,1.5,45,16,202,3,1,1.61627589471848,3.38833739955707,0.293478165166199,22.5599374919207,0,0.102777777777778,1.39927065787149,20,60,12,0.05
AMATEUR_BASIC_PID,6,1.5,45,16,203,3,1,1.82642373527177,3.64224363451644,0.239411094835477,22.8542785032252,0,0.0972222222222222,1.66039726798424,20,60,12,0.05
AMATEUR_BASIC_PID,6,1.5,45,16,204,3,1,2.19715838595974,3.78487520373319,1.69725706813792,23.007816536805,0,0.0986111111111111,1.48718726431029,20,60,12,0.05
AMATEUR_BASIC_PID,6,1.5,45,16,205,3,1,1.4918794224877,3.41910802345771,2.38667903678654,22.1279169010587,0,0.105555555555556,1.43891577649796,20,60,12,0.05
AMATEUR_BASIC_PID,6,1.5,45,16,206,3,1,2.68832540831967,4.48033685624463,2.58941915051246,23.6823936912468,0,0.105555555555556,1.57295877537679,20,60,12,0.05
BENCH_TUNED_PID,6,1.5,45,16,101,0,1,1.61451277759278,3.45281983585489,0.47620504133567,22.7008844380463,0,0.0972222222222222,1.53972297871037,20,60,12,0.05
BENCH_TUNED_PID,6,1.5,45,16,102,0,1,1.50904746927962,3.25880551521206,0.0313968978372501,22.5935157023518,0,0.0986111111111111,1.52627413635337,20,60,12,0.05
BENCH_TUNED_PID,6,1.5,45,16,103,0,1,1.32910355562177,2.86503644660166,1.21453493170692,22.3875696187534,0,0.102777777777778,1.55350896248764,20,60,12,0.05
BENCH_TUNED_PID,6,1.5,45,16,104,0,1,1.82371769511513,3.58919944808826,0.10292883108409,23.076707928367,0,0.0972222222222222,1.4285120692466,20,60,12,0.05
BENCH_TUNED_PID,6,1.5,45,16,105,0,1,1.73068889106263,3.45366419877846,0.0631287732247762,22.7759528795319,0,0.0958333333333333,1.52955957877774,20,60,12,0.05
BENCH_TUNED_PID,6,1.5,45,16,106,0,1,1.37688983998612,2.75842525065656,1.47080322716944,22.2896059995845,0,0.0972222222222222,1.50426401363084,20,60,12,0.05
BENCH_TUNED_PID,6,1.5,45,16,201,3,1,1.59615194830223,3.2198218989713,0.00288856123807834,22.5346365626521,0,0.0972222222222222,1.4163442261109,20,60,12,0.05
BENCH_TUNED_PID,6,1.5,45,16,202,3,1,1.61627589471848,3.38833739955707,0.293478165166199,22.5599374919207,0,0.102777777777778,1.39927065787149,20,60,12,0.05
BENCH_TUNED_PID,6,1.5,45,16,203,3,1,1.82642373527177,3.64224363451644,0.239411094835477,22.8542785032252,0,0.0972222222222222,1.66039726798424,20,60,12,0.05
BENCH_TUNED_PID,6,1.5,45,16,204,3,1,2.19715838595974,3.78487520373319,1.69725706813792,23.007816536805,0,0.0986111111111111,1.48718726431029,20,60,12,0.05
BENCH_TUNED_PID,6,1.5,45,16,205,3,1,1.4918794224877,3.41910802345771,2.38667903678654,22.1279169010587,0,0.105555555555556,1.43891577649796,20,60,12,0.05
BENCH_TUNED_PID,6,1.5,45,16,206,3,1,2.68832540831967,4.48033685624463,2.58941915051246,23.6823936912468,0,0.105555555555556,1.57295877537679,20,60,12,0.05
BENCH_TUNED_PCH,6,1.5,30,8,101,0,1,0.791271884167363,2.02063700957879,0.57768142974609,22.0206370095788,0,0.280555555555556,1.60123658470392,20,60,12,0.05
BENCH_TUNED_PCH,6,1.5,30,8,102,0,1,0.772047584378561,1.92572747884747,0.14669940502613,21.9257274788475,0,0.322222222222222,1.67495402942142,20,60,12,0.05
BENCH_TUNED_PCH,6,1.5,30,8,103,0,1,0.849895325831637,1.8257492285428,1.33981077154384,21.8257492285428,0,0.2625,1.58361885109814,20,60,12,0.05
BENCH_TUNED_PCH,6,1.5,30,8,104,0,1,1.07482817292155,2.51710265252507,0.118335284502166,22.5171026525251,0,0.227777777777778,1.48246887161274,20,60,12,0.05
BENCH_TUNED_PCH,6,1.5,30,8,105,0,1,0.967604490386278,2.16099115625145,0.165259941011316,22.1609911562514,0,0.3375,1.66583992794483,20,60,12,0.05
BENCH_TUNED_PCH,6,1.5,30,8,106,0,1,0.971768254822674,2.02020278700833,1.52648527492013,21.8237584725866,0,0.261111111111111,1.56564733692236,20,60,12,0.05
BENCH_TUNED_PCH,6,1.5,30,8,201,3,1,0.908555706505887,2.38715904568635,0.04760938394337,22.1245839472584,0,0.252777777777778,1.48826902008867,20,60,12,0.05
BENCH_TUNED_PCH,6,1.5,30,8,202,3,1,1.01808282169306,2.80888949412619,0.504585985172935,22.0507512706373,0,0.305555555555556,1.52271522553929,20,60,12,0.05
BENCH_TUNED_PCH,6,1.5,30,8,203,3,1,1.07598318081496,3.6433158318951,0.00500941227999452,21.9701128562044,0,0.304166666666667,1.72725307035561,20,60,12,0.05
BENCH_TUNED_PCH,6,1.5,30,8,204,3,1,1.4240955176015,3.786493926783,1.52649604470273,22.2864135386345,0,0.340277777777778,1.62604925408342,20,60,12,0.05
BENCH_TUNED_PCH,6,1.5,30,8,205,3,1,1.33546779254335,3.42041633148059,2.4124989833351,21.2638022014717,0,0.286111111111111,1.5536001049593,20,60,12,0.05
BENCH_TUNED_PCH,6,1.5,30,8,206,3,1,1.74857012989825,2.73447011054444,2.38755658021009,22.5307533506117,0,0.281944444444444,1.62515764230376,20,60,12,0.05
AMATEUR_BASIC_PID,8,0.3,45,16,101,0,1,2.99423387968995,5.90022707009877,0.0650193616487411,25.1484695513649,0.0013869625520111,0.0972222222222222,2.66607561683236,20,60,12,0.05
AMATEUR_BASIC_PID,8,0.3,45,16,102,0,1,2.89227520701201,5.78770187207238,0.0407210487799783,24.9362006375095,0,0.0986111111111111,2.65603774861071,20,60,12,0.05
AMATEUR_BASIC_PID,8,0.3,45,16,103,0,1,2.56173905324114,5.17653038506045,1.3871413052451,24.4603526497973,0,0.102777777777778,2.6174787831607,20,60,12,0.05
AMATEUR_BASIC_PID,8,0.3,45,16,104,0,1,3.44785517768882,6.46025108618281,0.931807977930745,25.6724496898293,0,0.1,2.70285081168267,20,60,12,0.05
AMATEUR_BASIC_PID,8,0.3,45,16,105,0,1,3.18634832619659,6.09845743446536,0.430960417363962,25.2725211087987,0.0013869625520111,0.0958333333333333,2.69287707767527,20,60,12,0.05
AMATEUR_BASIC_PID,8,0.3,45,16,106,0,1,2.59193603157285,5.15906544573083,1.46186462646284,24.439010895619,0.0013869625520111,0.0986111111111111,2.61114700695191,20,60,12,0.05
AMATEUR_BASIC_PID,8,0.3,45,16,201,3,1,3.12202850107597,5.92744223993402,0.495302971750241,25.1284728777789,0.0013869625520111,0.102777777777778,2.65232017866913,20,60,12,0.05
AMATEUR_BASIC_PID,8,0.3,45,16,202,3,1,3.13322731394345,6.05006599092805,0.171483719669739,25.1956203293562,0.00277392510402219,0.108333333333333,2.65944516587281,20,60,12,0.05
AMATEUR_BASIC_PID,8,0.3,45,16,203,3,1,3.03952084632812,5.69479885465541,0.316799649985381,24.8836289195431,0.00277392510402219,0.101388888888889,2.68603726161046,20,60,12,0.05
AMATEUR_BASIC_PID,8,0.3,45,16,204,3,1,3.68784643050544,6.4464380480817,2.24908957513059,25.6351625484272,0.00416088765603329,0.1,2.72392837772384,20,60,12,0.05
AMATEUR_BASIC_PID,8,0.3,45,16,205,3,1,2.55468438798092,4.72315973621399,2.41003887772893,24.0345791308228,0,0.109722222222222,2.57398296432722,20,60,12,0.05
AMATEUR_BASIC_PID,8,0.3,45,16,206,3,1,4.19523064657686,7.22550400288144,3.17825147176715,26.4276190582741,0.00554785020804438,0.102777777777778,2.81091088158313,20,60,12,0.05
BENCH_TUNED_PID,8,0.3,45,16,101,0,1,2.99423387968995,5.90022707009877,0.0650193616487411,25.1484695513649,0.0013869625520111,0.0972222222222222,2.66607561683236,20,60,12,0.05
BENCH_TUNED_PID,8,0.3,45,16,102,0,1,2.89227520701201,5.78770187207238,0.0407210487799783,24.9362006375095,0,0.0986111111111111,2.65603774861071,20,60,12,0.05
BENCH_TUNED_PID,8,0.3,45,16,103,0,1,2.56173905324114,5.17653038506045,1.3871413052451,24.4603526497973,0,0.102777777777778,2.6174787831607,20,60,12,0.05
BENCH_TUNED_PID,8,0.3,45,16,104,0,1,3.44785517768882,6.46025108618281,0.931807977930745,25.6724496898293,0,0.1,2.70285081168267,20,60,12,0.05
BENCH_TUNED_PID,8,0.3,45,16,105,0,1,3.18634832619659,6.09845743446536,0.430960417363962,25.2725211087987,0.0013869625520111,0.0958333333333333,2.69287707767527,20,60,12,0.05
BENCH_TUNED_PID,8,0.3,45,16,106,0,1,2.59193603157285,5.15906544573083,1.46186462646284,24.439010895619,0.0013869625520111,0.0986111111111111,2.61114700695191,20,60,12,0.05
BENCH_TUNED_PID,8,0.3,45,16,201,3,1,3.12202850107597,5.92744223993402,0.495302971750241,25.1284728777789,0.0013869625520111,0.102777777777778,2.65232017866913,20,60,12,0.05
BENCH_TUNED_PID,8,0.3,45,16,202,3,1,3.13322731394345,6.05006599092805,0.171483719669739,25.1956203293562,0.00277392510402219,0.108333333333333,2.65944516587281,20,60,12,0.05
BENCH_TUNED_PID,8,0.3,45,16,203,3,1,3.03952084632812,5.69479885465541,0.316799649985381,24.8836289195431,0.00277392510402219,0.101388888888889,2.68603726161046,20,60,12,0.05
BENCH_TUNED_PID,8,0.3,45,16,204,3,1,3.68784643050544,6.4464380480817,2.24908957513059,25.6351625484272,0.00416088765603329,0.1,2.72392837772384,20,60,12,0.05
BENCH_TUNED_PID,8,0.3,45,16,205,3,1,2.55468438798092,4.72315973621399,2.41003887772893,24.0345791308228,0,0.109722222222222,2.57398296432722,20,60,12,0.05
BENCH_TUNED_PID,8,0.3,45,16,206,3,1,4.19523064657686,7.22550400288144,3.17825147176715,26.4276190582741,0.00554785020804438,0.102777777777778,2.81091088158313,20,60,12,0.05
BENCH_TUNED_PCH,8,0.3,30,8,101,0,1,1.07514077513506,2.32660481099647,0.36251840074012,22.1644186490519,0,0.380555555555556,2.51900761049201,20,60,12,0.05
BENCH_TUNED_PCH,8,0.3,30,8,102,0,1,1.04051239782554,2.31348624720793,0.376149494976884,22.3134862472079,0,0.354166666666667,2.48856007814534,20,60,12,0.05
BENCH_TUNED_PCH,8,0.3,30,8,103,0,1,1.0824460305993,2.04126420734466,1.67426563273737,21.9950066756898,0,0.354166666666667,2.45982864950339,20,60,12,0.05
BENCH_TUNED_PCH,8,0.3,30,8,104,0,1,1.43792419862333,2.79615939845818,0.52937672083661,22.6020572770834,0,0.319444444444444,2.5043537094545,20,60,12,0.05
BENCH_TUNED_PCH,8,0.3,30,8,105,0,1,1.21636735132075,2.61280977996964,0.0570337872735694,22.6128097799696,0,0.334722222222222,2.50116339035873,20,60,12,0.05
BENCH_TUNED_PCH,8,0.3,30,8,106,0,1,1.08849576079265,1.94227910086133,1.69494358370301,21.9422791008613,0,0.329166666666667,2.42374876836373,20,60,12,0.05
BENCH_TUNED_PCH,8,0.3,30,8,201,3,1,1.23339986626135,2.39686389265518,0.12874476222454,22.2207883405278,0,0.319444444444444,2.44928668006944,20,60,12,0.05
BENCH_TUNED_PCH,8,0.3,30,8,202,3,1,1.33592670676892,2.8190973482258,0.524656008728339,22.3284540581778,0,0.375,2.49481089144564,20,60,12,0.05
BENCH_TUNED_PCH,8,0.3,30,8,203,3,1,1.3123717571889,3.65758266570126,0.093476268473328,22.1264699632949,0,0.301388888888889,2.47345405386296,20,60,12,0.05
BENCH_TUNED_PCH,8,0.3,30,8,204,3,1,1.7512651113792,3.80294413843412,1.72564207379634,22.3874402337585,0,0.370833333333333,2.51664974760762,20,60,12,0.05
BENCH_TUNED_PCH,8,0.3,30,8,205,3,1,1.41672815373911,3.43309522880254,2.55708471139151,21.5905027368902,0,0.288888888888889,2.37868896327941,20,60,12,0.05
BENCH_TUNED_PCH,8,0.3,30,8,206,3,1,2.18471701958092,3.63168632845318,2.49818201814957,23.0827012874974,0,0.379166666666667,2.60745177212805,20,60,12,0.05
AMATEUR_BASIC_PID,8,0.9,45,16,101,0,1,3.03978367747009,5.95770719553991,0.066328244292362,25.1848851255268,0.00277392510402219,0.0986111111111111,2.69271334547259,20,60,12,0.05
AMATEUR_BASIC_PID,8,0.9,45,16,102,0,1,2.92103676846477,5.79515699232267,0.137207830065791,24.9599193244997,0,0.1,2.67526082532672,20,60,12,0.05
AMATEUR_BASIC_PID,8,0.9,45,16,103,0,1,2.60985935822531,5.27892556988005,1.23471512668843,24.6016595192279,0,0.104166666666667,2.6595695549139,20,60,12,0.05
AMATEUR_BASIC_PID,8,0.9,45,16,104,0,1,3.38416532861865,6.32964553551313,0.66194842221409,25.5578733263304,0,0.1,2.65010471609876,20,60,12,0.05
AMATEUR_BASIC_PID,8,0.9,45,16,105,0,1,3.19245470907145,6.0394863456612,0.309362068611485,25.2777848139985,0,0.0958333333333333,2.70529056819319,20,60,12,0.05
AMATEUR_BASIC_PID,8,0.9,45,16,106,0,1,2.61613847408868,5.2378194483153,1.42072979056455,24.5392924893874,0.0013869625520111,0.0972222222222222,2.62903299811214,20,60,12,0.05
AMATEUR_BASIC_PID,8,0.9,45,16,201,3,1,3.06803959377197,5.85470840922513,0.388526308205397,25.0286656338775,0,0.101388888888889,2.60636675806475,20,60,12,0.05
AMATEUR_BASIC_PID,8,0.9,45,16,202,3,1,3.07998718305465,5.98721327261749,0.0805283566166459,25.1008728328108,0.0013869625520111,0.109722222222222,2.60900336959876,20,60,12,0.05
AMATEUR_BASIC_PID,8,0.9,45,16,203,3,1,3.12130117599228,5.88497978550177,0.425230564332178,25.1390140823895,0.00277392510402219,0.1,2.767520752101,20,60,12,0.05
AMATEUR_BASIC_PID,8,0.9,45,16,204,3,1,3.6634577635511,6.38644602897987,2.20023058576587,25.5963975388203,0.00416088765603329,0.101388888888889,2.70289702965407,20,60,12,0.05
AMATEUR_BASIC_PID,8,0.9,45,16,205,3,1,2.53150614843855,4.70095729651958,2.40970131526478,24.0154641671449,0,0.106944444444444,2.55581735967583,20,60,12,0.05
AMATEUR_BASIC_PID,8,0.9,45,16,206,3,1,4.20917567267148,7.18477102908117,3.17858542486917,26.3714514431575,0.00832177531206657,0.101388888888889,2.81714583661554,20,60,12,0.05
BENCH_TUNED_PID,8,0.9,45,16,101,0,1,3.03978367747009,5.95770719553991,0.066328244292362,25.1848851255268,0.00277392510402219,0.0986111111111111,2.69271334547259,20,60,12,0.05
BENCH_TUNED_PID,8,0.9,45,16,102,0,1,2.92103676846477,5.79515699232267,0.137207830065791,24.9599193244997,0,0.1,2.67526082532672,20,60,12,0.05
BENCH_TUNED_PID,8,0.9,45,16,103,0,1,2.60985935822531,5.27892556988005,1.23471512668843,24.6016595192279,0,0.104166666666667,2.6595695549139,20,60,12,0.05
BENCH_TUNED_PID,8,0.9,45,16,104,0,1,3.38416532861865,6.32964553551313,0.66194842221409,25.5578733263304,0,0.1,2.65010471609876,20,60,12,0.05
BENCH_TUNED_PID,8,0.9,45,16,105,0,1,3.19245470907145,6.0394863456612,0.309362068611485,25.2777848139985,0,0.0958333333333333,2.70529056819319,20,60,12,0.05
BENCH_TUNED_PID,8,0.9,45,16,106,0,1,2.61613847408868,5.2378194483153,1.42072979056455,24.5392924893874,0.0013869625520111,0.0972222222222222,2.62903299811214,20,60,12,0.05
BENCH_TUNED_PID,8,0.9,45,16,201,3,1,3.06803959377197,5.85470840922513,0.388526308205397,25.0286656338775,0,0.101388888888889,2.60636675806475,20,60,12,0.05
BENCH_TUNED_PID,8,0.9,45,16,202,3,1,3.07998718305465,5.98721327261749,0.0805283566166459,25.1008728328108,0.0013869625520111,0.109722222222222,2.60900336959876,20,60,12,0.05
BENCH_TUNED_PID,8,0.9,45,16,203,3,1,3.12130117599228,5.88497978550177,0.425230564332178,25.1390140823895,0.00277392510402219,0.1,2.767520752101,20,60,12,0.05
BENCH_TUNED_PID,8,0.9,45,16,204,3,1,3.6634577635511,6.38644602897987,2.20023058576587,25.5963975388203,0.00416088765603329,0.101388888888889,2.70289702965407,20,60,12,0.05
BENCH_TUNED_PID,8,0.9,45,16,205,3,1,2.53150614843855,4.70095729651958,2.40970131526478,24.0154641671449,0,0.106944444444444,2.55581735967583,20,60,12,0.05
BENCH_TUNED_PID,8,0.9,45,16,206,3,1,4.20917567267148,7.18477102908117,3.17858542486917,26.3714514431575,0.00832177531206657,0.101388888888889,2.81714583661554,20,60,12,0.05
BENCH_TUNED_PCH,8,0.9,30,6,101,0,1,1.17033625126088,2.44571018449661,0.544097193271647,22.4412699537307,0,0.236111111111111,2.48410105038848,20,60,12,0.05
BENCH_TUNED_PCH,8,0.9,30,6,102,0,1,1.10839999426976,2.5174043506895,0.330300401703421,22.2420940790059,0,0.251388888888889,2.48320943272695,20,60,12,0.05
BENCH_TUNED_PCH,8,0.9,30,6,103,0,1,1.07383978865773,2.04253333540251,1.57136749501675,22.0425333354025,0,0.2375,2.442499927336,20,60,12,0.05
BENCH_TUNED_PCH,8,0.9,30,6,104,0,1,1.48915136215772,2.91028483783666,0.288659833375984,22.8381931874467,0,0.241666666666667,2.44102293309914,20,60,12,0.05
BENCH_TUNED_PCH,8,0.9,30,6,105,0,1,1.31845331299279,2.60724672197707,0.0950912921304737,22.6072467219771,0,0.244444444444444,2.48571204202487,20,60,12,0.05
BENCH_TUNED_PCH,8,0.9,30,6,106,0,1,1.17472445982329,2.21652591068378,1.72454755889983,22.2165259106838,0,0.219444444444444,2.42175865106783,20,60,12,0.05
BENCH_TUNED_PCH,8,0.9,30,6,201,3,1,1.23143562949062,2.53574667179218,0.104189705452598,22.3240611010731,0,0.229166666666667,2.41514958215791,20,60,12,0.05
BENCH_TUNED_PCH,8,0.9,30,6,202,3,1,1.30469261332087,2.8223060511972,0.571190321330606,22.3744135196085,0,0.252777777777778,2.39980333693684,20,60,12,0.05
BENCH_TUNED_PCH,8,0.9,30,6,203,3,1,1.29659365312692,3.6584520189328,0.112757349326605,22.1861521167716,0,0.241666666666667,2.53189579459082,20,60,12,0.05
BENCH_TUNED_PCH,8,0.9,30,6,204,3,1,1.74672049461274,3.80573681849958,1.68357111452198,22.4965267469323,0,0.263888888888889,2.48429378994047,20,60,12,0.05
BENCH_TUNED_PCH,8,0.9,30,6,205,3,1,1.41937126870831,3.43405260559308,2.65700470129943,21.6711015293559,0,0.208333333333333,2.35575547241925,20,60,12,0.05
BENCH_TUNED_PCH,8,0.9,30,6,206,3,1,2.15239579957327,3.44809005426445,2.50507348182467,23.0043184978651,0,0.227777777777778,2.55778328157402,20,60,12,0.05
AMATEUR_BASIC_PID,8,1.5,45,16,101,0,1,3.08031484335279,5.99728508912608,0.214717733744391,25.2112855216564,0.00277392510402219,0.0986111111111111,2.72134435477691,20,60,12,0.05
AMATEUR_BASIC_PID,8,1.5,45,16,102,0,1,2.9470425910369,5.79106365239613,0.291385236655834,24.9751946261057,0,0.101388888888889,2.69593491609749,20,60,12,0.05
AMATEUR_BASIC_PID,8,1.5,45,16,103,0,1,2.65501300122891,5.38097003488846,1.08822927841939,24.7729217885296,0,0.102777777777778,2.70303775534814,20,60,12,0.05
AMATEUR_BASIC_PID,8,1.5,45,16,104,0,1,3.30620357631078,6.1479377440543,0.39915812994515,25.4941865700056,0,0.0972222222222222,2.60184805067649,20,60,12,0.05
AMATEUR_BASIC_PID,8,1.5,45,16,105,0,1,3.20901085602924,6.01478406341692,0.22750054621659,25.2886044829423,0,0.0958333333333333,2.72185193440877,20,60,12,0.05
AMATEUR_BASIC_PID,8,1.5,45,16,106,0,1,2.64855871887343,5.29775164099853,1.38733295436449,24.6384272788943,0.00277392510402219,0.0916666666666667,2.65262876860314,20,60,12,0.05
AMATEUR_BASIC_PID,8,1.5,45,16,201,3,1,3.00513644203564,5.76076647874798,0.244408728141736,24.9259706396866,0,0.0986111111111111,2.56641956448699,20,60,12,0.05
AMATEUR_BASIC_PID,8,1.5,45,16,202,3,1,3.00921758671788,5.92289338077715,0.0161435092554043,25.0073121587228,0.0013869625520111,0.106944444444444,2.557799961658,20,60,12,0.05
AMATEUR_BASIC_PID,8,1.5,45,16,203,3,1,3.22220058049928,6.07892162557754,0.548897217959477,25.362448336576,0.00277392510402219,0.102777777777778,2.85500833634207,20,60,12,0.05
AMATEUR_BASIC_PID,8,1.5,45,16,204,3,1,3.63824416586588,6.32785502700221,2.15309487459653,25.5553156774571,0.00416088765603329,0.0986111111111111,2.68461872714186,20,60,12,0.05
AMATEUR_BASIC_PID,8,1.5,45,16,205,3,1,2.51759848274668,4.70786829236097,2.4010185991988,24.0079710637461,0.0013869625520111,0.106944444444444,2.54201909263266,20,60,12,0.05
AMATEUR_BASIC_PID,8,1.5,45,16,206,3,1,4.22194040092474,7.14554534891032,3.17956371852399,26.3118456124628,0.00832177531206657,0.1,2.82527664156613,20,60,12,0.05
BENCH_TUNED_PID,8,1.5,45,16,101,0,1,3.08031484335279,5.99728508912608,0.214717733744391,25.2112855216564,0.00277392510402219,0.0986111111111111,2.72134435477691,20,60,12,0.05
BENCH_TUNED_PID,8,1.5,45,16,102,0,1,2.9470425910369,5.79106365239613,0.291385236655834,24.9751946261057,0,0.101388888888889,2.69593491609749,20,60,12,0.05
BENCH_TUNED_PID,8,1.5,45,16,103,0,1,2.65501300122891,5.38097003488846,1.08822927841939,24.7729217885296,0,0.102777777777778,2.70303775534814,20,60,12,0.05
BENCH_TUNED_PID,8,1.5,45,16,104,0,1,3.30620357631078,6.1479377440543,0.39915812994515,25.4941865700056,0,0.0972222222222222,2.60184805067649,20,60,12,0.05
BENCH_TUNED_PID,8,1.5,45,16,105,0,1,3.20901085602924,6.01478406341692,0.22750054621659,25.2886044829423,0,0.0958333333333333,2.72185193440877,20,60,12,0.05
BENCH_TUNED_PID,8,1.5,45,16,106,0,1,2.64855871887343,5.29775164099853,1.38733295436449,24.6384272788943,0.00277392510402219,0.0916666666666667,2.65262876860314,20,60,12,0.05
BENCH_TUNED_PID,8,1.5,45,16,201,3,1,3.00513644203564,5.76076647874798,0.244408728141736,24.9259706396866,0,0.0986111111111111,2.56641956448699,20,60,12,0.05
BENCH_TUNED_PID,8,1.5,45,16,202,3,1,3.00921758671788,5.92289338077715,0.0161435092554043,25.0073121587228,0.0013869625520111,0.106944444444444,2.557799961658,20,60,12,0.05
BENCH_TUNED_PID,8,1.5,45,16,203,3,1,3.22220058049928,6.07892162557754,0.548897217959477,25.362448336576,0.00277392510402219,0.102777777777778,2.85500833634207,20,60,12,0.05
BENCH_TUNED_PID,8,1.5,45,16,204,3,1,3.63824416586588,6.32785502700221,2.15309487459653,25.5553156774571,0.00416088765603329,0.0986111111111111,2.68461872714186,20,60,12,0.05
BENCH_TUNED_PID,8,1.5,45,16,205,3,1,2.51759848274668,4.70786829236097,2.4010185991988,24.0079710637461,0.0013869625520111,0.106944444444444,2.54201909263266,20,60,12,0.05
BENCH_TUNED_PID,8,1.5,45,16,206,3,1,4.22194040092474,7.14554534891032,3.17956371852399,26.3118456124628,0.00832177531206657,0.1,2.82527664156613,20,60,12,0.05
BENCH_TUNED_PCH,8,1.5,30,8,101,0,1,1.11564109545167,2.35251508651157,0.609955636760295,22.1890214508346,0,0.402777777777778,2.60344146209312,20,60,12,0.05
BENCH_TUNED_PCH,8,1.5,30,8,102,0,1,1.11026595148289,2.47635565771809,0.186716448957643,22.4763556577181,0,0.390277777777778,2.55324931742405,20,60,12,0.05
BENCH_TUNED_PCH,8,1.5,30,8,103,0,1,1.04065324404851,1.93457517468808,1.45424331779716,21.9345751746881,0,0.308333333333333,2.49246916912687,20,60,12,0.05
BENCH_TUNED_PCH,8,1.5,30,8,104,0,1,1.37348299651785,2.6913946368402,0.220375396181723,22.5561534576608,0,0.309722222222222,2.40514159155133,20,60,12,0.05
BENCH_TUNED_PCH,8,1.5,30,8,105,0,1,1.24562613462601,2.63490705887091,0.104212077931022,22.6349070588709,0,0.331944444444444,2.52492160206345,20,60,12,0.05
BENCH_TUNED_PCH,8,1.5,30,8,106,0,1,1.11267346629629,1.97335943000787,1.63637726153322,21.9733594300079,0,0.315277777777778,2.45664183303766,20,60,12,0.05
BENCH_TUNED_PCH,8,1.5,30,8,201,3,1,1.30166748256465,2.72343493585978,0.00903577149649762,22.2693742157795,0,0.440277777777778,2.55099156881182,20,60,12,0.05
BENCH_TUNED_PCH,8,1.5,30,8,202,3,1,1.27985782292687,2.82436560645596,0.495892123721159,22.3594067544693,0,0.397222222222222,2.43604712569065,20,60,12,0.05
BENCH_TUNED_PCH,8,1.5,30,8,203,3,1,1.35418512985229,3.65806607774811,0.00542845145991589,22.2331793967855,0,0.3625,2.64275369623872,20,60,12,0.05
BENCH_TUNED_PCH,8,1.5,30,8,204,3,1,1.75508323067882,3.80758914445836,1.68336787092554,22.3523052722819,0,0.359722222222222,2.48660496434743,20,60,12,0.05
BENCH_TUNED_PCH,8,1.5,30,8,205,3,1,1.36639940888748,3.43376104168604,2.4791541478085,21.6984609815637,0,0.398611111111111,2.3919607591714,20,60,12,0.05
BENCH_TUNED_PCH,8,1.5,30,8,206,3,1,2.08905619733961,3.60058290320456,2.49542056463774,23.0847343231085,0,0.384722222222222,2.62660211286159,20,60,12,0.05
AMATEUR_BASIC_PID,10,0.3,45,16,101,0,1,5.42487404454166,10.0259264171112,0.84011944572482,29.1961603115328,0.0194174757281553,0.0958333333333333,4.6533622553292,20,60,12,0.05
AMATEUR_BASIC_PID,10,0.3,45,16,102,0,1,5.277236819017,9.88774533171649,0.656824172720014,28.9621130716222,0.0208044382801664,0.0958333333333333,4.62733578837138,20,60,12,0.05
AMATEUR_BASIC_PID,10,0.3,45,16,103,0,1,4.83139245629099,9.21105037575546,0.897260862332223,28.421432303947,0.0208044382801664,0.0972222222222222,4.54113608475133,20,60,12,0.05
AMATEUR_BASIC_PID,10,0.3,45,16,104,0,1,5.96442016402518,10.7028401843901,1.84728904972448,29.8141844606024,0.0208044382801664,0.0972222222222222,4.74999004577453,20,60,12,0.05
AMATEUR_BASIC_PID,10,0.3,45,16,105,0,1,5.62211392379389,10.2272293278271,1.24396239626091,29.3690388359312,0.0194174757281553,0.0958333333333333,4.70260878987881,20,60,12,0.05
AMATEUR_BASIC_PID,10,0.3,45,16,106,0,1,4.83646956555603,9.18731579096475,1.00876884035285,28.3644550979358,0.0194174757281553,0.0972222222222222,4.53341519680619,20,60,12,0.05
AMATEUR_BASIC_PID,10,0.3,45,16,201,3,1,5.54621053902965,10.0670542657651,1.30948888514048,29.1966500224557,0.0208044382801664,0.101388888888889,4.64943238206071,20,60,12,0.05
AMATEUR_BASIC_PID,10,0.3,45,16,202,3,1,5.53743305355951,10.1937496129457,0.556344395668053,29.2867458248133,0.0208044382801664,0.101388888888889,4.65856743796318,20,60,12,0.05
AMATEUR_BASIC_PID,10,0.3,45,16,203,3,1,5.3966211774603,9.76844026900831,1.09059769184765,28.9285834693357,0.0194174757281553,0.0944444444444444,4.6668680368424,20,60,12,0.05
AMATEUR_BASIC_PID,10,0.3,45,16,204,3,0,6.19627064109921,10.6665274021604,3.36946766835016,29.7755953625757,0.0194174757281553,0.0958333333333333,4.78370871868521,20,60,12,0.05
AMATEUR_BASIC_PID,10,0.3,45,16,205,3,1,4.66825293489543,8.7108231084153,2.10853227786712,27.9212542977332,0.0180305131761442,0.102777777777778,4.46866674918374,20,60,12,0.05
AMATEUR_BASIC_PID,10,0.3,45,16,206,3,0,6.82398072091109,11.5758622656202,4.48700306757403,30.675430213417,0.0221914008321775,0.0944444444444444,4.94558657456339,20,60,12,0.05
BENCH_TUNED_PID,10,0.3,45,16,101,0,1,5.42487404454166,10.0259264171112,0.84011944572482,29.1961603115328,0.0194174757281553,0.0958333333333333,4.6533622553292,20,60,12,0.05
BENCH_TUNED_PID,10,0.3,45,16,102,0,1,5.277236819017,9.88774533171649,0.656824172720014,28.9621130716222,0.0208044382801664,0.0958333333333333,4.62733578837138,20,60,12,0.05
BENCH_TUNED_PID,10,0.3,45,16,103,0,1,4.83139245629099,9.21105037575546,0.897260862332223,28.421432303947,0.0208044382801664,0.0972222222222222,4.54113608475133,20,60,12,0.05
BENCH_TUNED_PID,10,0.3,45,16,104,0,1,5.96442016402518,10.7028401843901,1.84728904972448,29.8141844606024,0.0208044382801664,0.0972222222222222,4.74999004577453,20,60,12,0.05
BENCH_TUNED_PID,10,0.3,45,16,105,0,1,5.62211392379389,10.2272293278271,1.24396239626091,29.3690388359312,0.0194174757281553,0.0958333333333333,4.70260878987881,20,60,12,0.05
BENCH_TUNED_PID,10,0.3,45,16,106,0,1,4.83646956555603,9.18731579096475,1.00876884035285,28.3644550979358,0.0194174757281553,0.0972222222222222,4.53341519680619,20,60,12,0.05
BENCH_TUNED_PID,10,0.3,45,16,201,3,1,5.54621053902965,10.0670542657651,1.30948888514048,29.1966500224557,0.0208044382801664,0.101388888888889,4.64943238206071,20,60,12,0.05
BENCH_TUNED_PID,10,0.3,45,16,202,3,1,5.53743305355951,10.1937496129457,0.556344395668053,29.2867458248133,0.0208044382801664,0.101388888888889,4.65856743796318,20,60,12,0.05
BENCH_TUNED_PID,10,0.3,45,16,203,3,1,5.3966211774603,9.76844026900831,1.09059769184765,28.9285834693357,0.0194174757281553,0.0944444444444444,4.6668680368424,20,60,12,0.05
BENCH_TUNED_PID,10,0.3,45,16,204,3,0,6.19627064109921,10.6665274021604,3.36946766835016,29.7755953625757,0.0194174757281553,0.0958333333333333,4.78370871868521,20,60,12,0.05
BENCH_TUNED_PID,10,0.3,45,16,205,3,1,4.66825293489543,8.7108231084153,2.10853227786712,27.9212542977332,0.0180305131761442,0.102777777777778,4.46866674918374,20,60,12,0.05
BENCH_TUNED_PID,10,0.3,45,16,206,3,0,6.82398072091109,11.5758622656202,4.48700306757403,30.675430213417,0.0221914008321775,0.0944444444444444,4.94558657456339,20,60,12,0.05
BENCH_TUNED_PCH,10,0.3,30,8,101,0,1,1.58128740737847,3.45240675440378,0.352826068790188,22.9365594118593,0,0.344444444444444,3.79670328592787,20,60,12,0.05
BENCH_TUNED_PCH,10,0.3,30,8,102,0,1,1.59893683460446,3.47634423028127,0.46190191913709,22.9621164872371,0,0.463888888888889,3.87921882828808,20,60,12,0.05
BENCH_TUNED_PCH,10,0.3,30,8,103,0,1,1.45849123799563,2.95629927262131,1.70829861273784,22.9562992726213,0,0.390277777777778,3.75586268355926,20,60,12,0.05
BENCH_TUNED_PCH,10,0.3,30,8,104,0,1,2.01135221887442,4.1055960153659,0.370583311326036,23.4507515812606,0,0.455555555555556,3.93511880112837,20,60,12,0.05
BENCH_TUNED_PCH,10,0.3,30,8,105,0,1,1.77333129184749,3.46426433795136,0.0309855078144132,23.3432886457168,0,0.373611111111111,3.8439285613325,20,60,12,0.05
BENCH_TUNED_PCH,10,0.3,30,8,106,0,1,1.47737787585296,2.68543406091652,1.81665105924037,22.6854340609165,0,0.3125,3.71724387633269,20,60,12,0.05
BENCH_TUNED_PCH,10,0.3,30,8,201,3,1,1.75380264046331,3.60010708264608,0.0999989607301867,22.9678998386609,0,0.404166666666667,3.81331290102586,20,60,12,0.05
BENCH_TUNED_PCH,10,0.3,30,8,202,3,1,1.85840787239075,3.68043526524671,0.638034237602687,23.2615021187896,0,0.440277777777778,3.84327545069921,20,60,12,0.05
BENCH_TUNED_PCH,10,0.3,30,8,203,3,1,1.88543295377588,3.71940312884133,0.110805182143893,22.9386520676398,0,0.472222222222222,3.925113715423,20,60,12,0.05
BENCH_TUNED_PCH,10,0.3,30,8,204,3,1,2.31347214971288,3.920761084568,1.71335175741819,23.2947310234351,0,0.408333333333333,3.89650445562012,20,60,12,0.05
BENCH_TUNED_PCH,10,0.3,30,8,205,3,1,1.7986506697446,3.49097095059855,2.72159975502057,22.3147415553851,0,0.333333333333333,3.67760838983973,20,60,12,0.05
BENCH_TUNED_PCH,10,0.3,30,8,206,3,1,2.76031433265159,5.00681136803391,1.15141344761173,24.0445464661321,0.0013869625520111,0.547222222222222,4.18602358714708,20,60,12,0.05
AMATEUR_BASIC_PID,10,0.9,45,16,101,0,1,5.46775125699367,10.082317349118,0.685657899133946,29.2312469072989,0.0208044382801664,0.0958333333333333,4.68335685689591,20,60,12,0.05
AMATEUR_BASIC_PID,10,0.9,45,16,102,0,1,5.31542557167775,9.90055597849473,0.853928379175552,28.9825019746593,0.0208044382801664,0.0986111111111111,4.65276269526691,20,60,12,0.05
AMATEUR_BASIC_PID,10,0.9,45,16,103,0,1,4.88937434710597,9.31974844582797,0.72505316400923,28.5467500967549,0.0180305131761442,0.1,4.58966520230048,20,60,12,0.05
AMATEUR_BASIC_PID,10,0.9,45,16,104,0,1,5.85950708004677,10.5148235660207,1.53101620409863,29.6640012050009,0.0208044382801664,0.0972222222222222,4.67630272862909,20,60,12,0.05
AMATEUR_BASIC_PID,10,0.9,45,16,105,0,1,5.6454869779688,10.1974785623952,1.14186641892353,29.354024499613,0.0194174757281553,0.0972222222222222,4.71874394371655,20,60,12,0.05
AMATEUR_BASIC_PID,10,0.9,45,16,106,0,1,4.8595271967679,9.26302524466698,0.97039275229043,28.4808932220906,0.0194174757281553,0.0930555555555556,4.55337584402703,20,60,12,0.05
AMATEUR_BASIC_PID,10,0.9,45,16,201,3,1,5.46481213273902,9.98742236190964,1.14558562465969,29.0866575412372,0.0208044382801664,0.0986111111111111,4.58782514825273,20,60,12,0.05
AMATEUR_BASIC_PID,10,0.9,45,16,202,3,1,5.47294267814508,10.133351784592,0.655708406640291,29.1409374068708,0.0194174757281553,0.102777777777778,4.59862179360182,20,60,12,0.05
AMATEUR_BASIC_PID,10,0.9,45,16,203,3,1,5.51808249478621,10.0061590743546,1.24741025914239,29.1622119945159,0.0194174757281553,0.0958333333333333,4.76687023763724,20,60,12,0.05
AMATEUR_BASIC_PID,10,0.9,45,16,204,3,0,6.16957202074482,10.6026739529952,3.2973763971189,29.7347169226812,0.0194174757281553,0.0958333333333333,4.75894723619755,20,60,12,0.05
AMATEUR_BASIC_PID,10,0.9,45,16,205,3,1,4.62998132199991,8.68047776346882,2.11940723701786,27.8781185977345,0.0180305131761442,0.105555555555556,4.44153997611825,20,60,12,0.05
AMATEUR_BASIC_PID,10,0.9,45,16,206,3,0,6.83824217319729,11.5343674077495,4.48521938560402,30.6168759603756,0.0221914008321775,0.0958333333333333,4.95306806647099,20,60,12,0.05
BENCH_TUNED_PID,10,0.9,45,16,101,0,1,5.46775125699367,10.082317349118,0.685657899133946,29.2312469072989,0.0208044382801664,0.0958333333333333,4.68335685689591,20,60,12,0.05
BENCH_TUNED_PID,10,0.9,45,16,102,0,1,5.31542557167775,9.90055597849473,0.853928379175552,28.9825019746593,0.0208044382801664,0.0986111111111111,4.65276269526691,20,60,12,0.05
BENCH_TUNED_PID,10,0.9,45,16,103,0,1,4.88937434710597,9.31974844582797,0.72505316400923,28.5467500967549,0.0180305131761442,0.1,4.58966520230048,20,60,12,0.05
BENCH_TUNED_PID,10,0.9,45,16,104,0,1,5.85950708004677,10.5148235660207,1.53101620409863,29.6640012050009,0.0208044382801664,0.0972222222222222,4.67630272862909,20,60,12,0.05
BENCH_TUNED_PID,10,0.9,45,16,105,0,1,5.6454869779688,10.1974785623952,1.14186641892353,29.354024499613,0.0194174757281553,0.0972222222222222,4.71874394371655,20,60,12,0.05
BENCH_TUNED_PID,10,0.9,45,16,106,0,1,4.8595271967679,9.26302524466698,0.97039275229043,28.4808932220906,0.0194174757281553,0.0930555555555556,4.55337584402703,20,60,12,0.05
BENCH_TUNED_PID,10,0.9,45,16,201,3,1,5.46481213273902,9.98742236190964,1.14558562465969,29.0866575412372,0.0208044382801664,0.0986111111111111,4.58782514825273,20,60,12,0.05
BENCH_TUNED_PID,10,0.9,45,16,202,3,1,5.47294267814508,10.133351784592,0.655708406640291,29.1409374068708,0.0194174757281553,0.102777777777778,4.59862179360182,20,60,12,0.05
BENCH_TUNED_PID,10,0.9,45,16,203,3,1,5.51808249478621,10.0061590743546,1.24741025914239,29.1622119945159,0.0194174757281553,0.0958333333333333,4.76687023763724,20,60,12,0.05
BENCH_TUNED_PID,10,0.9,45,16,204,3,0,6.16957202074482,10.6026739529952,3.2973763971189,29.7347169226812,0.0194174757281553,0.0958333333333333,4.75894723619755,20,60,12,0.05
BENCH_TUNED_PID,10,0.9,45,16,205,3,1,4.62998132199991,8.68047776346882,2.11940723701786,27.8781185977345,0.0180305131761442,0.105555555555556,4.44153997611825,20,60,12,0.05
BENCH_TUNED_PID,10,0.9,45,16,206,3,0,6.83824217319729,11.5343674077495,4.48521938560402,30.6168759603756,0.0221914008321775,0.0958333333333333,4.95306806647099,20,60,12,0.05
BENCH_TUNED_PCH,10,0.9,30,8,101,0,1,1.58928389012396,3.45097067660699,0.461233703201318,22.9018019619029,0,0.329166666666667,3.81483003476309,20,60,12,0.05
BENCH_TUNED_PCH,10,0.9,30,8,102,0,1,1.86958400950377,4.04291776191278,0.267554086926934,23.0040624437782,0,0.511111111111111,4.01270470416681,20,60,12,0.05
BENCH_TUNED_PCH,10,0.9,30,8,103,0,1,1.46429447852424,3.04487727093105,1.63295742652007,23.044877270931,0,0.381944444444444,3.78332151638709,20,60,12,0.05
BENCH_TUNED_PCH,10,0.9,30,8,104,0,1,1.978132297783,4.05485950827156,0.235165021693145,23.4375698738128,0,0.441666666666667,3.8827392992913,20,60,12,0.05
BENCH_TUNED_PCH,10,0.9,30,8,105,0,1,1.78246725795219,3.69257736892726,0.0351161694692037,23.3089507602734,0,0.426388888888889,3.91486929236777,20,60,12,0.05
BENCH_TUNED_PCH,10,0.9,30,8,106,0,1,1.49769244413432,2.702893082685,1.74933399959856,22.702893082685,0,0.344444444444444,3.74452114306124,20,60,12,0.05
BENCH_TUNED_PCH,10,0.9,30,8,201,3,1,1.79193829361276,3.49856894231604,0.126762080599695,23.0567142555257,0,0.444444444444444,3.84291118545605,20,60,12,0.05
BENCH_TUNED_PCH,10,0.9,30,8,202,3,1,1.84324530203228,3.59094873886591,0.573509227181361,23.2432121902305,0,0.480555555555556,3.82244074963775,20,60,12,0.05
BENCH_TUNED_PCH,10,0.9,30,8,203,3,1,1.83877961054201,3.7198587533883,0.0510694489931562,22.9944354143128,0,0.358333333333333,3.88372736252096,20,60,12,0.05
BENCH_TUNED_PCH,10,0.9,30,8,204,3,1,2.2869423717751,3.87820344127926,1.79696745754859,23.2693883782017,0,0.394444444444444,3.87466578551095,20,60,12,0.05
BENCH_TUNED_PCH,10,0.9,30,8,205,3,1,1.78988818977547,3.48971318908455,2.73898395821282,22.3262875862065,0,0.348611111111111,3.66401022072592,20,60,12,0.05
BENCH_TUNED_PCH,10,0.9,30,8,206,3,1,2.60767005433762,4.67497805848672,2.60431498587628,23.9799238126822,0,0.463888888888889,4.04266429232193,20,60,12,0.05
AMATEUR_BASIC_PID,10,1.5,45,16,101,0,1,5.53216496226135,10.1457830591786,0.565899360908608,29.2690965348634,0.0221914008321775,0.0958333333333333,4.71927584703467,20,60,12,0.05
AMATEUR_BASIC_PID,10,1.5,45,16,102,0,1,5.34532304354448,9.90340963301921,1.03873856468545,28.9909698936739,0.0208044382801664,0.104166666666667,4.6764601411313,20,60,12,0.05
AMATEUR_BASIC_PID,10,1.5,45,16,103,0,1,4.94419602066309,9.4208134048776,0.558953565730148,28.6553876244293,0.0180305131761442,0.101388888888889,4.63866092272264,20,60,12,0.05
AMATEUR_BASIC_PID,10,1.5,45,16,104,0,1,5.76554338027932,10.3331766787351,1.22533636579164,29.5417758394797,0.0194174757281553,0.0972222222222222,4.60860501753602,20,60,12,0.05
AMATEUR_BASIC_PID,10,1.5,45,16,105,0,1,5.65831582405173,10.1630945443601,1.02362700000379,29.3517131902171,0.0194174757281553,0.0972222222222222,4.73404855975782,20,60,12,0.05
AMATEUR_BASIC_PID,10,1.5,45,16,106,0,1,4.88111024931995,9.34561566897327,0.937493226421338,28.5842675648903,0.0194174757281553,0.0958333333333333,4.57463588520003,20,60,12,0.05
AMATEUR_BASIC_PID,10,1.5,45,16,201,3,1,5.37075279668207,9.85457227928184,0.986654675076716,28.9640835940829,0.0221914008321775,0.0986111111111111,4.52736307654002,20,60,12,0.05
AMATEUR_BASIC_PID,10,1.5,45,16,202,3,1,5.40173537636802,10.0388949915694,0.75969145865859,29.0143502847661,0.0194174757281553,0.104166666666667,4.5396350780923,20,60,12,0.05
AMATEUR_BASIC_PID,10,1.5,45,16,203,3,1,5.62855154925504,10.2101037875658,1.3914081150376,29.4274375062503,0.0194174757281553,0.0958333333333333,4.86616633615078,20,60,12,0.05
AMATEUR_BASIC_PID,10,1.5,45,16,204,3,0,6.12960767033172,10.5286843608505,3.2130762208505,29.6814760354193,0.0194174757281553,0.0958333333333333,4.73210329099982,20,60,12,0.05
AMATEUR_BASIC_PID,10,1.5,45,16,205,3,1,4.59257723281293,8.68251910851957,2.12917852510438,27.8253807752746,0.0180305131761442,0.106944444444444,4.41725700150516,20,60,12,0.05
AMATEUR_BASIC_PID,10,1.5,45,16,206,3,0,6.85208244725886,11.4891953195959,4.49151287388314,30.5627532545915,0.0235783633841886,0.0986111111111111,4.96202519329718,20,60,12,0.05
BENCH_TUNED_PID,10,1.5,45,16,101,0,1,5.53216496226135,10.1457830591786,0.565899360908608,29.2690965348634,0.0221914008321775,0.0958333333333333,4.71927584703467,20,60,12,0.05
BENCH_TUNED_PID,10,1.5,45,16,102,0,1,5.34532304354448,9.90340963301921,1.03873856468545,28.9909698936739,0.0208044382801664,0.104166666666667,4.6764601411313,20,60,12,0.05
BENCH_TUNED_PID,10,1.5,45,16,103,0,1,4.94419602066309,9.4208134048776,0.558953565730148,28.6553876244293,0.0180305131761442,0.101388888888889,4.63866092272264,20,60,12,0.05
BENCH_TUNED_PID,10,1.5,45,16,104,0,1,5.76554338027932,10.3331766787351,1.22533636579164,29.5417758394797,0.0194174757281553,0.0972222222222222,4.60860501753602,20,60,12,0.05
BENCH_TUNED_PID,10,1.5,45,16,105,0,1,5.65831582405173,10.1630945443601,1.02362700000379,29.3517131902171,0.0194174757281553,0.0972222222222222,4.73404855975782,20,60,12,0.05
BENCH_TUNED_PID,10,1.5,45,16,106,0,1,4.88111024931995,9.34561566897327,0.937493226421338,28.5842675648903,0.0194174757281553,0.0958333333333333,4.57463588520003,20,60,12,0.05
BENCH_TUNED_PID,10,1.5,45,16,201,3,1,5.37075279668207,9.85457227928184,0.986654675076716,28.9640835940829,0.0221914008321775,0.0986111111111111,4.52736307654002,20,60,12,0.05
BENCH_TUNED_PID,10,1.5,45,16,202,3,1,5.40173537636802,10.0388949915694,0.75969145865859,29.0143502847661,0.0194174757281553,0.104166666666667,4.5396350780923,20,60,12,0.05
BENCH_TUNED_PID,10,1.5,45,16,203,3,1,5.62855154925504,10.2101037875658,1.3914081150376,29.4274375062503,0.0194174757281553,0.0958333333333333,4.86616633615078,20,60,12,0.05
BENCH_TUNED_PID,10,1.5,45,16,204,3,0,6.12960767033172,10.5286843608505,3.2130762208505,29.6814760354193,0.0194174757281553,0.0958333333333333,4.73210329099982,20,60,12,0.05
BENCH_TUNED_PID,10,1.5,45,16,205,3,1,4.59257723281293,8.68251910851957,2.12917852510438,27.8253807752746,0.0180305131761442,0.106944444444444,4.41725700150516,20,60,12,0.05
BENCH_TUNED_PID,10,1.5,45,16,206,3,0,6.85208244725886,11.4891953195959,4.49151287388314,30.5627532545915,0.0235783633841886,0.0986111111111111,4.96202519329718,20,60,12,0.05
BENCH_TUNED_PCH,10,1.5,30,6,101,0,1,1.73997011599844,3.61599099195821,0.680932107528126,23.2079207302193,0,0.275,3.86189768585856,20,60,12,0.05
BENCH_TUNED_PCH,10,1.5,30,6,102,0,1,1.67227631756945,3.59316212561591,0.141903244716091,23.1563169661563,0,0.343055555555556,3.87379725057978,20,60,12,0.05
BENCH_TUNED_PCH,10,1.5,30,6,103,0,1,1.55252578854599,2.87652359032267,1.59286397960711,22.7830798439145,0,0.244444444444444,3.80086079407652,20,60,12,0.05
BENCH_TUNED_PCH,10,1.5,30,6,104,0,1,2.04653547210927,3.99653796514608,0.157342120331266,23.5888311791024,0,0.247222222222222,3.77817807643147,20,60,12,0.05
BENCH_TUNED_PCH,10,1.5,30,6,105,0,1,1.90259493012799,3.69857957626492,0.13935823229797,23.4120655173992,0,0.244444444444444,3.86829531991509,20,60,12,0.05
BENCH_TUNED_PCH,10,1.5,30,6,106,0,1,1.64185079269657,3.17254286638916,1.78313873924684,23.1725428663892,0,0.269444444444444,3.78976214386597,20,60,12,0.05
BENCH_TUNED_PCH,10,1.5,30,6,201,3,1,1.85398737615256,3.57151824977212,0.00246371550922704,23.4275820411162,0,0.352777777777778,3.80685714112601,20,60,12,0.05
BENCH_TUNED_PCH,10,1.5,30,6,202,3,1,1.83101286605036,3.61740129811279,0.518667687948984,23.1078549473493,0,0.311111111111111,3.72933539241502,20,60,12,0.05
BENCH_TUNED_PCH,10,1.5,30,6,203,3,1,1.84609264976905,3.72765753859243,0.0434274948858634,22.9834850815593,0,0.229166666666667,3.94611096825043,20,60,12,0.05
BENCH_TUNED_PCH,10,1.5,30,6,204,3,1,2.32878392243475,3.91874238069058,1.82339918842134,23.2984434172471,0,0.284722222222222,3.84815975684858,20,60,12,0.05
BENCH_TUNED_PCH,10,1.5,30,6,205,3,1,1.78358183993261,3.49402937623115,2.80421127835694,22.4644421143286,0,0.327777777777778,3.68788356917145,20,60,12,0.05
BENCH_TUNED_PCH,10,1.5,30,6,206,3,1,2.74591608754754,4.66027658457748,2.64844154251478,23.9692740894941,0,0.254166666666667,4.00452434241729,20,60,12,0.05
