pc1,pc2,aero_scale,loop_delay_ms,slew_rate_deg_s,mmi_inertia_scale,cg_moment_coeff,thrust_profile_amp,gust_scale,dist_step_scale,delta_rmse_pid,delta_rmse_adrc,stable_pid,stable_adrc,dominant_factor_pid,dominant_factor_adrc
0.100143190142896,0.742354109661034,1.05448652932431,59.2900427985064,52.6043161023489,1.20936903230846,0.798257674556599,0.0945015267522198,0.564755780268123,0.332056059935025,-1.2126269229023,0.041584625144985,1,1,dist_step_scale,dist_step_scale
0.79935936771099,0.624519176980293,1.1132157411846,43.3163289369844,51.1663973976375,1.1242172977265,0.0767801866417271,0.0328993915270775,1.68902541539886,1.75135048718866,3.3019712040661,2.24470682546373,1,1,,
-0.0933807221415181,1.53754186915562,0.922266538734827,45.6422673066631,54.3256487335861,1.17751945446252,0.489256495585619,0.217089588646247,1.00056996995326,1.53031960075139,3.71030935363269,2.0228083986127,1,1,,
1.38716383240094,0.492296856791363,1.43481674543865,50.878002355579,97.5852844810632,1.23613683314621,0.762912784876696,0.18235458408554,0.274661909530621,1.06015349788305,4.38237042269677,2.15057208239391,1,1,dist_step_scale,dist_step_scale
0.376382079997847,-0.699758223019309,1.47617073887441,1.81326004414032,55.6399983156509,0.800913538039528,0.15672037248017,0.0956832468089112,0.879935442954872,1.19302442774001,1.32142137473316,1.56324687903154,1,1,aero_scale,dist_step_scale
-0.769670656923669,-0.753908112439486,1.08190450348744,3.96216370152033,100.636534023701,0.786764987663754,0.636398486899165,0.196092246639496,0.930353279941028,1.09511484927506,1.10985111845641,1.16587227518642,1,1,gust_scale,dist_step_scale
-1.31657771848392,-0.819868251035973,0.917552532491428,8.23980121539069,96.0470652526903,1.01174077036035,0.511268116280007,0.141020577855638,1.10041126906619,0.246105380170676,-2.57050542371591,-1.50837778887426,1,1,gust_scale,dist_step_scale
0.48258001381855,-0.138098503177124,1.07827037713542,35.9417428753002,93.2151899289445,1.21620008250771,0.643681192484347,0.114464649187328,0.798814093725193,0.918001472160512,2.4311454457364,1.49828972413827,1,1,loop_delay_ms,loop_delay_ms
-1.24559730652719,1.35096474667472,0.807000716258578,38.9691276008834,46.069056039196,1.23039298961746,0.384770667975074,0.200720179964229,1.10215430068968,0.510183314094786,6.20785842774212,-0.266271924478659,0,1,,
-1.57079712780183,1.31611181986988,0.945427955898947,48.333841776247,32.64023811958,0.881048153152498,0.337849715749901,0.192364998463801,1.09296596124679,0.7008010648555,10.5863237441518,0.97999883457139,0,1,,
-0.556603907784967,0.92950276446281,1.30630025812148,0.446994953827058,63.0237317254696,1.25766532743618,0.0373313278449828,0.22298011406746,1.40818976438774,0.451734342943461,-1.44450272482648,-0.619810517836079,1,1,dist_step_scale,dist_step_scale
-0.28827390357317,-0.217032642832935,0.8634231817053,45.0833786599797,108.128433265034,1.1963820700452,0.76976757242498,0.150613353066529,0.688676872016172,0.713899076354193,-0.293262580327585,1.09211393993522,1,1,,
0.257975827306813,-1.02570271697176,0.889635702709033,50.9678992773221,90.6669091391916,1.24840779543442,0.138985440385182,0.0836468609471357,0.171211515186144,1.06415044294218,-1.35382486706823,1.05229529051366,1,1,,
-0.396636628796345,-0.895814034478327,1.14415150667113,20.1358100161795,76.3920184915522,0.856307695708978,0.370950855944719,0.107458038530641,0.707555925261722,0.863999379610533,1.93753520544269,1.08395598578053,1,1,,
1.09978581231882,0.168662684605582,1.28585861186856,34.4577425220689,91.8561701816986,1.2806527536002,0.26724332802228,0.12295823851672,1.01495511260425,1.33051773633439,3.02778512577676,1.97332491454724,1,1,dist_step_scale,dist_step_scale
0.0658428681496418,0.656203373816899,1.41998963147961,53.0564809953273,81.8118572206658,1.10335082539737,0.369884074377344,0.136940859166592,1.02941719769114,0.396195763625619,-2.75442285654096,1.21776691549024,1,1,dist_step_scale,dist_step_scale
-2.47919324369941,0.525264077577288,0.717930783051801,41.2388673875789,43.590879745826,0.834743088829269,0.223865136143435,0.0855613125360613,1.89112660456459,0.207607111593897,2.51969883106008,-1.817149991058,1,1,,
-1.40106835441413,0.0563854623646433,0.903135449488432,24.7906663785704,79.4912542415943,1.13704610214811,0.385582316305536,0.165754280969944,1.08210153057268,0.131034291147278,-7.55073094567587,-2.03597230642581,1,1,,
0.889964969945599,-0.222259002211641,0.894045199148729,37.3164109285441,100.178358566861,1.22533765480058,0.485068646920353,0.135732470368311,0.789255578130986,1.96968586660761,3.52145155713225,2.19147115212819,1,1,aero_scale,dist_step_scale
2.05477887094901,-0.32219406536616,1.49165688380475,4.34899680411013,50.4752586940259,1.31560846786106,0.677371592187001,0.0883107257929256,0.0260545129923724,0.914492709004618,0.251145923516525,1.34863305899915,1,1,,
0.0745183125109155,-2.59628326987235,0.703911506073588,31.5970371905552,106.698461942172,1.00221588241236,0.371150642016825,0.00416360113650038,0.195853684817536,1.293040989864,1.07730553479553,0.937315990637259,1,1,,
0.285016740413923,0.581086018776688,1.15456234815486,10.1053397549226,31.381723202888,1.03823676692797,0.435207463059123,0.196950368830099,0.436361882779222,1.44424056425963,4.63872864166192,1.56489333551836,1,1,loop_delay_ms,loop_delay_ms
-0.0114922824777123,-0.625356809291627,0.883822737027235,11.500710940958,88.5462450489865,1.0084431915952,0.709041409200172,0.228616414118935,0.0972103709235015,1.63301751552925,1.92151533667058,1.45774320352703,1,1,,
-0.786545298891464,-0.763664549214222,1.0830876242839,48.8790892860554,75.6796699603533,0.782252427525276,0.407536108787822,0.149161057273029,0.0496949666590509,0.755826621275136,5.58909858654385,1.50321494443989,0,1,gust_scale,dist_step_scale
1.19108850822633,-1.21010349395483,1.21818170625413,28.7498782752598,72.7540143496797,0.967240992407954,0.73045168346669,0.00118962333776401,0.447944105302262,1.15803615383621,4.03526082396913,2.14587611370057,1,1,,
1.94805268596883,-1.39123338581918,1.50693469280238,15.2036772374456,77.2801699027847,0.873510806320112,0.533598324645145,0.0291501720033084,0.37182533515776,1.75394308461608,4.08746424054613,2.67606582239307,1,1,,
-0.410557494454132,-1.61588927479908,1.23273839451121,14.8216498671493,98.872604509201,1.04947747122157,0.0127063786265743,0.0740746090491907,0.730108443398094,0.271345228497535,-0.220687137547984,-0.983905272178525,1,1,,
-0.236297686155686,-0.895600754767075,0.851070124619822,43.8086203117181,83.0633414579602,0.940523771670862,0.0464496099557482,0.0409582965297071,1.17511471795583,1.59232520578041,1.49863106377794,1.43751418038256,1,1,,
-1.42664215412183,-0.305701258686938,0.931820531539292,42.8846769414502,83.9639564432611,0.803041633901545,0.683713781495209,0.211964412852788,0.254927691402369,0.569020328807379,1.63057486986879,1.01298132726855,1,1,,
0.327989683095888,-0.109610188339042,1.38681419726338,38.0247973550697,95.6757196779161,1.14996152660058,0.18908723250785,0.221681038024541,0.13193718088812,0.869330372864454,2.58597206263302,1.65727488527776,1,1,loop_delay_ms,loop_delay_ms
0.233678312146229,-1.545303112937,0.930085451426924,12.1184841981731,64.9182218578186,1.2741938395846,0.114022851588153,0.0629142427675294,0.0141286594906742,0.726749347446673,-1.08021779312589,-0.516997659817996,1,1,,
0.605660803448602,-0.677037630410177,0.966261931842914,49.5560982997295,98.1413423018286,1.01705719734084,0.483709230897184,0.0703516273874862,0.826327621071421,1.69739185555279,2.87902249297944,2.47170690368584,1,1,aero_scale,dist_step_scale
-1.8256859052004,-0.397229532039268,0.835533629022905,40.2824923253166,100.966844392743,1.05836772773119,0.25869411995617,0.144643564948318,1.17400656804047,0.0572792159482074,-1.07217377432364,-2.79617764776727,1,1,,
-0.539470832462692,-0.60270640245815,0.859819264606541,43.4306485207249,63.236045803059,0.892072548786395,0.636468301847901,0.133918382947301,0.0249148454261232,1.00414586351396,5.16029473771392,1.53188143416187,1,1,,
1.46252012790221,0.131616043438659,1.32063784765247,49.5871311054077,104.748278575914,1.21277470134007,0.554172837823881,0.0691377158410177,1.23986624420674,1.3729272995077,3.37856987524986,2.5138377606883,1,1,dist_step_scale,dist_step_scale
1.10506274869914,-1.3939670785027,1.31904704499703,1.71719139176226,53.4475756526811,0.97501070381054,0.134164415507522,0.0364156890679599,0.410778981069719,1.43674659824557,1.13360006852007,1.46995392584981,1,1,,
-0.401804480731864,0.0756706974721294,0.920101008370689,39.583862900888,37.9886990077544,0.869137058301348,0.624090381601318,0.0587777122545571,0.92269308557364,1.0164507401555,11.1004498473802,1.70041123039127,0,1,mmi_inertia_scale,dist_step_scale
0.807333684448556,0.190781922277277,1.21909169599188,51.8995799604341,60.7579841783457,1.19350641137684,0.0964766962269212,0.105976816842885,0.477254987490946,1.2783686702,3.52102989231025,2.06314042248401,1,1,loop_delay_ms,loop_delay_ms
-1.16819238796866,0.243542058164211,0.984524156173914,5.57147365455287,77.6473090546535,1.15049183061958,0.484474757783095,0.187990533135398,1.28955375744142,0.250268417658598,-2.7045672435267,-1.55354733860603,1,1,,
0.369830167985687,0.247924427987639,1.4779318134629,2.20302109945567,82.9172302299761,0.843118448747809,0.48452116797005,0.139558979691389,1.80657516613912,1.36715287004434,1.5439332542471,1.90616257245026,1,1,loop_delay_ms,loop_delay_ms
0.427632529724135,1.35372267750045,0.893618999528987,29.4919507246335,76.2564617752047,1.33298637112578,0.705630946958888,0.210737824090446,1.26671080095808,1.62985792149333,1.58986309966799,1.81584382117921,1,1,,
1.45159172342137,0.0126088344747808,1.41542867587279,1.58919746354294,61.3018017878176,1.22759405386176,0.794207989764103,0.0756904994035915,0.913597303769646,0.831057714407438,0.290566694690511,1.33867636401455,1,1,dist_step_scale,dist_step_scale
-1.24590030522662,-0.610249233301784,0.848023113990316,55.8625778986027,89.1882844512992,0.876641921526471,0.336112060674544,0.0540273873599895,1.26725663777361,0.591151685439216,0.0563402102895409,0.531056989646288,1,1,gust_scale,dist_step_scale
2.15465298433476,2.01515621845295,1.43989629808044,53.3134928421561,38.986460972528,1.33022867067002,0.764158590281783,0.114658624099776,0.995524981537554,1.56102299582347,4.05310265482665,1.67277289042121,1,1,,
0.752946191455832,-0.671029947975304,1.00220151879803,13.6066408217096,91.373819988012,1.3453496947764,0.390168939091415,0.0509048130423894,1.19390705165744,1.05452472990512,-0.282619969459276,0.67124276842037,1,1,aero_scale,dist_step_scale
-1.24642912882339,1.27978943928882,0.751523581300556,45.5256639906891,69.4665773777533,1.18211016522603,0.642882048211384,0.202922438470912,1.29024802214043,0.623722902394696,4.39374286642437,0.44499476576263,1,1,,
-1.65786678485961,0.420807790034563,1.08033786897831,17.1516556155742,104.800079717508,0.901115018034241,0.730107809621653,0.21293952602696,1.75000892359145,0.217789126375801,1.81788152304235,-0.402924844601024,1,1,,
0.652942450151875,-0.0317359912889135,1.56284538627301,11.3685529627009,67.9782741221687,1.148288609408,0.0364241360291242,0.179362012139478,0.49866036925776,0.828926767404726,1.35491037511313,1.06569427704711,1,1,loop_delay_ms,loop_delay_ms
0.549067654484901,-0.761181560442117,1.56534246148065,32.6502781633516,80.299945131433,0.788049536503169,0.766083171592503,0.0938930223769049,0.288803830814691,0.514204445590009,2.15322845908477,1.98709324092624,1,1,aero_scale,dist_step_scale
-1.2155236030661,-0.244038163991133,1.13794819926267,58.7971296621929,108.94891400008,0.865952616773968,0.355048947013459,0.136578874389453,1.1341384896876,0.330359895895813,-3.26430748292075,1.0007040429463,1,1,gust_scale,dist_step_scale
-0.615191130374019,-1.36541234600024,1.0354864783112,3.55057230104223,98.3544434865956,0.972862621808392,0.412302192431189,0.0897557135762439,1.06296900961987,0.585241794155168,-0.454474064432624,-0.0926753685685213,1,1,,
-1.74808594722552,-0.298573090265534,0.806516724273545,15.0175533932213,119.99996548204,1.18190205454465,0.296399300896523,0.1739451883916,1.75957976741703,0.206486069592089,0.260362007754793,-2.8571891760683,1,1,,
-0.460503188350342,-0.12275492221634,0.786466858748924,40.1860353818469,66.3084051615427,1.16847549739687,0.534865169418897,0.164394048672135,0.153245760505199,0.866212310136294,5.37374205702572,0.79051265524302,0,1,mmi_inertia_scale,dist_step_scale
-1.11021735407393,-2.20879648841186,0.756386074995001,3.55833388918863,93.5975489540855,0.939102095162234,0.153904971055453,0.129405804134971,0.154449897951761,0.884962793081826,-0.322838002753954,-0.48743175635024,1,1,,
-0.0827682238449084,1.03110485868538,1.1306428401391,54.4803024590726,85.9558091531466,0.966310328865065,0.546647798597083,0.193229962473086,1.24743535016273,1.47433546757408,4.85899052262193,2.83939336694577,1,1,dist_step_scale,dist_step_scale
0.0604901220479692,0.40479636713899,1.32558496463942,47.9673627980988,47.4333868006007,0.954007908361075,0.184195218426818,0.0791731230695177,1.00372645052114,0.823433117363352,4.67302745489075,1.86712002769276,1,1,mmi_inertia_scale,dist_step_scale
-0.709253749985352,-1.19962568919876,1.10799195941293,23.7906157091237,73.9540660007737,0.850657414587324,0.248382093328698,0.148067659246962,0.0575703062501378,0.715146385839221,2.49878373976752,0.63494563472856,1,1,,
0.12872967871504,-1.23810813577991,1.26283940307471,50.1078049925711,73.8418014801806,0.872773929448408,0.276235405755927,0.0550178917963226,0.0463677173297523,0.683487797241869,4.27127409990748,1.74837137977951,1,1,,
-1.12530104180635,-0.529174104681247,1.23200551257146,54.4604227820754,118.160763709581,1.05333161368289,0.0255405455188896,0.192192702724087,0.543910526089461,0.0756067074267699,1.12893853283025,-0.378708280817882,1,1,gust_scale,dist_step_scale
-1.38052316765616,0.734186579470479,1.28470551368024,36.4047514259164,93.2712118229977,0.934310717735418,0.421559945010131,0.242400419006859,1.20750202674456,0.169586826359839,0.880792536289505,0.364771598634739,1,1,,
0.171385920940569,1.34368542456683,1.13382579996515,48.5744559430935,53.5203887116675,1.21326670913422,0.0674507158893594,0.106850116128802,1.718675628753,1.24130537390192,3.14702166421644,1.75735202123892,1,1,dist_step_scale,dist_step_scale
-1.50194140700357,1.05277631840739,1.09379788888264,50.9849357601075,83.935533396661,0.804243919884591,0.668838435294702,0.245162490065598,1.16767339043416,0.626747320717553,4.11215348887647,1.8174913971839,1,1,,
-1.02796047338953,-2.22985770538285,1.01512152788102,20.8383729898258,59.3837387231894,0.783568318616056,0.200810415513947,0.0195162031557536,0.0217616438551067,0.129332784381012,2.7928653418354,-1.66314680425279,1,1,,
1.59430856770818,-0.729318649446599,1.14390747328849,21.7685474009813,114.967157122282,1.32882820861194,0.440097129940436,0.130318405048511,0.593236263008016,1.78539153945728,1.48236005520637,1.95961447386298,1,1,,
1.16442176456961,0.949641433048458,1.54205735922976,19.1752597051773,54.7756175312865,1.08486907918874,0.0284814329082548,0.197493439153383,0.989680814171123,1.84824082064546,6.5029328885253,2.35141684878481,0,1,,
-0.986092886883089,-0.471719435751129,1.17485401394516,12.3011993122476,63.5910984701828,1.04610079594548,0.195365990226503,0.22175420778557,0.00276096808566373,0.202466393240199,0.763019099939662,-1.20421249767635,1,1,gust_scale,dist_step_scale
0.709811094758257,1.72121232890976,1.54704116877754,2.65955618950681,32.4358596875202,0.940676882880408,0.77787333141694,0.221013306974805,1.24640962981302,1.35183824217735,1.58928125911063,2.17358912424241,1,1,,
-0.365729842516243,2.43940623945942,1.30771271511997,36.4210486147259,33.4450117435318,1.27398151846787,0.0939687179918416,0.241523209647884,1.4363272870517,0.714819304076597,10.1075098609531,1.01641058140695,0,1,,
0.677073566148921,-0.961385031843654,1.50238700354044,29.2712945326643,113.724944454595,0.751758205968159,0.122568591609604,0.0802018326461548,1.4083427877223,1.67945970598605,6.81921502761305,2.54320606673517,0,1,aero_scale,dist_step_scale
-0.761159633242899,-0.110003213138766,1.00515751751335,24.135253078374,55.5662329632812,0.971298551298832,0.341601988603457,0.0947885795100465,1.13188609085259,0.656282985048421,2.93636957250219,0.433632337241718,1,1,,
0.739490755811086,0.694806769841126,1.16187827717751,6.45250138642369,55.6004485463111,1.31452650123337,0.634490948365816,0.150432786662375,1.00026351554365,1.01967098707458,0.0736926522084573,1.08513176679426,1,1,,
-2.86844833967825,0.617447522718763,0.836814029229469,27.991969525441,56.5001680815329,0.759474451776611,0.219042187963521,0.19621370243953,1.65500828406875,0.183978508085007,-1.87012765370049,-1.73709380494009,1,1,,
-0.455157882545012,1.4720505906819,1.42200847221883,58.2720132256434,68.5073071033713,0.96766356565022,0.228298001121642,0.148026008918164,1.73166260810499,0.608507896501135,2.89393786497794,1.95507952645021,1,1,,
0.630368820911342,2.1822360042496,1.40565865256756,45.9332206907433,46.6246173518257,1.28629569542318,0.72160093192537,0.146024190672424,1.48470403717847,0.527725849713979,-1.20438105225307,0.0965457601552231,1,1,,
1.77466604690523,-1.76905005191675,1.34900319889166,13.9776088775288,84.9273417704189,1.06762069390006,0.296777666961603,0.0163262316130575,0.277209103847607,1.54905668474302,1.42815380286387,1.89362894032021,1,1,,
-1.9046116924488,-0.838499011284616,0.798241333227608,36.6009801420805,71.8203548818857,0.802761233258678,0.501198338328247,0.0670095943073306,1.04083169274592,0.0592755367289282,-3.03790945345571,-1.82163430120481,1,1,,
0.334474719886397,-1.08869625686318,1.33885951063574,22.1460907049689,67.6425333171428,0.950662393156696,0.0144931635744067,0.067209576134075,0.532651990954043,0.953052508460495,2.09271254683038,1.23587848160077,1,1,,
-0.194497929269872,1.00355800098631,0.843329648687535,18.3248933705134,41.765263299456,1.28570931208557,0.0226881499799587,0.159449891266127,1.42499749640045,1.54799019515041,3.75964880907907,0.63530827026522,1,1,dist_step_scale,dist_step_scale
0.877449763518073,0.51035087275975,1.16833497262943,49.135545408251,76.1957663187108,1.30805471810184,0.324487744315128,0.0839967123575954,1.11214404967444,1.11707755830228,5.09020146949063,1.80756233654014,0,1,loop_delay_ms,loop_delay_ms
1.91583049730771,1.66000290786285,1.57949400418093,43.2850464854493,105.144174645093,1.17995841596935,0.65381716428085,0.165661815584238,1.95022347599451,1.99097420805536,4.26961037238529,3.29191936622205,1,1,,
-0.588794394089919,0.824682891483558,1.37516276043636,28.9887082419163,74.7876847391647,0.84871684207287,0.572689904163381,0.198349248829267,1.31805758578928,0.687249831429642,1.97865303642508,1.6241626415662,1,1,,
-1.16556530954767,-0.92418890037197,1.19042623537302,18.6856440522989,82.7834580863895,0.877757335096073,0.500534437304546,0.185951506327744,0.127907198250383,0.00362187998372687,2.29247608927739,-1.12127256861955,1,1,gust_scale,dist_step_scale
2.10460677957761,0.507648203450809,1.38013719753562,59.2732039550872,60.1893429949855,1.25682704197015,0.381018488117067,0.112613899627545,0.103286438158885,1.78251324275862,4.21984056511717,2.83710356854473,1,1,,
-0.354820062577696,-0.428034488704181,0.824370066301673,32.4638243168151,82.7324342468388,1.04814323497853,0.465745161227865,0.198859568513614,0.189566999523687,1.40580644547508,3.05278056441428,1.30828925862184,1,1,,
-0.623479765720583,0.783960916571024,1.24818085887483,37.5870015180017,33.6071335665354,1.08028577727888,0.0936267384737716,0.119020064153095,1.01153331109651,0.270153130417403,10.4502241735907,0.0821253141588301,0,1,,
-1.39393329729663,0.500130521524164,0.973051896176064,37.8259277995234,92.0225340532455,0.926341631499309,0.67957475214937,0.215033150681585,1.16864854478064,0.545224577357326,1.97933762806454,0.801787321885264,1,1,,
0.120481097091917,0.957902546529832,1.51607447843588,12.7706290956839,95.8213956157023,1.04591373888555,0.631212589922443,0.20750041947409,1.69745190505377,0.73043257486802,0.244897940623474,1.41606944831285,1,1,dist_step_scale,dist_step_scale
0.578510764784792,-0.500966186152365,1.32005231996785,11.0037108801987,89.4791115877244,1.28883325606452,0.685955858678486,0.0951370062258122,0.739997767937471,0.112013838423542,-3.37974434442329,-0.476942740492071,1,1,aero_scale,dist_step_scale
0.736175798255243,-0.228992025827021,1.14340657359372,41.241515866265,67.6796858319009,1.34213134230055,0.323641513614243,0.0720163379089227,0.405916534158506,0.633427597406218,4.38958158891806,0.836889982374473,1,1,aero_scale,dist_step_scale
1.33749559393859,0.427845942090658,1.19953080152318,27.7600322427909,80.3001727253537,1.22972793749556,0.748761534634481,0.114758998841089,1.0453994192633,1.49942715573759,1.33698964604099,2.27373735838092,1,1,dist_step_scale,dist_step_scale
1.72894026719456,-0.32153899606254,1.47158544048467,20.3795627512165,68.690130831455,1.34512865628394,0.0773844463069706,0.0758405908018206,0.56370188653484,1.14202245290489,0.81336156038433,1.52970375018622,1,1,,
0.601988256475372,-1.17227396650893,1.22900537076358,1.14913390874206,102.325719776895,0.859829109339402,0.622102443547509,0.0908510080113224,1.15046374375666,1.53954796462444,1.57888233256563,1.86035696273532,1,1,,
0.765417260484064,2.22346615751076,1.15642650471851,55.5820805987681,43.0515830552543,1.3478405890036,0.0994913361659754,0.178527692577563,1.41657887436669,1.72910227882406,8.98237958998087,2.4068322924867,0,1,,
1.02746093605706,0.283614291990903,1.52738417312055,26.1254872413126,98.912648920127,1.34832472110688,0.116672448751,0.203402901914545,0.646100064217616,0.92215931757519,-0.449561347258779,1.48207624160467,1,1,dist_step_scale,dist_step_scale
-0.893000971729025,0.0618453256112226,0.744022246549291,55.9924109811742,100.100355345641,1.33424529799109,0.0589213201188073,0.229029338871387,0.335494505621843,0.872751533221131,-0.496029024674918,-0.0403822863551042,1,1,,
-1.14035456626358,0.0744194778032435,1.41062575963597,31.9107086628523,100.781144420033,0.755807560065622,0.232860026025071,0.150326593240633,1.77453093179468,0.419989419310076,3.08281260048216,1.02027775942479,1,1,,
-0.509142419459943,-1.51902454118192,1.28646777888867,1.77652424596749,91.6753678123493,0.853831327033089,0.266726148406224,0.167562005306546,0.222287886694702,0.61816658509875,0.270555803834391,0.391958690612555,1,1,,
0.513003727123427,1.41260043813298,1.39272023228704,38.8179383327239,86.0766525273897,1.25527593220778,0.367415611651876,0.187105892688304,1.5536739585499,0.989948304347694,-1.58496017750673,1.92466050879193,1,1,,
0.0257419286246764,0.588599808243012,1.33714355522723,38.2172050792223,106.230545289884,0.808285578962766,0.664124605809249,0.24936725957121,1.04232317868632,1.59040078168889,4.27200630476641,3.31694886026438,0,1,mmi_inertia_scale,dist_step_scale
1.84880007275289,-0.252612610802883,1.11433664375938,3.89985664855088,41.7556351903517,1.32304069897218,0.553735745323276,0.0770604562626571,0.32924449273222,1.70835369899938,0.818674855947229,1.61748187229651,1,1,,
0.729266154916754,-0.275581688499312,1.16265117825054,2.13983834392868,41.9870808889919,1.10774413859238,0.740304110096271,0.131532767824867,0.1363086827168,1.02488744298321,0.544120664375946,1.18910350713476,1,1,aero_scale,dist_step_scale
0.761054377613083,-1.53890606960702,1.11092636808419,3.74923372690909,88.2889394702175,1.34556090420168,0.0502643732377607,0.10295795393438,0.117218375726064,0.952478442398276,-0.487872393907182,-0.0358558676094987,1,1,,
0.922151956758532,0.552976112019272,1.06518972273489,25.2721085367618,59.3389067435877,1.3357719488298,0.606418758768604,0.0248820366511025,1.63810859989124,0.993197035925869,4.09801579386875,1.29194537291638,1,1,loop_delay_ms,loop_delay_ms
-0.934556185067191,-1.80599577566893,0.707119733184737,2.52849817064274,110.202500644792,0.881243653249288,0.420514226249672,0.182478653614749,0.407624284268849,1.46797713959799,0.924958566034221,0.702798467003142,1,1,,
-1.58905571155674,0.109082556399195,1.21307507886204,20.4961023821175,61.8946098983813,0.923653960706429,0.048283721701266,0.227312721515761,0.657942248009281,0.167796786914732,0.00411970949876661,-1.37892506570002,1,1,,
0.994812219697286,0.10454018997511,1.55002795848924,7.53261170322561,36.3484323319516,0.983409904738812,0.695180510381659,0.0262650624764928,1.13702951662956,0.556372206971847,1.79899131159465,1.36583973559807,1,1,dist_step_scale,dist_step_scale
0.400335551564803,1.13685889962794,1.38610704699393,35.8615150454931,42.9486782110227,1.33094299621911,0.0867455507526044,0.122749577160142,1.07694673999744,0.44574964499394,9.99078136914496,0.57935858923468,0,1,,
0.118376102985279,0.338806138043245,1.49116639897999,52.4857694136304,97.2736938987706,0.876233624028644,0.139726076576011,0.0730399711589342,1.94149795470995,0.994738326018601,3.24309762080848,2.47834127768209,1,1,mmi_inertia_scale,dist_step_scale
1.42834348613627,-0.596570798506473,1.51307094875325,51.0833759470028,93.6266796265844,0.992812086516932,0.105313140579752,0.11385193684357,0.276844486014253,1.6642879199047,5.15882766819718,3.10831823784872,1,1,,
-0.468660370775938,0.124170458883082,0.879897193600453,13.1705229708132,97.5054340205467,1.20871757696506,0.292022856554405,0.129692581110611,1.93810785613365,1.14690794996356,-1.35574182427046,0.356423187499288,1,1,mmi_inertia_scale,dist_step_scale
-0.0113261853626584,-0.242209838603123,0.915584951490978,44.5760856943921,71.0818247815233,0.90043218554509,0.377427736455858,0.0798668268937506,1.0580096459036,1.68497767135047,7.03310903580198,2.16497500519363,0,1,,
-0.341921250575688,-1.06862030849091,1.11906430806222,34.9425241426218,119.064167215215,0.933687044912608,0.785871884950874,0.105244459483131,0.780013261758681,0.470478804205513,0.0770333946965849,1.14803866776515,1,1,,
1.62661124185847,-1.0409469585592,1.08226452829574,15.5871410344728,105.089945340034,1.32119480513586,0.797470854216039,0.0899286567570527,0.350023768568297,1.41132279732702,1.38576648125095,1.76181857120528,1,1,,
0.132239565901673,-1.25902831448858,1.2634551318055,26.516198657324,88.072493483887,0.999743516896889,0.0141038247973377,0.0167474037325722,1.1173441259378,0.73800906610784,0.645912136777703,0.841300012226874,1,1,,
2.0053656382128,-1.19968623041593,1.33814963123349,53.0602100312178,114.60516051589,1.27823194497089,0.297092158658365,0.0395915378746741,0.222706195774582,1.41564149287648,3.39236515537626,2.4971597482579,1,1,,
-0.680523902082666,1.38159273852362,1.29189391254581,56.9448888289199,89.6668169455469,1.18950244311359,0.340817243511615,0.159436572968535,1.75585270412087,0.108132787469924,-1.7076109501737,0.215921173780707,1,1,,
1.3916394826617,1.15823299280272,1.43388106763056,10.681361237962,38.7249660125234,1.22542638936271,0.790523224750644,0.184104754504705,0.558588717630193,1.18947928492306,4.35889072068039,1.86437543321202,1,1,,
-1.54738722844016,1.29803179475927,0.870053693046735,57.3533283606448,38.426575078319,1.10705063475687,0.0173459028836881,0.112168749583903,1.6471564316358,0.387434855682377,9.9681699450099,-0.576320812900185,0,1,,
0.436795025557592,2.52957847066625,1.39688860231731,50.0782073801182,50.5593452275972,0.917789206741885,0.495831657663889,0.233861434762629,1.72695210913152,1.95110905854922,7.6924057305797,3.64567254100021,0,1,,
0.216865051056831,1.19976303172347,1.26381001828568,55.7153235659902,92.4494722868375,1.04981871038167,0.770562677625465,0.189588412153309,1.21407728717696,1.06785800079543,4.59538536308536,2.53184350163504,1,1,,
1.21829708947053,-0.34830709854304,1.40252675957194,10.9461604801747,70.0955134644754,0.943102949180128,0.525473721428299,0.165620455747907,0.314715269671127,1.76553880679399,0.76778745682364,2.31449941789262,1,1,,
-0.915626012527251,1.18040372398976,1.19474635531505,54.7721393875591,48.4675860162438,1.04940052758202,0.362810722107415,0.139921265069477,1.14925641441906,0.119201868736939,-0.678701456404035,0.257410299761993,1,1,,
-1.83489305305494,-0.374062821854346,1.02224031133665,30.2934959319816,95.1105746249421,1.03224117063146,0.0559529100224111,0.244059955472566,0.488097243032415,0.0999555359761513,2.11119017612357,-2.52575052106562,1,1,,
0.435273639635796,1.03926045344963,1.21074579044015,37.8039988602977,108.31104552152,0.952141006079291,0.744314088901147,0.208340685588953,1.71406843362661,1.92387722696099,3.40364716623589,3.2221412801625,1,1,,
2.03949327686219,-0.607428767146649,1.58302472288951,26.0832135516404,53.3154084984848,0.968576726636782,0.602492772004542,0.0395088457110144,0.186531602135966,1.40099370102367,10.1175182121199,2.64911436615421,0,1,,
-0.767914808278882,-0.299646274677655,1.05124076931658,29.2928676346703,76.469816927699,0.782582214735903,0.614449493678299,0.104713450044798,1.21468337807359,0.858626728952472,3.07754203646812,1.38765108601144,1,1,gust_scale,dist_step_scale
0.614012359637263,0.483358531367809,1.38042631323539,5.55853023455576,90.0028582835513,1.29304547751764,0.325377006199832,0.122894038426287,1.84097252326728,0.807291847490056,-0.162820906123009,0.704528060404833,1,1,loop_delay_ms,loop_delay_ms
-2.38372141666706,0.254474789403941,0.952930240592034,28.8279761725774,51.3784183087444,0.785019205866908,0.176441355883497,0.2091265917641,0.91389540023787,0.194399090221075,-1.54288464386383,-1.32736200938533,1,1,,
1.0612746131808,-0.900484153099556,1.14572376278854,0.330479137160218,87.3782170385708,1.32878466336457,0.516204349769835,0.0212029183095431,1.21505299009245,0.830444364432614,-0.366008629415042,0.538623033970254,1,1,,
-0.960250676107802,2.25083417881918,0.983946251867078,46.1323643210365,33.7104072607058,1.04884694897607,0.198350068092134,0.235746898170894,1.5636268224306,1.33532281163018,10.639954438452,1.71361388236138,0,1,,
-1.66343459590957,1.44181587198015,0.823387022060139,19.4969578245369,53.3993029864591,1.05549270491164,0.131919387055781,0.246144982485763,1.76522625148151,1.10789955553972,1.24934020001795,0.0682969616761966,1,1,,
-1.2900819974118,-1.29539071800462,0.733740438915362,14.2478698575253,52.8813493648958,1.106181617828,0.0192200650349982,0.0353619595095003,0.773060185491563,0.220664862547806,0.684520749606513,-3.49229945170121,1,1,,
-1.92004938405185,0.70672999159149,0.713422316306579,50.3514725564589,36.666790909278,0.951318125606622,0.357245567667018,0.248368814504042,0.0899271698849615,0.624007919521384,11.3338476842046,-0.00959355769773396,0,1,,
1.85578494658233,0.162250490089352,1.51097694024664,46.3523851296979,82.9843638809589,0.969205427684062,0.783219187332045,0.0336868211333383,1.19988811921513,1.5638965879028,1.65312424887635,2.96251003882482,1,1,,
-0.693303604547284,1.04825726543543,0.986585594427885,33.2196300900543,44.2551877610196,1.06161870240569,0.794412163343518,0.139025967266814,1.17746293109128,0.461822057282715,9.002744142,0.739905166880625,0,1,,
1.60877394516979,-2.11287815864228,1.42014439635349,50.3437976434242,115.783198788109,0.82686416617207,0.09285605185596,0.041475665997491,0.0059214580628264,1.99097432404521,4.88243403061106,3.45734485471395,1,1,,
0.233754326392201,2.27262640710162,1.43694808121925,59.1044475470184,42.4459575871456,1.17416886644051,0.0282411477724205,0.180199527112163,1.53137781750132,1.05506773844282,-1.08748958153028,2.05920990444579,1,1,,
1.52909926745093,-0.0624235729979061,1.13874508545986,31.068140890793,75.4678615327494,1.34473148120594,0.159808032423866,0.0858820220115305,0.838116868060113,1.79742306290762,2.03092866002802,2.04718023063875,1,1,dist_step_scale,dist_step_scale
-0.243527381574615,0.0615902031800269,1.43394081766169,52.3873034451909,102.856450210375,0.924609703178738,0.141132437872847,0.113630257974621,1.43437971279103,0.66069833035647,-0.61203925211133,1.87382132345271,1,1,mmi_inertia_scale,dist_step_scale
0.739626415085474,0.322498842636748,0.904972535469209,13.4816519927761,44.9664781801009,1.29570829772954,0.716133800406149,0.013175377171155,1.53040205749682,1.08944484995548,0.974377398989887,0.977401359865986,1,1,loop_delay_ms,loop_delay_ms
0.925254138073083,0.803595558720213,1.44332761093904,36.6223721447191,73.7951837671037,1.26023072142167,0.767233823500704,0.134854280650699,0.819079486896718,0.454090494637403,4.17012275601427,0.834203419698774,1,1,,
0.390650462522319,-0.58926060104055,1.2913043443559,13.8391686422859,102.186851685531,1.13538669880057,0.0524761310019978,0.248817841084339,0.164650926609829,1.425467224447,0.206114274774812,1.17342726533627,1,1,aero_scale,dist_step_scale
-0.552615080650507,-1.36427167396376,0.919425192841374,21.4123625991022,87.9639380121285,0.907482259464281,0.393595167035832,0.0713703384170414,0.799071879985319,0.922249985831511,1.60705523872201,0.698433461860375,1,1,,
-0.462105818080895,-2.24404520213817,0.72133782395283,4.170530795994,69.6863507570054,0.831471468330118,0.422946222318189,0.0268710758002666,0.397929175547202,1.26192382556953,0.772880999129526,0.725131265846223,1,1,,
-2.11866051521047,0.411043913837294,0.70582118015294,57.2005383616116,103.283952740725,0.933007365996595,0.192081082981771,0.223569697458067,1.36886399539617,0.896815118639128,1.7374907470568,0.251230909827342,1,1,,
1.69191873221983,0.0181043627203358,1.12078126306714,40.0272857434501,84.9200009747934,1.30718071211787,0.771855743092172,0.112380415052662,0.375595254355407,1.59956567547299,1.5889570426887,2.42641598400459,1,1,dist_step_scale,dist_step_scale
-0.756451729553943,-1.06088397142835,0.797759802333321,25.1113440944618,102.44360038608,1.22404123147425,0.0919622731975563,0.0449134077663068,1.45062113885255,0.550839168303226,0.912183951310524,-1.28552460388841,1,1,,
-0.753906476918036,-2.18561863137455,0.946463365257622,30.0905749002757,93.1337778294777,0.770196529785719,0.237947897147967,0.00856174418249253,0.669779566292384,0.734926198353476,1.15781228293568,0.622908297955377,1,1,,
1.65812273868103,0.428500894697644,1.37864732455931,31.3847275930004,47.6291309885477,1.08603990061067,0.522381485706007,0.00803636971745766,1.3858568218573,1.53047252400992,10.2085295414455,2.53025884294246,0,1,dist_step_scale,dist_step_scale
-0.897417346514561,-0.428002762762074,1.31463500573268,44.7715838976319,79.9442135531017,0.770193987415459,0.286513667425666,0.0150903003860441,1.68044889160142,0.108652351380002,4.2374568652335,0.502467059066348,1,1,gust_scale,dist_step_scale
1.81065798710091,0.457030514410515,1.40602371286111,37.8685278651537,46.7023653819815,1.18404508874105,0.016481355607055,0.09436619855962,0.69044825766776,1.9820820829206,10.0963054401439,2.67571846693724,0,1,,
0.0199866854010626,1.95278685945163,1.48326821410766,58.2754330555593,42.0752750636282,1.20067095811947,0.458835000575911,0.170152846028233,0.989316950472074,0.0856948637742581,2.23787836126002,0.933317258081388,1,1,,
-1.82104167386052,-0.204254475718175,1.16070979126664,51.2838281986651,95.3186153306473,0.791582630416276,0.0745348912706946,0.182630597611667,0.97725907589412,0.231777095107086,1.92355580514514,0.0567458468540352,1,1,,
0.628517728835105,-0.379813085025425,1.21536087764141,25.1023766888642,43.6052045957662,1.15196403840583,0.719490176448607,0.0177981610308121,0.501280261377037,0.266267808848836,2.24760324634092,0.414389279760101,1,1,aero_scale,dist_step_scale
-1.15798311335248,-0.706419518780634,0.822841129033351,6.40877748892776,85.7508131673454,0.840288113001387,0.141701308169196,0.0857584301694118,1.98898160767984,1.36395166038697,0.857150787433227,0.676478298955509,1,1,gust_scale,dist_step_scale
0.360289878775013,0.0802005962260236,1.14018020923255,39.8388262543643,59.2255257157615,1.0618473398056,0.579941022032355,0.101389133032812,0.573251662658234,0.946328191400132,3.43208415964298,1.78717902796857,1,1,loop_delay_ms,loop_delay_ms
-0.0694688927476672,0.301607734874336,1.40049147272929,51.0260582125195,32.7889654143995,0.868554250360659,0.472069685874097,0.0729300645538126,0.487496573710934,0.29543033082776,12.6003731918386,1.25715711734104,0,1,mmi_inertia_scale,dist_step_scale
1.16281185393316,1.09086878749468,1.42026833502888,21.6825450252135,39.1018169548667,1.18316973314034,0.0338553594816592,0.0778069732625715,1.72499591577525,1.54297190274445,3.47767920088524,1.93699836666449,1,1,,
-1.16217668093101,-2.07113247041837,0.767245170668863,9.72215316205631,112.411043773012,0.965745371051193,0.295843962612761,0.0221402486049928,1.35079139937002,0.496568413382709,-1.42326885835956,-1.20742296680268,1,1,,
-0.0079675703761452,-0.136307427755176,1.4933207485546,54.9946746967177,105.348405919735,0.822125961013395,0.00966523378846267,0.0678800150126214,1.75927857286892,0.994844652017309,0.00570772822912602,2.47299227445735,1,1,mmi_inertia_scale,dist_step_scale
1.99504290047563,-1.13468082285855,1.59223515677359,11.9577389992033,68.9036983617256,1.0650033315369,0.580993582532559,0.0468537353132261,0.0652431038164438,1.09178418889942,1.00874159463541,1.99075435955749,1,1,,
-1.29140380493243,-0.116915156869093,0.759943311522668,0.598892326781166,30.7096762688495,1.14227694766414,0.246096747374607,0.177324868770861,0.433958946248749,0.513624952500581,-1.87176344604705,-1.57123927861367,1,1,,
-0.72088976413259,-0.720174051619282,1.11821178761132,31.961436697037,90.5716643502269,0.752407340134246,0.649293895870547,0.133641280793661,0.734336315738439,0.769371880028098,2.61914082704258,1.5140102113747,1,1,gust_scale,dist_step_scale
-0.109751308388594,0.202682646717461,0.875439318914329,24.0704029641519,112.487570782493,1.154603571192,0.484660882419474,0.161711830629,1.74880029886176,1.60729380857105,0.17652650203582,1.46763585963546,1,1,mmi_inertia_scale,dist_step_scale
-0.465293568650078,1.63065747627375,1.42503725791622,1.78698548856112,50.8328740741978,1.14512572914966,0.678423979418168,0.209507545707059,1.65386656551534,0.0753453012579965,-1.78241705574371,-0.395105134606894,1,1,,
-0.0693088810642558,-0.774717763340985,0.843093870107139,5.58695541571562,34.4266754108508,1.06491807253043,0.0367912391055935,0.0763809639519612,0.609399358734126,1.47538358499791,0.413172724896917,0.486622154637509,1,1,,
-0.178280458414149,-1.26045041505085,1.33677633241325,25.9244036978844,97.7247016059875,0.933734175733389,0.562563835299031,0.0422669394849888,0.849052043891148,0.0132236828354344,-0.0690832739691203,-0.279632849379077,1,1,,
-0.420705531449788,0.255706683190996,0.800411232715843,23.829307118729,77.4076749046544,1.086288394998,0.290851196503562,0.169822395267843,1.30232178774627,1.67892226919969,0.74833294176517,1.17816069709036,1,1,mmi_inertia_scale,dist_step_scale
0.180923401702441,1.21413799160941,1.18542987044342,55.1583295747242,47.7189720805536,0.830309807419578,0.260323104707193,0.122697805302606,1.52290340712403,1.92752476188901,3.91812205859578,3.22853292253289,1,1,dist_step_scale,dist_step_scale
0.316836381809315,-1.64547177466502,0.78812098795868,20.609455522927,114.574434374484,1.31185678839479,0.217231913090034,0.116534129376417,0.263871276170687,1.31181023343384,0.939811355799833,0.398652786875843,1,1,,
0.237345195746111,0.789127875558329,1.44338142942859,21.2320640531497,67.7681427434428,1.24138932497842,0.400634066212394,0.113606382938303,1.49589015600077,0.193510376329672,0.674180010149961,0.161068585285051,1,1,,
0.990591981715921,1.23077470439851,1.46351881126008,2.37695958581419,30.385670163879,0.88344731038562,0.567829098263351,0.192002473099488,1.15366904180384,1.95396856731969,2.48978317971498,3.91283936755389,1,1,,
-1.82370280800815,1.3653397110387,1.06559446385934,26.587878146887,63.0374047807413,0.992074179504132,0.170759362947246,0.240494481653023,1.72325941703997,0.458662972543637,4.78788464050721,-0.211328772417708,1,1,,
-0.691369322447252,-0.903808354458753,1.20455538134937,37.0764302277236,116.775544760316,0.9093035725439,0.377263636207283,0.0279838942800713,1.79073570718537,0.247950848435746,-0.461923522351839,0.342658885412803,1,1,gust_scale,dist_step_scale
-0.429118733485178,1.42292592904918,1.33590998943936,53.8384439496886,41.3446858765529,0.768126680004473,0.291468571101316,0.184794025068922,1.15461866946765,1.26638423419903,4.03894261533858,2.73132661367133,1,1,,
-1.09872847945706,-0.225726140175061,0.74468498234403,30.7815343449542,87.9111830317193,0.971293952503113,0.683078929590071,0.109983699177095,1.38852584623365,0.80174873501872,2.71984706971126,0.6223279077809,1,1,gust_scale,dist_step_scale
-0.994828561747172,-0.510006720540806,1.10950291582018,46.4191102299364,72.4720393264625,0.931176730748008,0.328439656892888,0.168715828740607,0.00755242177393711,0.267084733566863,5.43630427975548,0.345406884105529,0,1,gust_scale,dist_step_scale
0.502101788473131,1.5668610974677,1.29805671693198,44.8131993500745,45.5492897317487,0.8257914534267,0.484043613897754,0.130178565999509,1.76301972420434,1.95514214816608,3.81886498218325,3.58339897921931,1,1,,
0.0582464779652693,1.76820000265757,1.12184184385099,56.543430299791,87.5254016880262,1.02856347697866,0.682698551446461,0.194092441847625,1.83690132394772,1.60052593697248,4.441514004909,2.9998992007083,1,1,,
-0.894538661710083,-2.44995788389697,1.08235737287955,18.2148561945086,102.360424725459,0.765333410354641,0.46586123343016,0.0361328578095661,0.39046610612876,0.138795779333646,2.60383646894869,-0.590503642804144,1,1,,
0.766608270529684,-0.692926248254251,1.43934282771064,18.0277233744351,102.961733738083,1.28535759952122,0.202661575301535,0.0317648433017245,1.42146727062171,0.322473181735186,1.71033820124529,0.252462172836132,1,1,aero_scale,dist_step_scale
1.07942271532806,0.511158172546318,1.54574676875769,52.5822169805136,59.9129512082234,1.29671281586715,0.142393884794386,0.0386968102104504,0.981624732987253,0.351414577160082,0.290116007763302,0.385452379423249,1,1,dist_step_scale,dist_step_scale
-0.657803456327717,-0.042367211324045,0.931048290421592,20.0704870364002,60.6069689189494,1.11261244158565,0.73045954273552,0.0774771919874072,1.15178151165865,0.20600054893464,0.30313328538999,-0.559460600400193,1,1,,
0.927492474746382,-1.07674620408822,1.3147041888806,43.9573565137336,99.7788106412202,1.34785942605204,0.210789678856958,0.0367960333269441,0.357229452936719,0.28945724794565,2.03345850768023,0.32445180574183,1,1,,
0.885025370571697,-0.898073873962651,0.929744583588775,7.97368892830329,109.212055945068,1.28930224545612,0.074015068133907,0.0609609556397959,1.63801280778048,1.93215177300996,0.678612261235259,1.12360432458276,1,1,aero_scale,dist_step_scale
1.13877560008111,0.0463365137343597,1.30992257089263,48.7362159731051,84.8447609331149,1.16460865754853,0.769796605584943,0.0224062269905928,1.12502538586311,0.742745928457754,-1.56898453501123,1.62176941271506,1,1,dist_step_scale,dist_step_scale
0.755585181002595,-0.966688490783251,1.40679298879415,21.2023894016112,108.250698063424,1.00040720338617,0.150434062978016,0.150270541542104,0.578421580838329,1.42518581851997,1.04729126995317,1.85325808276971,1,1,aero_scale,dist_step_scale
0.454014776916748,-1.56586352139982,0.947938306856194,35.8910575171799,109.881516713362,1.22465675076705,0.254439338985849,0.062934902634155,0.377603966127841,1.04297903342664,-0.143937537790023,0.925279278747873,1,1,,
0.709860620397212,-2.00503897051354,1.30318414015953,24.5140902741245,106.313151944536,0.878508369149552,0.0612556629217711,0.0201894043118305,0.748980282286158,1.37305751247935,3.80118763208076,1.76804265276272,1,1,,
-1.81009903955991,-1.30770408866039,0.874785555729591,29.5850337285537,104.249209561943,0.891900019554657,0.0294683297256863,0.0919715267526347,1.2651932964082,0.31066442332452,-1.26553781138153,-1.70029085991716,1,1,,
-1.77045337988972,-0.169653191044811,0.749079784756436,16.9759537266578,62.6412691622688,1.0569650630686,0.236748863829949,0.184849744770535,0.813143020214981,0.421644338541868,-1.67229316450402,-1.77626490618003,1,1,,
1.9004637363123,-1.24095124900589,1.55731282131131,47.6734494465187,98.613624081153,0.864904521661584,0.384244942945938,0.0596645891532806,0.136024558503858,1.80801402260721,2.72457842767006,3.51964613671036,1,1,,
-0.791528851969676,-1.31159062793766,0.702518617781904,7.92867441145845,116.022045461651,0.871825335989915,0.138580843222296,0.116870803546325,1.66706030565473,1.97612786087742,1.19541432238454,1.04613895051256,1,1,,
1.39580121075987,2.98047560124481,1.58334889280434,35.6359678736451,34.8480196471282,1.32464425459062,0.470416311005559,0.228865113107797,1.50835709750417,1.44513697399704,9.64036863895833,2.12093587547802,0,1,,
0.0175481841983962,-1.73784199555803,1.06982936726264,49.1793955921543,112.08757030249,0.98962170404128,0.599766824071055,0.0178167998331562,0.417169776753588,0.399240095976806,2.92367982382619,0.941830247577947,1,1,,
0.887774940252725,0.561257804117969,1.38120936333916,27.414477761342,109.527588106852,1.32696278399767,0.487743676082732,0.189694216209498,1.14526665932726,0.983144663042599,2.63744926075039,1.67784089285596,1,1,loop_delay_ms,loop_delay_ms
1.54958767820213,0.324139356523048,1.4834446995743,50.3893068479428,71.738311390528,1.08117543164143,0.232574151630058,0.0668256674260732,1.02685248397414,1.5848618495103,3.86945469354348,2.89667446639184,1,1,dist_step_scale,dist_step_scale
-0.837701295702425,0.172303429624746,1.07063075273838,51.7496844228818,94.8905008738401,0.975644348815494,0.27465135646655,0.107052432469421,1.58512697388383,0.686445503217507,-3.09498093988458,1.17026891455472,1,1,,
1.2795230048457,-0.0592300760569155,1.52379641197006,44.4213601882704,71.9498019668138,1.28436170374699,0.345555324921853,0.0510400617527059,0.566833670754619,0.384890293242744,3.9016031167426,0.623063286342543,1,1,dist_step_scale,dist_step_scale
-0.217542157898989,0.505672289426769,0.75725660267768,39.5158898330334,32.6656993933997,1.28202875573634,0.495606981344508,0.0278704677750654,1.16829912761039,0.618785253794906,4.97795241762993,0.234157591072439,1,1,mmi_inertia_scale,dist_step_scale
-0.798338472332763,-0.400076204748157,0.918014006439566,23.8150869880167,67.957684950362,1.03297994632109,0.598400604723986,0.103516084022888,0.832467838127257,0.403523005276209,1.56255639489277,-0.1031819623988,1,1,gust_scale,dist_step_scale
-1.12831341804105,0.404164731947321,1.04593398424482,51.0691856784153,76.952468489029,1.05501480999023,0.476717033560797,0.115570896422659,1.22777088756047,0.0237919224867158,0.718361651357753,-0.45298685470074,1,1,,
-2.49304660174406,-0.00728786175947359,0.768614179745247,0.58267268137318,63.8901834113693,0.842161655122807,0.565180567370662,0.136289095587946,1.88764107520138,0.0123352364705447,-14.529140875576,-4.09661453218749,1,1,,
-1.19828991859914,-0.250000590087656,0.709465498245079,22.5102808400597,76.0961951051469,1.17730063980158,0.0364606407484327,0.228850899142614,0.45119487363817,1.06347517381952,0.665987410959147,-0.591964048117752,1,1,gust_scale,dist_step_scale
-0.285577012506763,-0.541804707623695,0.862189358556496,6.61374922883093,101.517186839992,1.31484103564297,0.630682460699139,0.160718152373707,0.836574874527792,0.621272761827023,-1.34748258887665,-0.393110648482612,1,1,,
-0.401256888139258,0.531091514039112,1.16694340948053,14.1269576353314,99.7938534632997,1.00248715982416,0.374351717247047,0.188189195552773,1.93415866329123,1.2853764239463,-0.288623176443409,1.38199927049372,1,1,mmi_inertia_scale,dist_step_scale
-1.47974134774615,-0.763026764036645,0.877294288787919,4.78769134869379,40.6855453160118,0.788925758559996,0.473825745818992,0.0149603406193546,1.50262386333671,0.261795675578768,-9.98184833220986,-1.1806057863831,1,1,,
0.13278505277666,1.27887047943885,1.31695195240206,31.6738097958185,43.2560404015467,1.31382011182194,0.708190592212128,0.19277226492476,0.433928905051483,0.0214298545712295,10.2602648678871,-1.53599468077154,0,1,dist_step_scale,dist_step_scale
-0.840955159748824,0.788639492369711,0.845273029584022,38.7702892873798,48.993685245353,1.08389416029106,0.763843958613136,0.0915011816115188,1.38020355409717,0.434136157505163,8.12455760810786,0.46213715786233,0,1,,
-1.59825463655353,1.41686906475271,0.703984442557941,43.62143527052,46.2705511264469,1.07060750200752,0.369002998001702,0.229685735078529,1.14346873356733,0.94933449665175,7.83682270968821,0.462709303668511,0,1,,
1.92057453864146,-0.0276926636956361,1.53849089431896,44.1916107568847,87.1253114822515,0.946030388202608,0.784017782161862,0.0269853425546374,1.18997867739365,1.57999704986491,2.12934442955118,3.00063346523895,1,1,,
2.5008513168833,-0.00853725227834078,1.37826585474127,57.5338528760388,106.675300084601,1.34351598959975,0.663652188151127,0.0436821424199616,0.807247100707177,1.63321171950439,1.9980699421832,2.5805022199385,1,1,,
-0.51538375958251,0.204399059307078,1.31491726369905,31.5730436099323,95.2348344119122,0.917739691391451,0.148982469792408,0.227715792106265,0.982393546850166,1.08372113322986,0.62862408095166,1.5766255326413,1,1,mmi_inertia_scale,dist_step_scale
-0.80042190840403,0.385550317031528,0.798921531744465,47.9904405632065,44.5681744283242,1.20184422045317,0.481853355660046,0.0596096251613265,0.997161193176668,0.224852151125158,5.19048254022277,-0.624979421489272,0,1,,
0.752838110075753,0.214442178951318,0.771699677624139,52.7539135767337,109.420902199363,1.19309578696486,0.774444506973366,0.0728290296950934,1.61034423986345,1.93914405490008,3.4498700809037,2.69223688660682,1,1,loop_delay_ms,loop_delay_ms
1.15244807271708,1.40858363127393,1.21652820514608,15.4828549089266,64.7546529052559,1.27960856287297,0.463021682284186,0.146776887497456,1.86113979165302,1.82498425952204,0.276921146130057,2.0586814214502,1,1,,
-0.537889129114688,0.82790580925324,0.945272671137245,57.4632315871648,101.520010058829,0.89701022312588,0.69772473687131,0.219406457620503,1.22127347734248,1.60202263544417,6.25782214428862,2.84533469626851,0,1,dist_step_scale,dist_step_scale
0.818494372330715,-1.54440018059926,1.13915423357453,21.159632218377,86.0660998537782,0.962698217589224,0.0661954281797474,0.0913489671523217,0.257030514647898,1.86189814721635,4.39163862467544,1.78536506325835,1,1,,
-0.700107705298874,2.39623291596109,1.13055501011562,43.1023108967993,42.8029246280815,1.13450841689113,0.400440225100241,0.221464977565928,1.74255474778941,0.884166591255068,9.9510827571422,1.54114821949779,0,1,,
1.77869003866403,0.28627981855714,1.52167364023016,8.75236735683495,99.6742189456931,1.31466552804444,0.578220607244741,0.0593094279305058,1.91163128769456,1.13084084807123,0.467190428685498,1.66892888806132,1,1,,
