case_id,controller,regime_name,rate_center_deg_s,tau_actuator_ms,tau_sensor_ms,processing_delay_ms,aero_scale,thrust_scale,rms_angle_error_deg,rms_rate_deg_s,max_abs_angle_deg,max_abs_delta_deg,final_error_deg,unstable,precision_success,mean_abs_alpha_deg,cp_ahead_share,zero_crossings_error,slew_tracking_error_deg,overshoot_error_deg
1,PID,LOW_RATE,40,8,3,1,0.85,0.9,1.29003776343526,6.67663310130648,6.97470802939214,9.99970759730684,-0.028413429244218,0,1,93.9554053038602,0,0,0.0582990912246719,0
1,ADRC,LOW_RATE,40,8,3,1,0.85,0.9,2.03400302951286,5.85114730237286,7.59779698502921,5.77999103943529,0.272434591596778,0,0,95.6107977708899,0,1,0.0249135902437897,0.310955519925308
1,AI,LOW_RATE,40,8,3,1,0.85,0.9,2.05518667890698,5.0498578885782,7.13824142937414,9.62464879697291,-0.870758365711571,0,0,96.7070609343433,0,0,1.75094832847233,0
1,PID,MID_RATE,130,8,3,1,0.85,0.9,3.35038004845955,19.0325442010363,14.8657269722925,9.99999999999102,-0.0296691104717551,0,0,99.7003381988077,0,0,0.0685278913471913,0
1,ADRC,MID_RATE,130,8,3,1,0.85,0.9,4.17300222487333,17.3665575335089,15.0656589628731,9.99990241763534,0.569592605814312,0,0,100.795305546044,0,1,0.04559467219696,0.684679727118519
1,AI,MID_RATE,130,8,3,1,0.85,0.9,113.620029471373,47.1248503045628,191.471117049564,9.99333923051383,-191.471117049564,1,0,83.5377268754484,0,0,5.67465372256646,0
1,PID,HIGH_RATE,250,8,3,1,0.85,0.9,10.2950223750396,47.1638718674289,37.5249980780188,10,-0.0314824240052188,0,0,108.5016887397,0,0,0.0909832346252194,0
1,ADRC,HIGH_RATE,250,8,3,1,0.85,0.9,11.1342352166013,44.2041725862762,37.5249980780188,10,1.60715386335652,0,0,108.198239988854,0,1,0.0500233380813302,2.06425248720656
1,AI,HIGH_RATE,250,8,3,1,0.85,0.9,131.804278163079,58.6861526053924,211.712528630582,9.99766478514893,-211.712528630582,1,0,82.4107073612299,0,0,5.33505438886251,0
2,PID,LOW_RATE,40,25,3,1,0.85,0.9,1.40867718538119,7.53544453458853,7.40030686759214,9.7827828065079,-0.0284816423032153,0,1,94.1993217526976,0,0,0.257324231495305,0
2,ADRC,LOW_RATE,40,25,3,1,0.85,0.9,2.0717468734122,6.52146950036081,8.00634700084213,4.99008344833534,0.273154959248847,0,0,95.6395888499011,0,1,0.0688922336170709,0.311017437561294
2,AI,LOW_RATE,40,25,3,1,0.85,0.9,1.98066679520352,6.46866587057882,7.62365631333872,8.05312513156702,-0.914903966105627,0,1,96.3618160134793,0,0,1.86118214653626,0
2,PID,MID_RATE,130,25,3,1,0.85,0.9,3.84808576948995,21.7929817376454,16.781640774599,9.9988287966576,-0.0298365379240049,0,0,100.318176290032,0,0,0.290088965969373,0
2,ADRC,MID_RATE,130,25,3,1,0.85,0.9,4.50851416357113,19.6844125979567,16.8334543390083,9.87132157198991,0.605900567557007,0,0,101.063660350895,0,1,0.138516781598768,0.726994456920032
2,AI,MID_RATE,130,25,3,1,0.85,0.9,115.11609227712,47.8176643456492,193.114770988698,9.44956885616047,-193.114770988698,1,0,83.293516320092,0,0,5.42941507917893,0
2,PID,HIGH_RATE,250,25,3,1,0.85,0.9,11.6054689959861,52.663478696317,41.6497636347903,9.9999996067442,-0.031588830964712,0,0,109.140418573435,0,0,0.321521593637946,0
2,ADRC,HIGH_RATE,250,25,3,1,0.85,0.9,12.3980109537238,48.6404006185561,41.6497636347903,9.99993731774805,1.79216448332868,0,0,108.715627389433,0,1,0.158953736582624,2.28034912192758
2,AI,HIGH_RATE,250,25,3,1,0.85,0.9,134.645218174364,60.612005451899,214.784895677674,9.07548930304375,-214.784895677674,1,0,81.8429311514958,0,0,5.19982190033806,0
3,PID,LOW_RATE,40,8,15,1,0.85,0.9,1.26286590220697,7.06948126211217,6.97482787232213,9.99994678032762,-0.0283920906933884,0,1,93.8831508618103,0,0,0.122721835708399,0
3,ADRC,LOW_RATE,40,8,15,1,0.85,0.9,2.0191130856573,6.21200467577313,7.73508211505854,5.55520758371811,0.271973456630275,0,0,95.5277639712791,0,1,0.025183812181379,0.311251489739271
3,AI,LOW_RATE,40,8,15,1,0.85,0.9,1.87861840819758,5.7921223032767,7.14551458028412,9.6375906783705,-0.949659820625187,0,1,96.2157730741208,0,0,0.996489338349716,0
3,PID,MID_RATE,130,8,15,1,0.85,0.9,3.31480339650003,19.4015853546628,14.8663136759514,9.99999999999827,-0.0296401091612782,0,0,99.6149944304747,0,0,0.125409210049104,0
3,ADRC,MID_RATE,130,8,15,1,0.85,0.9,3.99136552768457,17.9600687438177,15.272344491805,9.99495921795379,0.534594408958497,0,0,100.459814989771,0,1,0.0487486553378017,0.644069534398719
3,AI,MID_RATE,130,8,15,1,0.85,0.9,115.860588369125,48.3421905009968,195.652877599229,9.99555651376666,-195.652877599229,1,0,82.6358352427986,0,0,3.21609956302625,0
3,PID,HIGH_RATE,250,8,15,1,0.85,0.9,10.2181684957499,48.08066239217,37.5262474468068,10,-0.0314204064780411,0,0,108.37422687886,0,0,0.131766155141424,0
3,ADRC,HIGH_RATE,250,8,15,1,0.85,0.9,10.8907867489289,44.6714480450643,37.5262474468068,10,1.56818487744192,0,0,108.064900901486,0,1,0.054804054920647,2.02222864017842
3,AI,HIGH_RATE,250,8,15,1,0.85,0.9,133.635725645283,59.4226159504788,215.453466023435,9.99962891055266,-215.453466023435,1,0,81.5140178735318,0,0,3.02445229166844,0
4,PID,LOW_RATE,40,25,15,1,0.85,0.9,1.35196186598131,10.505152044558,7.40061833768194,9.86433726970392,-0.0565345843868024,0,1,93.96740631018,0,56,3.05693574429722,0.200560325890349
4,ADRC,LOW_RATE,40,25,15,1,0.85,0.9,2.06304497125337,6.99986506837457,8.1428659565017,4.49845046583328,0.272648976447368,0,0,95.5560584584035,0,1,0.0690705778892494,0.311166260683271
4,AI,LOW_RATE,40,25,15,1,0.85,0.9,1.82874671175429,9.31820862769947,7.62685914260707,8.43480379846849,0.617345930908003,0,1,91.9626661791442,0,1,1.49583152604691,1.5524261964695
4,PID,MID_RATE,130,25,15,1,0.85,0.9,3.77208670997248,23.6393087401365,16.7843855015449,9.99927460654035,0.0285381718395095,0,0,100.053863882125,0,51,2.96723686071893,0.184207519159765
4,ADRC,MID_RATE,130,25,15,1,0.85,0.9,4.24897286783166,20.4831246082061,16.8553926312581,9.76499612775911,0.554008285299605,0,0,100.60062499841,0,1,0.156171237643854,0.664585458393079
4,AI,MID_RATE,130,25,15,1,0.85,0.9,119.326331972722,49.8998543377584,200.719841581078,9.54750959777985,-200.719841581078,1,0,81.6256712432113,0,0,4.14277008092589,0
4,PID,HIGH_RATE,250,25,15,1,0.85,0.9,11.527191731196,54.7942099076016,41.6564884914972,9.99999975171185,-0.0739628459260192,0,0,108.894074832323,0,48,2.83835239673609,0.185597007900398
4,ADRC,HIGH_RATE,250,25,15,1,0.85,0.9,12.1876947564236,49.2659845922222,41.6564884914972,9.99997376028896,1.76034379189849,0,0,108.621902717078,0,1,0.182403797478377,2.25287190471975
4,AI,HIGH_RATE,250,25,15,1,0.85,0.9,138.5196949499,62.1016075573229,222.055656033353,9.41615469517251,-222.055656033353,1,0,80.1453233963419,0,0,3.97653996937364,0
5,PID,LOW_RATE,40,8,3,6,0.85,0.9,1.28763366351426,6.70035082474479,6.97470802939214,9.99983438772532,-0.0284118503803253,0,1,93.9497401800336,0,0,0.0770307579530858,0
5,ADRC,LOW_RATE,40,8,3,6,0.85,0.9,2.01545577930646,5.83371692460423,7.57073384958035,5.86392127190826,0.269274308606467,0,0,95.5713784597844,0,1,0.0282611800611831,0.30702264902182
5,AI,LOW_RATE,40,8,3,6,0.85,0.9,2.02184895159702,5.20509698715114,7.13523201278285,9.63233615778173,-0.996698616361404,0,0,96.6015138403958,0,0,1.74947091679443,0
5,PID,MID_RATE,130,8,3,6,0.85,0.9,3.34761557674689,19.056046052706,14.8657269722925,9.99999999999102,-0.0296669373997369,0,0,99.6947393255088,0,0,0.0959331117524165,0
5,ADRC,MID_RATE,130,8,3,6,0.85,0.9,4.14780375795064,17.3660705317695,15.0405025396347,9.99990241763534,0.564784334958502,0,0,100.756991160435,0,1,0.0513902224018863,0.677939003037534
5,AI,MID_RATE,130,8,3,6,0.85,0.9,115.203509114044,47.9502402318137,194.678607948465,9.99333923051383,-194.678607948465,1,0,82.9604675381548,0,0,5.49806085226621,0
5,PID,HIGH_RATE,250,8,3,6,0.85,0.9,10.283430577325,47.2822213911134,37.5249980780188,10,-0.0314743022693394,0,0,108.485691608163,0,0,0.111085014422562,0
5,ADRC,HIGH_RATE,250,8,3,6,0.85,0.9,11.1142220668398,44.2387080171745,37.5249980780188,10,1.60224293563945,0,0,108.183943702955,0,1,0.0568424672313559,2.05417725919713
5,AI,HIGH_RATE,250,8,3,6,0.85,0.9,133.210779029431,59.2731832581969,214.639767930402,9.9982119402084,-214.639767930402,1,0,81.8230971164827,0,0,5.23803455136197,0
6,PID,LOW_RATE,40,25,3,6,0.85,0.9,1.40040146002956,7.66344450872742,7.40030686759214,9.81141151838409,-0.0284736191378843,0,1,94.1727290377776,0,0,0.323827427901256,0
6,ADRC,LOW_RATE,40,25,3,6,0.85,0.9,2.05375243341155,6.52328143806518,7.98945687466455,5.06326706166178,0.269992456759156,0,0,95.6003196278988,0,1,0.0720597464766915,0.307104916415587
6,AI,LOW_RATE,40,25,3,6,0.85,0.9,1.92903498630719,6.67814104212529,7.62268302245938,8.11171277901181,-0.948454031104613,0,1,96.1341315666056,0,0,1.87360154609589,0
6,PID,MID_RATE,130,25,3,6,0.85,0.9,3.83467355256931,21.9488146945629,16.781640774599,9.9988287966576,-0.0298236157790748,0,0,100.278861038807,0,0,0.355232830987941,0
6,ADRC,MID_RATE,130,25,3,6,0.85,0.9,4.48425183808694,19.7055880245677,16.8250272809683,9.87132157198991,0.601089587745311,0,0,101.026610159278,0,1,0.144716261851682,0.720425391220568
6,AI,MID_RATE,130,25,3,6,0.85,0.9,116.580949456419,48.4802915510309,195.807632832343,9.40745140106059,-195.807632832343,1,0,82.7143628106909,0,0,5.43287924541371,0
6,PID,HIGH_RATE,250,25,3,6,0.85,0.9,11.5889770552301,52.9417429385672,41.6497636347903,9.9999996067442,-0.0315691177382788,0,0,109.099950064329,0,0,0.388953490871054,0
6,ADRC,HIGH_RATE,250,25,3,6,0.85,0.9,12.3784710546754,48.6875088216637,41.6497636347903,9.99993731774805,1.78724887733699,0,0,108.703148656893,0,1,0.166930799545728,2.27079691869919
6,AI,HIGH_RATE,250,25,3,6,0.85,0.9,135.972643313207,61.1040245268183,217.470064158462,9.20820989816701,-217.470064158462,1,0,81.2655706784354,0,0,5.21380815523078,0
7,PID,LOW_RATE,40,8,15,6,0.85,0.9,1.25342498252308,7.26828936438934,6.97482787232213,9.99996985689531,-0.0283831228326851,0,1,93.8539746243204,0,0,0.203661230576558,0
7,ADRC,LOW_RATE,40,8,15,6,0.85,0.9,2.00040135566097,6.19246299803106,7.69914743883333,5.71688380706327,0.268815818150102,0,0,95.4876615792133,0,1,0.0288442038927272,0.307285604582757
7,AI,LOW_RATE,40,8,15,6,0.85,0.9,1.81836299431451,6.16724182163076,7.14816157263553,9.6396301596902,-0.968535694472556,0,1,96.056037171324,0,0,1.05973261832673,0
7,PID,MID_RATE,130,8,15,6,0.85,0.9,3.30250899238184,19.5569012638336,14.8663136759514,9.99999999999827,-0.0296287449100575,0,0,99.580529188636,0,0,0.198976108811033,0
7,ADRC,MID_RATE,130,8,15,6,0.85,0.9,3.96740307431112,17.979738861854,15.2464063701112,9.99710607512906,0.529786056910418,0,0,100.419569445586,0,1,0.0555280093206183,0.637244132331952
7,AI,MID_RATE,130,8,15,6,0.85,0.9,117.158123700548,49.1166701490346,198.158611534641,9.99747615235316,-198.158611534641,1,0,82.113827131071,0,0,3.35851907499095,0
7,PID,HIGH_RATE,250,8,15,6,0.85,0.9,10.2010865037221,48.3316146687665,37.5262474468068,10,-0.0314035287921263,0,0,108.338130242768,0,0,0.205856559532116,0
7,ADRC,HIGH_RATE,250,8,15,6,0.85,0.9,10.8716125684694,44.7280014848989,37.5262474468068,10,1.56332969629367,0,0,108.05019859659,0,1,0.0630652300963617,2.01287879735173
7,AI,HIGH_RATE,250,8,15,6,0.85,0.9,135.033251565473,59.9782199969725,217.728074963599,9.99962891055266,-217.728074963599,1,0,80.936059414345,0,0,3.1582620146913,0
8,PID,LOW_RATE,40,25,15,6,0.85,0.9,1.36236411951549,15.1374523785611,7.40061833768194,9.88495235401456,-0.424907539209911,0,1,93.9380240425475,0,52,5.9966436639637,0.354734548580601
8,ADRC,LOW_RATE,40,25,15,6,0.85,0.9,2.04514168320813,7.0027847506996,8.11621037280253,4.58484534567079,0.269490419779167,0,0,95.5161954689697,0,1,0.0729108619029588,0.307231051254833
8,AI,LOW_RATE,40,25,15,6,0.85,0.9,1.75256863355428,9.53120187223827,7.62896348560765,8.37404658223205,0.222434342740179,0,1,92.0698525392379,0,1,1.52643869846153,1.60729756134113
8,PID,MID_RATE,130,25,15,6,0.85,0.9,3.76534702853671,26.0757627530769,16.7843855015449,9.99927460654035,-0.156259280394788,0,0,100.021580657886,0,48,5.76459267377302,0.345855488913206
8,ADRC,MID_RATE,130,25,15,6,0.85,0.9,4.22728466860077,20.5471836612786,16.8469239795717,9.78377781782552,0.549168328114202,0,0,100.560707943415,0,1,0.165377140392476,0.657920804215693
8,AI,MID_RATE,130,25,15,6,0.85,0.9,120.929084895857,50.7322220706371,203.46061004293,9.59553111281368,-203.46061004293,1,0,80.9866531252231,0,0,4.17371266812075,0
8,PID,HIGH_RATE,250,25,15,6,0.85,0.9,11.5196012245453,56.0542701280576,41.6564884914972,9.99999975171185,0.225323795936248,0,0,108.879294410452,0,45,5.3005129166418,0.335251611071547
8,ADRC,HIGH_RATE,250,25,15,6,0.85,0.9,12.1692994288475,49.342428231676,41.6564884914972,9.99997582665634,1.75550098282112,0,0,108.609346657174,0,1,0.193730933271074,2.24376328512961
8,AI,HIGH_RATE,250,25,15,6,0.85,0.9,139.726540295426,62.5891731833638,224.201960973397,9.4999843989161,-224.201960973397,1,0,79.6406999343487,0,0,4.0306772363258,0
9,PID,LOW_RATE,40,8,3,1,1,0.9,1.29234563801521,6.67277775309159,6.97470931513203,9.99970759856897,-0.089922583864824,0,1,94.7255463842019,0,0,0.0589481155216328,0
9,ADRC,LOW_RATE,40,8,3,1,1,0.9,2.0444300185008,5.76682062573968,7.59799173029957,5.77999102668856,0.303208601503935,0,0,96.5264765432291,0,1,0.0253501900891153,0.3256860551963
9,AI,LOW_RATE,40,8,3,1,1,0.9,3.63742867675734,4.38483249501166,7.13825859517866,9.62464879310364,-3.45470784374788,0,0,99.8439866825094,0,0,1.75443041610737,0
9,PID,MID_RATE,130,8,3,1,1,0.9,3.35290637466539,19.0265477925672,14.8668629744173,9.99999999999103,-0.0938158482959337,0,0,100.395094376368,0,0,0.0690689157061135,0
9,ADRC,MID_RATE,130,8,3,1,1,0.9,4.18690279983411,17.2899854182712,15.0674406218575,9.99990241697329,0.606825645062235,0,0,101.624801533073,0,1,0.0459038028377136,0.682090579813992
9,AI,MID_RATE,130,8,3,1,1,0.9,113.740551161626,47.1659306719052,191.643660771209,9.99333911850141,-191.643660771209,1,0,83.7688239059638,0,0,5.43185834368366,0
9,PID,HIGH_RATE,250,8,3,1,1,0.9,10.3137834945806,47.1297518537846,37.5401324179576,10,-0.0994443697524111,0,0,109.115672281506,0,0,0.0915860331138709,0
9,ADRC,HIGH_RATE,250,8,3,1,1,0.9,11.173602518977,44.0796759315911,37.5401324179576,10,1.65690170710788,0,0,108.921811447392,0,1,0.0498545510384665,2.0252147794578
9,AI,HIGH_RATE,250,8,3,1,1,0.9,131.885676601066,58.6997876994829,211.776518811832,9.99766478470812,-211.776518811832,1,0,82.662431720232,0,0,5.14524803351549,0
10,PID,LOW_RATE,40,25,3,1,1,0.9,1.41099498683837,7.53051062147959,7.40032732793677,9.78377991560927,-0.0901456890454298,0,1,94.9660562881232,0,0,0.25895657135075,0
10,ADRC,LOW_RATE,40,25,3,1,1,0.9,2.08245847606251,6.43954791682401,8.00660224773882,4.99008310178195,0.305534344755443,0,0,96.5673415410682,0,1,0.0703984616227162,0.3276376607085
10,AI,LOW_RATE,40,25,3,1,1,0.9,2.02136247747172,6.41067554758285,7.62371817864904,8.05312474846786,-0.99537597163813,0,0,97.1167511899971,0,0,1.86611995969209,0
10,PID,MID_RATE,130,25,3,1,1,0.9,3.85166741781718,21.7801405282845,16.7834455134912,9.99882891532781,-0.0943447019410778,0,0,101.006082033053,0,0,0.291521281754721,0
10,ADRC,MID_RATE,130,25,3,1,1,0.9,4.52295893341159,19.6025666031527,16.8354370890594,9.87132087798263,0.645596356103716,0,0,101.897581104386,0,1,0.139612373348777,0.727066656746264
10,AI,MID_RATE,130,25,3,1,1,0.9,115.257607458366,47.8914455542678,193.426553997688,9.44956228766321,-193.426553997688,1,0,83.511428277337,0,0,5.13368947255835,0
10,PID,HIGH_RATE,250,25,3,1,1,0.9,11.6356494742276,52.5174198519248,41.668760428947,9.99999963726038,-0.0998007570964246,0,0,109.766303108356,0,0,0.322086124340005,0
10,ADRC,HIGH_RATE,250,25,3,1,1,0.9,12.4445786775314,48.4907256681323,41.668760428947,9.99993731313689,1.84590982279477,0,0,109.434929780998,0,1,0.158332514196651,2.25614482900315
10,AI,HIGH_RATE,250,25,3,1,1,0.9,134.786671490529,60.6595664546295,215.027327353179,9.07548936745979,-215.027327353179,1,0,82.0707017161919,0,0,4.89775707485291,0
11,PID,LOW_RATE,40,8,15,1,1,0.9,1.26526044757122,7.06545022231109,6.97482915792358,9.99994678060181,-0.0898638197810262,0,1,94.6550154201222,0,0,0.123206627527514,0
11,ADRC,LOW_RATE,40,8,15,1,1,0.9,2.02957901537148,6.13191356780718,7.73539719934298,5.55520758154938,0.302622003116874,0,0,96.4474661096591,0,1,0.0256803242435587,0.325463112918493
11,AI,LOW_RATE,40,8,15,1,1,0.9,1.89384808192526,5.87310846085302,7.14552404948986,9.63759058971194,-0.999935992612655,0,1,96.925049437606,0,0,0.975960976840014,0
11,PID,MID_RATE,130,8,15,1,1,0.9,3.31774449228016,19.391578283676,14.8674496381191,9.99999999999827,-0.0937324932819299,0,0,100.312271742607,0,0,0.125858957315695,0
11,ADRC,MID_RATE,130,8,15,1,1,0.9,4.00417619833597,17.8873647047167,15.2742433734906,9.99495921760419,0.571070794402546,0,0,101.297928337257,0,1,0.0491779294264472,0.640183556634318
11,AI,MID_RATE,130,8,15,1,1,0.9,116.33601803072,48.5945084204907,196.735435692558,9.99555644161003,-196.735435692558,1,0,82.6809707433972,0,0,3.10851934413002,0
11,PID,HIGH_RATE,250,8,15,1,1,0.9,10.2413517989217,47.9846034314895,37.5413813100393,10,-0.0992673819491418,0,0,109.000670614032,0,0,0.131623152738418,0
11,ADRC,HIGH_RATE,250,8,15,1,1,0.9,10.9307737861364,44.5421264095119,37.5413813100393,10,1.61756641160883,0,0,108.791434237537,0,1,0.0547729729727606,1.98461964977148
11,AI,HIGH_RATE,250,8,15,1,1,0.9,134.520137479657,59.7351126341567,217.057485426541,9.99962891024988,-217.057485426541,1,0,81.4254929099908,0,0,2.87713048519319,0
12,PID,LOW_RATE,40,25,15,1,1,0.9,1.35430165267249,10.4273677978711,7.40063879593555,9.86433764710879,-0.118220302799504,0,1,94.7391313983933,0,38,2.96015395320893,0.16695512684647
12,ADRC,LOW_RATE,40,25,15,1,1,0.9,2.07374834498821,6.922488999646,8.14326523722925,4.49845032349445,0.304894824761415,0,0,96.4879536861609,0,1,0.0704521202758356,0.327356226415835
12,AI,LOW_RATE,40,25,15,1,1,0.9,1.73284358751952,9.23791126332577,7.62691165743925,8.43480330012826,-0.974103354627452,0,1,93.3948078939314,0,4,1.4396782800649,1.47913209867112
12,PID,MID_RATE,130,25,15,1,1,0.9,3.77629104320963,23.5794402864353,16.7861898948887,9.99927468092714,-0.0450596479971551,0,0,100.750707038723,0,34,2.86590227164376,0.136612111262631
12,ADRC,MID_RATE,130,25,15,1,1,0.9,4.26151851053651,20.4058568354962,16.8573782260338,9.76502654447423,0.592621028430464,0,0,101.445998167012,0,1,0.156864045158742,0.664272307252729
12,AI,MID_RATE,130,25,15,1,1,0.9,120.421757826594,50.440932413285,203.032761904085,9.54750499511059,-203.032761904085,1,0,81.4290664326367,0,0,3.95299277409435,0
12,PID,HIGH_RATE,250,25,15,1,1,0.9,11.5563465550445,54.5295949375036,41.6754816544038,9.99999977098179,-0.112804317991571,0,0,109.546335432741,0,28,2.71996885925485,0.115092940559689
12,ADRC,HIGH_RATE,250,25,15,1,1,0.9,12.2352762080385,49.1039460041447,41.6754816544038,9.99997376051736,1.81386680321543,0,0,109.343313437394,0,1,0.181493932686739,2.22724509072115
12,AI,HIGH_RATE,250,25,15,1,1,0.9,139.624871526262,62.5147165035695,224.286559057633,9.41615468817146,-224.286559057633,1,0,79.9603071173198,0,0,3.77784798360738,0
13,PID,LOW_RATE,40,8,3,6,1,0.9,1.28995397686764,6.69644853870601,6.97470931513203,9.99983438869103,-0.0899189708367172,0,1,94.7200756991492,0,0,0.0778167388668013,0
13,ADRC,LOW_RATE,40,8,3,6,1,0.9,2.0259062850508,5.74966830414882,7.5709095932108,5.86392126922995,0.300169466695669,0,0,96.4894857809628,0,1,0.0288144693355563,0.322153182187165
13,AI,LOW_RATE,40,8,3,6,1,0.9,2.95472801412259,4.82133805297291,7.1352415379778,9.63233610973935,-2.86002032860264,0,0,98.8118390429592,0,0,1.724184221752,0
13,PID,MID_RATE,130,8,3,6,1,0.9,3.35012397805372,19.0502010803644,14.8668629744173,9.99999999999103,-0.0938099973880692,0,0,100.389556353596,0,0,0.09671334887649,0
13,ADRC,MID_RATE,130,8,3,6,1,0.9,4.16163876639319,17.2894441958141,15.0421930124423,9.99990241697329,0.602157025001783,0,0,101.588460520082,0,1,0.0517853840049627,0.676288371088953
13,AI,MID_RATE,130,8,3,6,1,0.9,115.111408483565,47.8472392117046,194.292539587157,9.99333911850141,-194.292539587157,1,0,83.2616636231116,0,0,5.40359054102578,0
13,PID,HIGH_RATE,250,8,3,6,1,0.9,10.3009964267172,47.2599049134464,37.5401324179576,10,-0.0994175899550901,0,0,109.098423590825,0,0,0.11455797456621,0
13,ADRC,HIGH_RATE,250,8,3,6,1,0.9,11.1537427319782,44.1129446471788,37.5401324179576,10,1.65225168535297,0,0,108.908563465027,0,1,0.0566224204924353,2.01662743560872
13,AI,HIGH_RATE,250,8,3,6,1,0.9,133.095355107788,59.1721461934326,214.180875587673,9.99821193958423,-214.180875587673,1,0,82.1590240517616,0,0,5.04466848317055,0
14,PID,LOW_RATE,40,25,3,6,1,0.9,1.40275886754075,7.65818209690009,7.40032732793677,9.81141216084327,-0.0901220945908027,0,1,94.9401314099557,0,0,0.32525624883045,0
14,ADRC,LOW_RATE,40,25,3,6,1,0.9,2.06448369650741,6.44197864331592,7.98968864622214,5.06326670084258,0.302490422397784,0,0,96.5305355281111,0,1,0.0737205129567554,0.324108189868733
14,AI,LOW_RATE,40,25,3,6,1,0.9,1.9833735934888,6.67756365193252,7.62274488053813,8.11171231079132,-0.997953314558225,0,1,97.0142661207273,0,0,1.87740395207638,0
14,PID,MID_RATE,130,25,3,6,1,0.9,3.83825125569449,21.9355378146428,16.7834455134912,9.99882891532781,-0.0943056173345266,0,0,100.967557365245,0,0,0.35657120571057,0
14,ADRC,MID_RATE,130,25,3,6,1,0.9,4.49862222424959,19.6237034904521,16.827013865567,9.87132087798263,0.64092608341268,0,0,101.86247355077,0,1,0.145937809594498,0.721245244443589
14,AI,MID_RATE,130,25,3,6,1,0.9,116.885657577651,48.6393197552142,196.51079588773,9.40744438922889,-196.51079588773,1,0,82.860590153428,0,0,5.12168185997111,0
14,PID,HIGH_RATE,250,25,3,6,1,0.9,11.6207462967152,52.7570707691201,41.668760428947,9.99999969006397,-0.0997488644442711,0,0,109.733161772923,0,0,0.387542127868934,0
14,ADRC,HIGH_RATE,250,25,3,6,1,0.9,12.4250014946762,48.5363169901269,41.668760428947,9.99993731313689,1.84121451209926,0,0,109.423289976875,0,1,0.166355628479321,2.24769819022945
14,AI,HIGH_RATE,250,25,3,6,1,0.9,136.132676853862,61.1305116606244,217.617478006717,9.20820991255859,-217.617478006717,1,0,81.4638371471979,0,0,4.95480959325406,0
15,PID,LOW_RATE,40,8,15,6,1,0.9,1.25585202479614,7.26400844849868,6.97482915792358,9.99996985710171,-0.0898370583907307,0,1,94.6263842240071,0,0,0.203898611413646,0
15,ADRC,LOW_RATE,40,8,15,6,1,0.9,2.01089599233574,6.11267774532585,7.69943607152684,5.71688380631784,0.299585281389241,0,0,96.4098204941701,0,1,0.0294684890384187,0.321927824465247
15,AI,LOW_RATE,40,8,15,6,1,0.9,1.83219383492473,6.29581394153778,7.14817103396987,9.63963000086087,-0.978433517676227,0,1,96.7439183092017,0,0,1.057562516384,0
15,PID,MID_RATE,130,8,15,6,1,0.9,3.30541136434892,19.547372094734,14.8674496381191,9.99999999999827,-0.0936979899514788,0,0,100.27828633697,0,0,0.199608028512867,0
15,ADRC,MID_RATE,130,8,15,6,1,0.9,3.98012651019736,17.9069860604659,15.2482077786552,9.99710607444849,0.566396729390149,0,0,101.259734742924,0,1,0.0560674011411421,0.634389393236673
15,AI,MID_RATE,130,8,15,6,1,0.9,118.126539270906,49.4793545218192,199.739719893853,9.99747610285376,-199.739719893853,1,0,81.9986718937627,0,0,3.20519173272695,0
15,PID,HIGH_RATE,250,8,15,6,1,0.9,10.222160106083,48.259552728261,37.5413813100393,10,-0.0992110629178588,0,0,108.961865187231,0,0,0.205776019547087,0
15,ADRC,HIGH_RATE,250,8,15,6,1,0.9,10.9115400237204,44.5972239629767,37.5413813100393,10,1.61292451410941,0,0,108.777665413464,0,1,0.0630530060291247,1.97613806602733
15,AI,HIGH_RATE,250,8,15,6,1,0.9,135.822998729227,60.3300968719603,219.550050105346,9.99962891024988,-219.550050105346,1,0,80.8513900958729,0,0,3.0622840572109,0
16,PID,LOW_RATE,40,25,15,6,1,0.9,1.36818033631315,15.0568156386701,7.40063879593555,9.88495276925723,-0.534097033710336,0,1,94.7584561820967,0,52,5.97183052036184,0.29564964098945
16,ADRC,LOW_RATE,40,25,15,6,1,0.9,2.05586874471133,6.92604903088157,8.11657773992664,4.58484526397926,0.301854648140183,0,0,96.4505817298072,0,1,0.0742773747363035,0.323826250873315
16,AI,LOW_RATE,40,25,15,6,1,0.9,1.71145655422613,9.54225261097753,7.62901598903752,8.37404600589102,-0.695124895832523,0,1,93.8859351921114,0,4,1.48843762247231,1.4881028926256
16,PID,MID_RATE,130,25,15,6,1,0.9,3.77079114558973,26.0167734973448,16.7861898948887,9.99927468092714,-0.375480767907226,0,0,100.757006436844,0,48,5.75097249216048,0.26052963954482
16,ADRC,MID_RATE,130,25,15,6,1,0.9,4.2397124211885,20.4697904676761,16.848913939144,9.78380356666198,0.587913208819258,0,0,101.408132170876,0,1,0.166079659869012,0.658437608493797
16,AI,MID_RATE,130,25,15,6,1,0.9,121.872094731942,51.2951834743713,205.943395512265,9.5955266501785,-205.943395512265,1,0,80.8149704864769,0,0,4.02760032346228,0
16,PID,HIGH_RATE,250,25,15,6,1,0.9,11.5484763428451,55.7674621526079,41.6754816544038,9.99999980432049,-0.1414657280536,0,0,109.561222987202,0,46,5.30567308904451,0.221329553565605
16,ADRC,HIGH_RATE,250,25,15,6,1,0.9,12.2169177039105,49.1777964909992,41.6754816544038,9.99997582731248,1.80927171120343,0,0,109.331669306673,0,1,0.19268447755098,2.21885456972648
16,AI,HIGH_RATE,250,25,15,6,1,0.9,140.484358672365,62.9369351019745,226.183316820717,9.49998435805174,-226.183316820717,1,0,79.5879049732405,0,0,3.85070462345411,0
17,PID,LOW_RATE,40,8,3,1,1.3,0.9,1.30445448145326,6.66464557659614,6.974712271315,9.99977997162642,-0.234111226270382,0,1,96.3410581065204,0,0,0.0604793008951937,0
17,ADRC,LOW_RATE,40,8,3,1,1.3,0.9,2.08889847505827,5.59788019453378,7.59841729482018,5.77999100119511,0.368620207353786,0,0,98.4398991854601,0,1,0.0264971711618588,0.379468008676207
17,AI,LOW_RATE,40,8,3,1,1.3,0.9,4.79451505741118,3.9879922379433,7.13829631173201,9.62464878249654,-4.93209098718363,0,0,101.967018614739,0,0,1.15161618503228,0
17,PID,MID_RATE,130,8,3,1,1.3,0.9,3.36152862980304,19.0136728879224,14.8693765395822,9.99999999999103,-0.243746393129517,0,0,101.8647211784,0,0,0.0703703316564267,0
17,ADRC,MID_RATE,130,8,3,1,1.3,0.9,4.22911244304352,17.1296580168467,15.0713584379408,9.99990241549128,0.689588911056345,0,0,103.37669296817,0,1,0.046743727958029,0.742020211476738
17,AI,MID_RATE,130,8,3,1,1.3,0.9,113.82166404919,47.2295862761233,191.913628012565,9.9933388694106,-191.913628012565,1,0,84.3243377587966,0,0,4.66535118420915,0
17,PID,HIGH_RATE,250,8,3,1,1.3,0.9,10.3564708325032,47.0587399170407,37.5743051385603,10,-0.257770396038748,0,0,110.427612943546,0,0,0.0923346700094662,0
17,ADRC,HIGH_RATE,250,8,3,1,1.3,0.9,11.265594769885,43.8130910338908,37.5743051385603,10,1.76970964141509,0,0,110.472289909637,0,1,0.0497130597159111,2.06997749696149
17,AI,HIGH_RATE,250,8,3,1,1.3,0.9,132.039446671261,58.7746094345429,212.140024693209,9.99766478300862,-212.140024693209,1,0,83.235938432313,0,0,4.27034408563515,0
18,PID,LOW_RATE,40,25,3,1,1.3,0.9,1.42262173291776,7.52001358055344,7.40037236643193,9.785948094447,-0.234725306336125,0,1,96.5751010370419,0,0,0.262938248344428,0
18,ADRC,LOW_RATE,40,25,3,1,1.3,0.9,2.12950733823112,6.2765225750132,8.00716051341046,4.99008243902477,0.374771753921025,0,0,98.5045179709193,0,1,0.0742479745919651,0.385394248758542
18,AI,LOW_RATE,40,25,3,1,1.3,0.9,2.05267353034813,6.28740363442618,7.62385382675114,8.05312390423338,-1.01829563300685,0,0,98.5961620223448,0,0,1.87163652130848,0
18,PID,MID_RATE,130,25,3,1,1.3,0.9,3.86237370438439,21.7514531753998,16.7874311561458,9.99892047274081,-0.245112846175776,0,0,102.462905372765,0,0,0.294964666611241,0
18,ADRC,MID_RATE,130,25,3,1,1.3,0.9,4.56682008178925,19.4309842597476,16.8398119658737,9.8713193290241,0.734394052155494,0,0,103.659140060774,0,1,0.142495345328712,0.792498779856308
18,AI,MID_RATE,130,25,3,1,1.3,0.9,115.484072879429,48.0251199344272,193.990603176474,9.44954767722769,-193.990603176474,1,0,84.015288599955,0,0,4.2163150723435,0
18,PID,HIGH_RATE,250,25,3,1,1.3,0.9,11.7025022378518,52.2354641790149,41.7114946271797,9.99999969153883,-0.258781482947805,0,0,111.097057392197,0,0,0.323786015183821,0
18,ADRC,HIGH_RATE,250,25,3,1,1.3,0.9,12.5529426587889,48.1709057940732,41.7114946271797,9.99994226029601,1.96803788440893,0,0,110.978255548344,0,1,0.157754485998725,2.31305255780444
18,AI,HIGH_RATE,250,25,3,1,1.3,0.9,135.091329636966,60.7792690669984,215.636967859348,9.07548943908071,-215.636967859348,1,0,82.5735942504983,0,0,3.89705029935008,0
19,PID,LOW_RATE,40,8,15,1,1.3,0.9,1.27772465946591,7.05692851015504,6.97483211381786,9.99994678119772,-0.234006813687621,0,1,96.2738762134721,0,0,0.124417995443077,0
19,ADRC,LOW_RATE,40,8,15,1,1.3,0.9,2.07420886155591,5.97164931130604,7.73608551350582,5.5552075772119,0.3676865929125,0,0,98.3690735859284,0,1,0.0269031905591578,0.378894604393714
19,AI,LOW_RATE,40,8,15,1,1.3,0.9,1.92611364972943,5.89617436995281,7.14554495709235,9.63759039445636,-1.00753803439391,0,0,98.3733275147117,0,0,0.927788802825944,0
19,PID,MID_RATE,130,8,15,1,1.3,0.9,3.32730247615135,19.3701126054979,14.8699740387291,9.99999999999827,-0.243575608560912,0,0,101.786956509876,0,0,0.127046372278059,0
19,ADRC,MID_RATE,130,8,15,1,1.3,0.9,4.04435342250893,17.7352525394653,15.2784199286768,9.99495921658682,0.651857821761859,0,0,103.066742091416,0,1,0.0502244320095327,0.699098775164472
19,AI,MID_RATE,130,8,15,1,1.3,0.9,117.202102690541,48.9751347268891,198.504691233429,9.99555628139091,-198.504691233429,1,0,82.9122946015147,0,0,2.78554558948826,0
19,PID,HIGH_RATE,250,8,15,1,1.3,0.9,10.2916317634792,47.8111113674617,37.5755641820596,10,-0.257396637615489,0,0,110.33278527157,0,0,0.132443309224874,0
19,ADRC,HIGH_RATE,250,8,15,1,1.3,0.9,11.0243010554289,44.2655230329855,37.5755641820596,10,1.7294449845091,0,0,110.34786908718,0,1,0.0548781553473838,2.0245479018655
19,AI,HIGH_RATE,250,8,15,1,1.3,0.9,135.369341843954,60.0000323170697,218.60236714695,9.99962890943157,-218.60236714695,1,0,81.6901055349375,0,0,2.56636911507514,0
20,PID,LOW_RATE,40,25,15,1,1.3,0.9,1.36632361331181,10.2771929347215,7.40068382989226,9.86433846732086,-0.260069760074405,0,1,96.358199972782,0,12,2.76894452120225,0.101433090543751
20,ADRC,LOW_RATE,40,25,15,1,1.3,0.9,2.12079144299386,6.76861448662141,8.14413813059902,4.49845003972097,0.373759077038105,0,0,98.4335571336005,0,1,0.0742847219289055,0.384739110474382
20,AI,LOW_RATE,40,25,15,1,1.3,0.9,1.80913154065689,9.44939465589216,7.62702688385445,8.43480220628478,-1.24894413013782,0,0,96.0632707478767,0,4,1.38511043473488,1.34886987808382
20,PID,MID_RATE,130,25,15,1,1.3,0.9,3.78832458702112,23.4568700071481,16.7901747970958,9.99927484237934,-0.211724328134858,0,0,102.225074899516,0,8,2.65743398080325,0.0347578591312302
20,ADRC,MID_RATE,130,25,15,1,1.3,0.9,4.30171043121269,20.2441430979967,16.8617591378152,9.76509566289006,0.678606508187567,0,0,103.22985447954,0,1,0.159147532692123,0.728312541734214
20,AI,MID_RATE,130,25,15,1,1.3,0.9,121.799872339784,51.0254632726442,205.727642379274,9.5474947680827,-205.727642379274,1,0,81.4097013752806,0,0,3.39887204541497,0
20,PID,HIGH_RATE,250,25,15,1,1.3,0.9,11.6242286466447,54.002318922547,41.7182777493746,9.99999978929788,-0.234286065478909,0,0,110.925369833669,0,0,2.46787661674834,0
20,ADRC,HIGH_RATE,250,25,15,1,1.3,0.9,12.3459653246522,48.7592057553832,41.7182777493746,9.99997582849037,1.93536016735586,0,0,110.890784617371,0,1,0.180160285687849,2.27889162319496
20,AI,HIGH_RATE,250,25,15,1,1.3,0.9,141.527373996213,63.1242336052054,227.640356106828,9.41615461971222,-227.640356106828,1,0,79.8189642992466,0,0,3.20469924326867,0
21,PID,LOW_RATE,40,8,3,6,1.3,0.9,1.30210702934885,6.68821479539156,6.974712271315,9.999834390791,-0.234109336535791,0,1,96.335969303339,0,0,0.0796762828977417,0
21,ADRC,LOW_RATE,40,8,3,6,1.3,0.9,2.07087575017177,5.58161847625147,7.57133566763311,5.86392126387334,0.365841051570026,0,0,98.4075831190857,0,1,0.0302620389841617,0.376364033454782
21,AI,LOW_RATE,40,8,3,6,1.3,0.9,4.50077824428016,4.36246747773174,7.13526256489789,9.63233600254878,-5.0452547655691,0,0,101.395668379715,0,0,1.12216915716596,0
21,PID,MID_RATE,130,8,3,6,1.3,0.9,3.35871093136672,19.0376615753642,14.8693765395822,9.99999999999103,-0.243736744233323,0,0,101.859295246741,0,0,0.0985684945982307,0
21,ADRC,MID_RATE,130,8,3,6,1.3,0.9,4.20391417052148,17.1290859151715,15.0459113239923,9.99990241549128,0.685247321449666,0,0,103.344233021007,0,1,0.0528521049676065,0.736799547238101
21,AI,MID_RATE,130,8,3,6,1.3,0.9,116.607359523415,48.5396344829867,197.163664878406,9.9933388694106,-197.163664878406,1,0,83.2061061236209,0,0,4.48570188912581,0
21,PID,HIGH_RATE,250,8,3,6,1.3,0.9,10.3479993057637,47.143705197817,37.5743051385603,10,-0.257726564188412,0,0,110.417115365634,0,0,0.112100714192828,0
21,ADRC,HIGH_RATE,250,8,3,6,1.3,0.9,11.2461612642973,43.8436970203842,37.5743051385603,10,1.76568282306352,0,0,110.46118309885,0,1,0.0564247682347459,2.06395140671655
21,AI,HIGH_RATE,250,8,3,6,1.3,0.9,134.771153113321,59.7998108307165,217.346983776397,9.99821193758488,-217.346983776397,1,0,82.0519636237131,0,0,4.08520798331969,0
22,PID,LOW_RATE,40,25,3,6,1.3,0.9,1.41450934633707,7.64697549745348,7.40037236643193,9.81141355808721,-0.234674078234335,0,1,96.550481032442,0,0,0.328999719319857,0
22,ADRC,LOW_RATE,40,25,3,6,1.3,0.9,2.1120399049613,6.2805413272702,7.99019565484827,5.06326598731912,0.371984599842605,0,0,98.4724469729094,0,1,0.0779498639492405,0.382288700766737
22,AI,LOW_RATE,40,25,3,6,1.3,0.9,2.01739931029092,6.61170773943701,7.62288051366227,8.11171128071033,-0.991302842303052,0,0,98.479689620385,0,0,1.90431405038108,0
22,PID,MID_RATE,130,25,3,6,1.3,0.9,3.84954738632095,21.8993330887034,16.7874311561458,9.99908210673581,-0.245025596049459,0,0,102.427654340002,0,0,0.359509372811319,0
22,ADRC,MID_RATE,130,25,3,6,1.3,0.9,4.54252103938825,19.4521145459611,16.8313971563624,9.8713193290241,0.730058222681958,0,0,103.627856033379,0,1,0.14913313391681,0.787256219015343
22,AI,MID_RATE,130,25,3,6,1.3,0.9,117.995811070349,49.1231461313071,198.523987803229,9.40742879798726,-198.523987803229,1,0,83.0216965383474,0,0,4.24240521196962,0
22,PID,HIGH_RATE,250,25,3,6,1.3,0.9,11.6880503323831,52.4522019451376,41.7114946271797,9.99999969153883,-0.258668726509513,0,0,111.069353745191,0,0,0.388565010611781,0
22,ADRC,HIGH_RATE,250,25,3,6,1.3,0.9,12.5337663171122,48.2128031848589,41.7114946271797,9.99995102217674,1.96397697334892,0,0,110.968573315099,0,1,0.16582704775729,2.30685908199578
22,AI,HIGH_RATE,250,25,3,6,1.3,0.9,137.390632732673,61.6271437936672,220.214164133075,9.20820986831063,-220.214164133075,1,0,81.5891787086233,0,0,3.94824135064269,0
23,PID,LOW_RATE,40,8,15,6,1.3,0.9,1.26843825498786,7.25494801809025,6.97483211381786,9.99996985755021,-0.233946534842202,0,1,96.2462977652118,0,0,0.204719640791486,0
23,ADRC,LOW_RATE,40,8,15,6,1.3,0.9,2.05604317912178,5.95335265995148,7.70006662459937,5.71688380482697,0.364908712315781,0,0,98.3361563062946,0,1,0.0310043903225068,0.375787378233098
23,AI,LOW_RATE,40,8,15,6,1.3,0.9,1.86638936565403,6.40303069184291,7.14819192469832,9.6396296525145,-1.02459971956956,0,0,98.1788736178629,0,0,1.02325849263626,0
23,PID,MID_RATE,130,8,15,6,1.3,0.9,3.31489246214686,19.5270005410087,14.8699740387291,9.99999999999827,-0.243493990376613,0,0,101.75388570452,0,0,0.201259304347108,0
23,ADRC,MID_RATE,130,8,15,6,1.3,0.9,4.02032823397159,17.7548529560003,15.2523900833774,9.99710607276958,0.647495340546378,0,0,103.032577216133,0,1,0.0573810484850674,0.693883060432008
23,AI,MID_RATE,130,8,15,6,1.3,0.9,118.97298722256,49.8400744016152,201.584659356738,9.99747599303624,-201.584659356738,1,0,82.2122086239129,0,0,2.8850545285487,0
23,PID,HIGH_RATE,250,8,15,6,1.3,0.9,10.2769624323415,48.0140329845145,37.5755641820596,10,-0.257295516124518,0,0,110.306623870396,0,0,0.203385100004885,0
23,ADRC,HIGH_RATE,250,8,15,6,1.3,0.9,11.0050836181155,44.3174880784021,37.5755641820596,10,1.72533493606426,0,0,110.336058208517,0,1,0.0632238365502056,2.01832432505566
23,AI,HIGH_RATE,250,8,15,6,1.3,0.9,137.530460303681,60.9155997164117,222.784262585787,9.99962890943157,-222.784262585787,1,0,80.7696689041506,0,0,2.65321853173572,0
24,PID,LOW_RATE,40,25,15,6,1.3,0.9,1.39862418563505,14.8321147522956,7.40068382989226,9.88495367158965,-0.72275647778159,0,1,96.4592274216894,0,32,5.86532779247834,0.194417802046093
24,ADRC,LOW_RATE,40,25,15,6,1.3,0.9,2.10342841078949,6.77379287938784,8.117380936816,4.5848451005699,0.370974581566009,0,0,98.4009729133344,0,1,0.0784352591518205,0.381631807744141
24,AI,LOW_RATE,40,25,15,6,1.3,0.9,1.86522058657727,10.4851866140386,7.62913119118791,8.37404474208098,-0.906076417519406,0,1,97.4067167762703,0,2,1.56254688256896,1.58182726821666
24,PID,MID_RATE,130,25,15,6,1.3,0.9,3.78995264066009,25.8319873157384,16.7901747970958,9.99927484237934,-0.708713399373934,0,0,102.292669580335,0,18,5.63759105933858,0.100525345971601
24,ADRC,MID_RATE,130,25,15,6,1.3,0.9,4.27985211629167,20.3078956715604,16.8533044593262,9.78386224405148,0.674208781916551,0,0,103.196014701004,0,1,0.16835229053195,0.723040204100939
24,AI,MID_RATE,130,25,15,6,1.3,0.9,124.064523896608,52.0905686924216,209.544568013495,9.59551674053315,-209.544568013495,1,0,80.5134567218896,0,0,3.52278508561633,0
24,PID,HIGH_RATE,250,25,15,6,1.3,0.9,11.6186794557474,55.1686500596417,41.7182777493746,9.99999980525661,-0.696657698882395,0,0,110.983012089209,0,0,5.1971267714854,0
24,ADRC,HIGH_RATE,250,25,15,6,1.3,0.9,12.3277015447402,48.8279607967504,41.7182777493746,9.99997582849037,1.93133849060757,0,0,110.880959095343,0,1,0.191092162252804,2.27260242550581
24,AI,HIGH_RATE,250,25,15,6,1.3,0.9,143.524109727648,63.9335337106301,231.474231576379,9.49998421170265,-231.474231576379,1,0,79.0113979367499,0,0,3.30642779288395,0
25,PID,LOW_RATE,40,8,3,1,0.85,1.1,1.22120581585837,6.50323412283267,6.82896855094859,9.99837745495369,-0.032447421405231,0,1,93.7671032950409,0,0,0.0599400499414448,0
25,ADRC,LOW_RATE,40,8,3,1,0.85,1.1,2.03989615394546,5.81317079303618,7.59711515579734,4.72907836823769,0.278760375902346,0,0,95.4154255406321,0,1,0.0203709085281875,0.322784666500601
25,AI,LOW_RATE,40,8,3,1,0.85,1.1,1.97256963495232,4.93065890693937,6.97288099930691,9.31344600855771,-0.966387918078959,0,1,96.3376424606802,0,0,1.75381487540253,0
25,PID,MID_RATE,130,8,3,1,0.85,1.1,2.85186153228236,17.4321086919088,13.3833614070285,9.99999999811468,-0.0335287101973908,0,0,98.1102545320769,0,0,0.0679351210510651,0
25,ADRC,MID_RATE,130,8,3,1,0.85,1.1,3.85748641569499,16.0700877876714,13.9465045171323,9.98876609340959,0.529511120878108,0,0,99.4360709449483,0,1,0.0448101520871095,0.639251682771702
25,AI,MID_RATE,130,8,3,1,0.85,1.1,112.741384691446,46.7473014675594,190.506772847867,9.99028105587794,-190.506772847867,1,0,80.9222167448207,0,0,5.77813705959279,0
25,PID,HIGH_RATE,250,8,3,1,0.85,1.1,8.14432559516932,42.4633845110596,32.0602971675924,10,-0.035056307759874,0,0,104.903683601014,0,0,0.0920302203290549,0
25,ADRC,HIGH_RATE,250,8,3,1,0.85,1.1,9.15388940996601,39.5505117735607,32.0610909900803,9.99999999996493,1.28666611352973,0,0,104.913599639602,0,1,0.0477652398688095,1.66616116075846
25,AI,HIGH_RATE,250,8,3,1,0.85,1.1,127.808260997453,56.5955465738324,207.449741894182,9.99770539565037,-207.449741894182,1,0,79.9867193705708,0,0,5.38638604947158,0
26,PID,LOW_RATE,40,25,3,1,0.85,1.1,1.32768932481073,7.37420539275083,7.2238731650856,9.63451753980907,-0.032512038505879,0,1,93.9102007233527,0,0,0.267832906543091,0
26,ADRC,LOW_RATE,40,25,3,1,0.85,1.1,2.0777061068321,6.48344370442703,8.00587779526881,4.08277346442227,0.279797932521324,0,0,95.4384072885483,0,1,0.0563781989556535,0.323363823694775
26,AI,LOW_RATE,40,25,3,1,0.85,1.1,1.79507881249641,8.40554987488342,7.41227942248271,7.84808618792086,0.852857092878301,0,1,92.0954469403256,0,1,1.96301074955141,1.01505356866957
26,PID,MID_RATE,130,25,3,1,0.85,1.1,3.30216303412565,20.2213867456059,15.2352675072693,9.99447109445964,-0.0336921061771422,0,0,98.6377126448498,0,0,0.299085079415867,0
26,ADRC,MID_RATE,130,25,3,1,0.85,1.1,4.08770984023701,18.2347501669835,15.4384926727695,9.46314810349903,0.549554274904608,0,0,99.5549852603655,0,1,0.130140378936954,0.661940039033368
26,AI,MID_RATE,130,25,3,1,0.85,1.1,114.253437553366,47.4582572364282,192.28515030731,9.24708071799487,-192.28515030731,1,0,80.6277352342093,0,0,5.48581570425454,0
26,PID,HIGH_RATE,250,25,3,1,0.85,1.1,9.33053732825816,47.8049191645566,36.1111647125684,9.99998950937191,-0.035192930005354,0,0,105.559992403454,0,0,0.326619499081207,0
26,ADRC,HIGH_RATE,250,25,3,1,0.85,1.1,10.2282660564523,44.0880249061777,36.1111647125684,9.99851631340952,1.43087272178179,0,0,105.350660670217,0,1,0.150292155024582,1.83946408831313
26,AI,HIGH_RATE,250,25,3,1,0.85,1.1,130.490619208864,58.4761654548793,210.325851279825,9.07794908827074,-210.325851279825,1,0,79.5974427875109,0,0,5.28180092931659,0
27,PID,LOW_RATE,40,8,15,1,0.85,1.1,1.18566203801918,7.06316425883006,6.82910292491338,9.99970488990288,-0.0324169512557011,0,1,93.6771180054726,0,0,0.153531178104271,0
27,ADRC,LOW_RATE,40,8,15,1,0.85,1.1,2.02497540577685,6.17435097555691,7.73444849134433,4.5451689197944,0.278259487467692,0,0,95.3385450871132,0,1,0.0206161291239291,0.323057940649709
27,AI,LOW_RATE,40,8,15,1,0.85,1.1,1.74012745021311,6.04286823028108,6.96835043560539,9.51217189860015,-0.947109469048336,0,1,95.7429959706472,0,0,1.02933083135314,0
27,PID,MID_RATE,130,8,15,1,0.85,1.1,2.80827643545365,17.8893793458641,13.3840579195705,9.99999999951882,-0.0334939892771522,0,0,98.0125619706464,0,0,0.157053366850987,0
27,ADRC,MID_RATE,130,8,15,1,0.85,1.1,3.81028897839299,16.9903375134369,14.5454414234629,9.86191165579295,0.515636789388135,0,0,99.2898611473496,0,1,0.046892572239732,0.6249891791941
27,AI,MID_RATE,130,8,15,1,0.85,1.1,115.673088194618,48.4449024702412,195.884460178034,9.99052815115143,-195.884460178034,1,0,79.847372910183,0,0,3.25762315534131,0
27,PID,HIGH_RATE,250,8,15,1,0.85,1.1,8.07067215180356,43.2280485179186,32.0617936011307,10,-0.035007295379761,0,0,104.794360570027,0,0,0.156363363106655,0
27,ADRC,HIGH_RATE,250,8,15,1,0.85,1.1,8.74514646290653,40.2201415160142,32.0617936011307,9.9999999999987,1.21080641436901,0,0,104.647714721796,0,1,0.0525918457591695,1.56863119268886
27,AI,HIGH_RATE,250,8,15,1,0.85,1.1,130.50927889359,57.7454586022279,212.355903776601,9.99952428555382,-212.355903776601,1,0,78.9237563204037,0,0,3.06364634096608,0
28,PID,LOW_RATE,40,25,15,1,0.85,1.1,1.27898387663474,15.1247145937937,7.2241696432768,9.76998647391481,0.115282546666615,0,1,93.6929049117811,0,57,5.84841471970223,0.30421790556877
28,ADRC,LOW_RATE,40,25,15,1,0.85,1.1,2.06890848276027,6.96107413692724,8.14245109338892,3.68054448011387,0.279250704699307,0,0,95.3615048982111,0,1,0.0564838032897634,0.323487996710847
28,AI,LOW_RATE,40,25,15,1,0.85,1.1,1.72204390148274,11.4808298066037,7.41884947017432,8.78414190397534,0.345203992627709,0,1,91.1420918502303,0,3,1.63391761716042,2.31857518027047
28,PID,MID_RATE,130,25,15,1,0.85,1.1,3.22205182246554,24.6317461853011,15.238224590589,9.99628661126297,0.142362900786266,0,0,98.4017682607246,0,53,5.6712386408653,0.293622192880512
28,ADRC,MID_RATE,130,25,15,1,0.85,1.1,3.97847888339094,19.2471726383353,15.8142789700791,8.66631083777911,0.52257765329684,0,0,99.31131322277,0,1,0.134764154682922,0.630468903993239
28,AI,MID_RATE,130,25,15,1,0.85,1.1,119.242601996533,50.1322709399331,201.467702801653,9.35588230914832,-201.467702801653,1,0,78.8044774135437,0,0,4.20646661471622,0
28,PID,HIGH_RATE,250,25,15,1,0.85,1.1,9.22924317581113,50.9087732649067,36.1189049197128,9.99999337847114,-0.268779763416319,0,0,105.356106885282,0,50,5.3717428326564,0.285410718082893
28,ADRC,HIGH_RATE,250,25,15,1,0.85,1.1,9.87080778886274,45.0648340518891,36.1189049197128,9.99943146987534,1.36297701864655,0,0,105.141553903151,0,1,0.175463893178948,1.75742297838413
28,AI,HIGH_RATE,250,25,15,1,0.85,1.1,135.548409083049,60.4836010134323,219.3232218045,9.46137401576422,-219.3232218045,1,0,77.6792166897612,0,0,4.04142549528146,0
29,PID,LOW_RATE,40,8,3,6,0.85,1.1,1.21809738377628,6.53590975967095,6.82896855094859,9.99908095719365,-0.0324451035443125,0,1,93.7600852225738,0,0,0.0866256517927527,0
29,ADRC,LOW_RATE,40,8,3,6,0.85,1.1,2.02130745778251,5.79570805481691,7.57003148857055,4.79775250964456,0.275627468323177,0,0,95.3797598467503,0,1,0.0231098876773704,0.318869987114305
29,AI,LOW_RATE,40,8,3,6,0.85,1.1,1.89489195155098,5.13332139485271,6.95693588086539,9.62045574957414,-0.970783517889071,0,1,96.1686937369611,0,0,1.79780359635665,0
29,PID,MID_RATE,130,8,3,6,0.85,1.1,2.84840333207647,17.4607631962118,13.3833614070285,9.99999999857582,-0.0335260532686646,0,0,98.1033925513723,0,0,0.102115385133188,0
29,ADRC,MID_RATE,130,8,3,6,0.85,1.1,3.82429701355154,16.0447909067546,13.8920253635785,9.99357266682392,0.523618232965606,0,0,99.3919999100841,0,1,0.0504294122386289,0.631240929218141
29,AI,MID_RATE,130,8,3,6,0.85,1.1,114.295599530553,47.6029489640605,193.686448575229,9.999779819116,-193.686448575229,1,0,80.3257107942452,0,0,5.62439906443778,0
29,PID,HIGH_RATE,250,8,3,6,0.85,1.1,8.1359833758174,42.5369536441512,32.0602971675924,10,-0.0350509579973031,0,0,104.892965689009,0,0,0.114240504941785,0
29,ADRC,HIGH_RATE,250,8,3,6,0.85,1.1,9.12696796429391,39.579127635638,32.0606050664339,9.99999999998022,1.28072131523646,0,0,104.895290392149,0,1,0.0540266368199566,1.65505119003444
29,AI,HIGH_RATE,250,8,3,6,0.85,1.1,129.510182213171,57.2796905140219,210.798085148272,9.99824531808832,-210.798085148272,1,0,79.3219622690764,0,0,5.33445640015813,0
30,PID,LOW_RATE,40,25,3,6,0.85,1.1,1.31695831751926,7.54578587644657,7.2238731650856,9.69003619008279,-0.0325011360555095,0,1,93.8783670316427,0,0,0.359123381704576,0
30,ADRC,LOW_RATE,40,25,3,6,0.85,1.1,2.05966357373899,6.48539891809215,7.98898600907105,4.1426552302485,0.276662365781067,0,0,95.402758696257,0,1,0.058986094270952,0.319465345925993
30,AI,LOW_RATE,40,25,3,6,0.85,1.1,1.65351111162418,8.53396787420996,7.41287468065788,7.92311274652984,0.325059830071162,0,1,92.4579615899553,0,1,1.9717565734881,0.873625431865793
30,PID,MID_RATE,130,25,3,6,0.85,1.1,3.2887835270313,20.3720821539685,15.2352675072693,9.99490252860915,-0.0336801210187033,0,0,98.603351575894,0,0,0.388529272158743,0
30,ADRC,MID_RATE,130,25,3,6,0.85,1.1,4.05632973383338,18.2429373270262,15.4137533630178,9.5024639950728,0.543745146264451,0,0,99.5124709660527,0,1,0.13596465866815,0.654195355507874
30,AI,MID_RATE,130,25,3,6,0.85,1.1,116.088081462563,48.3282546697469,195.703124045997,9.34463431632677,-195.703124045997,1,0,79.9651405417912,0,0,5.50826731259265,0
30,PID,HIGH_RATE,250,25,3,6,0.85,1.1,9.31383339017732,48.0204987388075,36.1111647125684,9.99999104170875,-0.0351792697192108,0,0,105.529262680019,0,0,0.410835462797809,0
30,ADRC,HIGH_RATE,250,25,3,6,0.85,1.1,10.2024338595344,44.134327820508,36.1111647125684,9.99851631340952,1.42497655505092,0,0,105.334684074041,0,1,0.157357133547501,1.82883349734351
30,AI,HIGH_RATE,250,25,3,6,0.85,1.1,132.34724563643,59.1138361033047,213.57119651344,9.21069463305966,-213.57119651344,1,0,78.9096955830577,0,0,5.24728988518799,0
31,PID,LOW_RATE,40,8,15,6,0.85,1.1,1.17260332734437,7.42704538786501,6.82910292491338,9.99983283815123,-0.0324033262288281,0,1,93.6384003277807,0,0,0.32211326755939,0
31,ADRC,LOW_RATE,40,8,15,6,0.85,1.1,2.00622148367166,6.1547247672918,7.69847932616993,4.67745003999831,0.275129079551635,0,0,95.3023107828531,0,1,0.0236155783907747,0.319111617025992
31,AI,LOW_RATE,40,8,15,6,0.85,1.1,1.74702245178845,6.17249640782964,6.97031520134914,9.14327808134679,-0.932891161078243,0,1,95.7693995532298,0,0,1.05742951403985,0
31,PID,MID_RATE,130,8,15,6,0.85,1.1,2.79507651077521,18.0979524021297,13.3840579195705,9.9999999997255,-0.0334817975212373,0,0,97.9787778549224,0,0,0.317377082693049,0
31,ADRC,MID_RATE,130,8,15,6,0.85,1.1,3.77737615261446,16.9675795673772,14.4825749923843,9.92039356422573,0.509690214831965,0,0,99.2441801763803,0,1,0.053328125678522,0.616793946208743
31,AI,MID_RATE,130,8,15,6,0.85,1.1,117.317339824083,49.2686184345421,198.525028788776,9.99995755944188,-198.525028788776,1,0,79.2859083028192,0,0,3.3934228895639,0
31,PID,HIGH_RATE,250,8,15,6,0.85,1.1,8.0533561863813,43.4525991646004,32.0617936011307,10,-0.0349940168150264,0,0,104.76420377217,0,0,0.299005019539322,0
31,ADRC,HIGH_RATE,250,8,15,6,0.85,1.1,8.72011340878133,40.2862026081648,32.0617936011307,9.99999999999927,1.20486654031831,0,0,104.627568701618,0,1,0.0603434405305588,1.55820159848615
31,AI,HIGH_RATE,250,8,15,6,0.85,1.1,132.555374487132,58.6694443454397,215.971244999218,9.99963622687535,-215.971244999218,1,0,78.2190888774605,0,0,3.18822756831582,0
32,PID,LOW_RATE,40,25,15,6,0.85,1.1,1.28918692592042,18.0902787525063,7.2241696432768,9.79134298329327,-0.493136645094272,0,1,93.6393199452788,0,52,6.28017693857682,0.446659340010773
32,ADRC,LOW_RATE,40,25,15,6,0.85,1.1,2.05095379819466,6.96400022129961,8.11578240974715,3.75123368564856,0.276118947047662,0,0,95.3253303930437,0,1,0.0596127972248517,0.319566472791648
32,AI,LOW_RATE,40,25,15,6,0.85,1.1,1.5559893635874,12.3629797748274,7.42068193343428,8.25916789034871,-0.655063235675411,0,1,92.5446523920763,0,6,1.64405870903599,3.50924248440229
32,PID,MID_RATE,130,25,15,6,0.85,1.1,3.21628092293633,26.6126904678026,15.238224590589,9.99684377028115,-0.29652062122871,0,0,98.3507349361237,0,48,6.09791445714061,0.434101689028625
32,ADRC,MID_RATE,130,25,15,6,0.85,1.1,3.94851741922293,19.2773936857354,15.7743172492135,8.74953064016663,0.516689585425184,0,0,99.2662423683481,0,1,0.142618467475529,0.622542445006689
32,AI,MID_RATE,130,25,15,6,0.85,1.1,6.6627796200995,18.0157889970767,17.156277765743,9.39467210877122,-4.90796491121426,0,0,104.029411608893,0,0,1.82205047869815,0
32,PID,HIGH_RATE,250,25,15,6,0.85,1.1,9.21748909226294,52.0519848528972,36.1189049197128,9.99999434568625,0.385842124011659,0,0,105.326179862984,0,45,5.75253455718603,0.424636517571209
32,ADRC,HIGH_RATE,250,25,15,6,0.85,1.1,9.84707547195566,45.160580362937,36.1189049197128,9.99943146987534,1.35701254247958,0,0,105.123893519632,0,1,0.186302195047484,1.74709150796332
32,AI,HIGH_RATE,250,25,15,6,0.85,1.1,137.041172846645,61.2866858994451,222.386263971318,9.50167601521228,-222.386263971318,1,0,77.1284270903991,0,0,4.11092463087363,0
33,PID,LOW_RATE,40,8,3,1,1,1.1,1.22461115726862,6.49782667125185,6.82897556657964,9.99837746176513,-0.103114375821307,0,1,94.7114509697586,0,0,0.0606786861459594,0
33,ADRC,LOW_RATE,40,8,3,1,1,1.1,2.06553804048387,5.67231100360628,7.59752512847224,4.72907834825557,0.323522192533317,0,0,96.5591620026555,0,1,0.0208249441839602,0.356507764186305
33,AI,LOW_RATE,40,8,3,1,1,1.1,3.65900344196615,4.25077264821808,6.97291611846726,9.31344591816027,-3.60096261428307,0,0,99.471607411954,0,0,1.73245273761727,0
33,PID,MID_RATE,130,8,3,1,1,1.1,2.85491247180383,17.4250538730153,13.3843493766946,9.99999999811499,-0.106373335484583,0,0,98.9575334118987,0,0,0.0685129549386364,0
33,ADRC,MID_RATE,130,8,3,1,1,1.1,3.88578636526268,15.9489258562538,13.9491028419014,9.98876608299009,0.581590844686684,0,0,100.46042612889,0,1,0.0451251512419187,0.667427355929075
33,AI,MID_RATE,130,8,3,1,1,1.1,112.827124863998,46.7920216960196,190.700462203767,9.99028096697782,-190.700462203767,1,0,81.1676400884996,0,0,5.57145619236536,0
33,PID,HIGH_RATE,250,8,3,1,1,1.1,8.15798748642575,42.4363870521225,32.07147277078,10,-0.111004150489389,0,0,105.639869841046,0,0,0.0916255514879929,0
33,ADRC,HIGH_RATE,250,8,3,1,1,1.1,9.2030435781929,39.3860763438437,32.07254259836,9.99999999996491,1.3508742422083,0,0,105.797786638283,0,1,0.0477515302311679,1.66298500688123
33,AI,HIGH_RATE,250,8,3,1,1,1.1,127.972718641588,56.6330472776435,207.632728302744,9.99770539150548,-207.632728302744,1,0,80.2342155517077,0,0,5.16893727167436,0
34,PID,LOW_RATE,40,25,3,1,1,1.1,1.33109764571367,7.3674035360771,7.22390287836751,9.63451855051506,-0.103322746923536,0,1,94.8496624288543,0,0,0.269475097537874,0
34,ADRC,LOW_RATE,40,25,3,1,1,1.1,2.10418985800718,6.34613029606145,8.00640586832131,4.08277492989504,0.326923133627531,0,0,96.5984553573771,0,1,0.0579946123894275,0.359798722371969
34,AI,LOW_RATE,40,25,3,1,1,1.1,1.64282706745737,8.25163779210768,7.41235401956034,7.84808541656691,0.306478036373021,0,1,93.8516876310255,0,1,1.86391670698346,0.719910209751788
34,PID,MID_RATE,130,25,3,1,1,1.1,3.30630569923651,20.206941520482,15.2369086003734,9.99447151403725,-0.106878092049201,0,0,99.4737277711184,0,0,0.300494738233897,0
34,ADRC,MID_RATE,130,25,3,1,1,1.1,4.11608491549914,18.1094245024298,15.4409480042289,9.46317508005375,0.604691796654014,0,0,100.588129127354,0,1,0.131338167144637,0.694539088663798
34,AI,MID_RATE,130,25,3,1,1,1.1,114.35674688597,47.5043785005924,192.479934621291,9.24707346587495,-192.479934621291,1,0,80.8795141705791,0,0,5.21169679642048,0
34,PID,HIGH_RATE,250,25,3,1,1,1.1,9.35247966857259,47.7171883147668,36.1257898552695,9.99999031852444,-0.111434951054369,0,0,106.294719837413,0,0,0.328012020250159,0
34,ADRC,HIGH_RATE,250,25,3,1,1,1.1,10.2835900652062,43.8945864485295,36.1257898552695,9.9985160022807,1.49987060484192,0,0,106.229552394003,0,1,0.150360507793833,1.85234149166946
34,AI,HIGH_RATE,250,25,3,1,1,1.1,130.683414245562,58.5464145567379,210.676185368744,9.0779488353863,-210.676185368744,1,0,79.8294765941141,0,0,4.99137782829714,0
35,PID,LOW_RATE,40,8,15,1,1,1.1,1.18922474030675,7.05749163419752,6.82910994015934,9.99970489131598,-0.1030317246545,0,1,94.6248132912921,0,0,0.153878531332777,0
35,ADRC,LOW_RATE,40,8,15,1,1,1.1,2.05065916124081,6.04006948540274,7.73508978779724,4.54516891639109,0.322784307156443,0,0,96.488256519674,0,1,0.0211358858330537,0.356169938527826
35,AI,LOW_RATE,40,8,15,1,1,1.1,1.75043516396305,6.24964504792665,6.96836774632587,9.51217169829452,-0.927034189195954,0,1,96.5543914646663,0,0,1.00238629456534,0
35,PID,MID_RATE,130,8,15,1,1,1.1,2.81177302805527,17.8785162315583,13.3850458423458,9.99999999963668,-0.106276021502314,0,0,98.8635925981899,0,0,0.157490356513067,0
35,ADRC,MID_RATE,130,8,15,1,1,1.1,3.83749161659144,16.8722003973899,14.5485064929976,9.86191166094705,0.567132132546516,0,0,100.322278326691,0,1,0.047340482742616,0.650795256199474
35,AI,MID_RATE,130,8,15,1,1,1.1,116.415633453188,48.7630599028156,197.31000668555,9.99052804988745,-197.31000668555,1,0,79.855417569633,0,0,3.15533621255436,0
35,PID,HIGH_RATE,250,8,15,1,1,1.1,8.08687919831756,43.1711432922952,32.0729686733674,10,-0.110864101284684,0,0,105.538194668436,0,0,0.15722014925375,0
35,ADRC,HIGH_RATE,250,8,15,1,1,1.1,8.79189337252664,40.0556019458408,32.0729686733674,9.9999999999987,1.27386509363403,0,0,105.542889290859,0,1,0.0527911508145327,1.56537928258848
35,AI,HIGH_RATE,250,8,15,1,1,1.1,131.224677678306,58.0423832163726,213.916508362922,9.99952428431445,-213.916508362922,1,0,78.9305295930051,0,0,2.9775819839285,0
36,PID,LOW_RATE,40,25,15,1,1,1.1,1.28681295243752,15.037291150036,7.22419935302745,9.77123262129751,-0.152286550964719,0,1,94.6950403347661,0,58,5.83327148973374,0.22844514508986
36,ADRC,LOW_RATE,40,25,15,1,1,1.1,2.09531951048326,6.83085553827449,8.14325466498254,3.68054454253205,0.32612465588651,0,0,96.5277198221085,0,1,0.0580311361118217,0.359392137944337
36,AI,LOW_RATE,40,25,15,1,1,1.1,1.63565615534849,11.4724399691953,7.4189239799383,8.67959223016551,-0.923451101533513,0,1,93.1675217115912,0,4,1.58120635580389,2.33695140254813
36,PID,MID_RATE,130,25,15,1,1,1.1,3.22905252668437,24.5534664015971,15.2399397134608,9.99628687498657,-0.133970599338385,0,0,99.2921125249827,0,54,5.65384867517754,0.192595216655943
36,ADRC,MID_RATE,130,25,15,1,1,1.1,4.0048324703744,19.1251632430568,15.8172097077175,8.66631206302571,0.576809723183333,0,0,100.356493469497,0,1,0.135508597077149,0.661249060601752
36,AI,MID_RATE,130,25,15,1,1,1.1,120.262540032222,50.5649739847396,203.420049182861,9.35587687430589,-203.420049182861,1,0,78.656691731628,0,0,4.07760533737712,0
36,PID,HIGH_RATE,250,25,15,1,1,1.1,9.25440874235359,50.7027860603776,36.1335259695634,9.99999388927419,-0.513114825371344,0,0,106.140584675437,0,50,5.33907213362376,0.156306603833219
36,ADRC,HIGH_RATE,250,25,15,1,1,1.1,9.92406332759277,44.8622366434788,36.1335259695634,9.99943137177371,1.43100356248341,0,0,106.029657279435,0,1,0.175136023189161,1.76691584673885
36,AI,HIGH_RATE,250,25,15,1,1,1.1,136.712131096714,60.9785838821058,221.877297471806,9.46137373657174,-221.877297471806,1,0,77.5296147771785,0,0,3.8767466399875,0
37,PID,LOW_RATE,40,8,3,6,1,1.1,1.22152261872924,6.53043953305397,6.82897556657964,9.99908096265438,-0.103108943734575,0,1,94.7047576158239,0,0,0.0874927100662344,0
37,ADRC,LOW_RATE,40,8,3,6,1,1.1,2.04705941375431,5.65525222261816,7.57040517043416,4.79775250543686,0.320572158953707,0,0,96.5270668812305,0,1,0.0236874008603043,0.352984954536212
37,AI,LOW_RATE,40,8,3,6,1,1.1,3.0131317615602,4.77196461953891,6.9569489649671,9.62045556525283,-3.31057349498046,0,0,98.4358850255973,0,0,1.69863969411573,0
37,PID,MID_RATE,130,8,3,6,1,1.1,2.8515050007994,17.4533449377203,13.3843493766946,9.99999999857608,-0.106366508069102,0,0,98.9509825420745,0,0,0.102810131103957,0
37,ADRC,MID_RATE,130,8,3,6,1,1.1,3.85249414267494,15.923745019287,13.8944926583804,9.99357265701311,0.575879015968624,0,0,100.4196351532,0,1,0.0508352568875263,0.660264672901465
37,AI,MID_RATE,130,8,3,6,1,1.1,114.601792786019,47.6239548865821,193.812921644398,9.99977981673022,-193.812921644398,1,0,80.523994336104,0,0,5.42651266978661,0
37,PID,HIGH_RATE,250,8,3,6,1,1.1,8.14916183417209,42.5139802478177,32.07147277078,10,-0.110987804359539,0,0,105.62881847001,0,0,0.115622667861551,0
37,ADRC,HIGH_RATE,250,8,3,6,1,1.1,9.17615146341048,39.4135071101218,32.0717738635846,9.99999999998021,1.34523651765438,0,0,105.781204666125,0,1,0.0540177649916079,1.65426183613382
37,AI,HIGH_RATE,250,8,3,6,1,1.1,129.40368196043,57.1315235283633,210.129980573772,9.99824531423628,-210.129980573772,1,0,79.6847566072325,0,0,5.15751914255778,0
38,PID,LOW_RATE,40,25,3,6,1,1.1,1.32043296552467,7.5383698992785,7.22390287836751,9.69003734317029,-0.103291549097659,0,1,94.8190720645648,0,0,0.360144873275528,0
38,ADRC,LOW_RATE,40,25,3,6,1,1.1,2.08624775102325,6.34907944453402,7.98946939844686,4.14265596309445,0.323967271686988,0,0,96.5664306756775,0,1,0.0607820624207551,0.356273378730404
38,AI,LOW_RATE,40,25,3,6,1,1.1,1.60638371577842,8.46768296373602,7.41293764318514,7.92311183871454,-0.625562039197197,0,1,93.8698908168097,0,2,1.85644721455945,0.90471651432239
38,PID,MID_RATE,130,25,3,6,1,1.1,3.29323388847277,20.3545412338692,15.2369086003734,9.99490294651975,-0.106843867774158,0,0,99.4412513484209,0,0,0.390575627567167,0
38,ADRC,MID_RATE,130,25,3,6,1,1.1,4.08457324453908,18.1179127120307,15.4160740653776,9.50249058495413,0.5990645029816,0,0,100.548866133974,0,1,0.137307801590194,0.687474024656766
38,AI,MID_RATE,130,25,3,6,1,1.1,116.942725399086,48.6297543863728,196.950285161359,9.34462786729905,-196.950285161359,1,0,79.920910253913,0,0,5.22877910252953,0
38,PID,HIGH_RATE,250,25,3,6,1,1.1,9.33644155395928,47.9212496392579,36.1257898552695,9.99999105360981,-0.111396347012486,0,0,106.266882050483,0,0,0.41459804862538,0
38,ADRC,HIGH_RATE,250,25,3,6,1,1.1,10.2576986981333,43.9392978302294,36.1257898552695,9.9985160022807,1.49427187184916,0,0,106.215128281283,0,1,0.157529646359128,1.84369838302414
38,AI,HIGH_RATE,250,25,3,6,1,1.1,133.118057235413,59.4043761682727,215.019430159823,9.21069429600603,-215.019430159823,1,0,78.8969674296423,0,0,4.9510471206592,0
39,PID,LOW_RATE,40,8,15,6,1,1.1,1.1762004733334,7.4211314490172,6.82910994015934,9.99983283928764,-0.102991712939474,0,1,94.5871362505283,0,0,0.321721330818894,0
39,ADRC,LOW_RATE,40,8,15,6,1,1.1,2.03202566463542,6.02091490354318,7.69907049441424,4.67745003882694,0.31983597015647,0,0,96.4556388040516,0,1,0.0242700627904987,0.352643427729721
39,AI,LOW_RATE,40,8,15,6,1,1.1,1.75741281743897,6.36024909185267,6.97033250694462,9.14327781729285,-0.962076340243479,0,1,96.5497598440394,0,0,1.05177497393153,0
39,PID,MID_RATE,130,8,15,6,1,1.1,2.79867533873685,18.085556166422,13.3850458423458,9.99999999972555,-0.106240290359123,0,0,98.8308761188779,0,0,0.317009175419946,0
39,ADRC,MID_RATE,130,8,15,6,1,1.1,3.80445234308531,16.849496667091,14.4856598908503,9.92039356694041,0.561361993472377,0,0,100.279975549124,0,1,0.0538927706553223,0.64354646707157
39,AI,MID_RATE,130,8,15,6,1,1.1,118.192665407071,49.7791534951566,200.787975832942,9.99995755888805,-200.787975832942,1,0,79.2477390808397,0,0,3.27948817152245,0
39,PID,HIGH_RATE,250,8,15,6,1,1.1,8.07041743817847,43.3843663539068,32.0729686733674,10,-0.110826432359002,0,0,105.510844921138,0,0,0.30103298253804,0
39,ADRC,HIGH_RATE,250,8,15,6,1,1.1,8.76682495770627,40.1200249650974,32.0729686733674,9.99999999999927,1.26822574810604,0,0,105.52460047115,0,1,0.0605867540025808,1.55673439164953
39,AI,HIGH_RATE,250,8,15,6,1,1.1,133.05682874087,58.7936283002515,216.893470196818,9.9996362257607,-216.893470196818,1,0,78.2968429525804,0,0,3.09573334108105,0
40,PID,LOW_RATE,40,25,15,6,1,1.1,1.30491039840386,18.0432105062488,7.22419935302745,9.79478955002396,-0.658341684077711,0,1,94.7073318636149,0,52,6.27508925916644,0.353950380115477
40,ADRC,LOW_RATE,40,25,15,6,1,1.1,2.07747261421437,6.83484318919485,8.11652560241968,3.75123362088689,0.323171833358843,0,0,96.4952149172357,0,1,0.061200659760201,0.355865617378898
40,AI,LOW_RATE,40,25,15,6,1,1.1,1.65945361947106,12.4987123801817,7.4207564328524,8.25916685490687,-1.06162210473003,0,0,94.1174883246847,0,2,1.62536156285446,3.37578250660753
40,PID,MID_RATE,130,25,15,6,1,1.1,3.22695925810576,26.5595167125109,15.2399397134608,9.99684403310803,-0.450548377803825,0,0,99.293750755018,0,48,6.09587887275761,0.30350552531321
40,ADRC,MID_RATE,130,25,15,6,1,1.1,3.97468415247248,19.1555596484325,15.7772599922802,8.74953169263829,0.571094965659361,0,0,100.314828937278,0,1,0.143367015019987,0.65408173931872
40,AI,MID_RATE,130,25,15,6,1,1.1,6.94689280818628,18.6300403524283,17.1689010160737,9.39466558375041,-4.49877980744867,0,0,104.806942320827,0,0,1.51550612429892,0
40,PID,HIGH_RATE,250,25,15,6,1,1.1,9.24545533668404,51.7915937618232,36.1335259695634,9.99999435325877,-0.0866357604325776,0,0,106.151354883074,0,46,5.75955498242976,0.251098918247553
40,ADRC,HIGH_RATE,250,25,15,6,1,1.1,9.90015282857931,44.955499538129,36.1335259695634,9.99943137177371,1.42532417465659,0,0,106.013642717275,0,1,0.18590146936687,1.75813381671125
40,AI,HIGH_RATE,250,25,15,6,1,1.1,138.757543974379,61.7859542251275,225.05157813654,9.50167570867074,-225.05157813654,1,0,76.832449693781,0,0,3.97844146233769,0
41,PID,LOW_RATE,40,8,3,1,1.3,1.1,1.24261675099588,6.48645099322559,6.82899101101479,9.9983774765843,-0.270574267601738,0,1,96.6521544662324,0,0,0.062441931011341,0
41,ADRC,LOW_RATE,40,8,3,1,1.3,1.1,2.17114101471225,5.40792450536813,7.59844780556645,4.72907830829133,0.425624740717191,0,0,98.8859995591644,0,1,0.0221074067417387,0.450786304552338
41,AI,LOW_RATE,40,8,3,1,1.3,1.1,4.80795434949124,3.85007480614886,6.97299297801496,9.31344571817101,-5.08705345895026,0,0,101.626406077043,0,0,0.867409191689218,0
41,PID,MID_RATE,130,8,3,1,1.3,1.1,2.86660401113386,17.4099145077306,13.3865289944812,9.99999999811567,-0.278166267915306,0,0,100.71918651138,0,0,0.0699353131578859,0
41,ADRC,MID_RATE,130,8,3,1,1.3,1.1,3.97818789276834,15.7052476585851,13.9548094641994,9.98876605908148,0.702487232816926,0,0,102.575721830191,0,1,0.0460982119091688,0.783006166863529
41,AI,MID_RATE,130,8,3,1,1.3,1.1,113.071667637298,46.8913201510789,191.118119542055,9.99028076922945,-191.118119542055,1,0,81.732649298233,0,0,4.83740474591549,0
41,PID,HIGH_RATE,250,8,3,1,1.3,1.1,8.18899742408814,42.3897263001018,32.0971804640046,10,-0.289137067327934,0,0,107.190333574501,0,0,0.0922615323697578,0
41,ADRC,HIGH_RATE,250,8,3,1,1.3,1.1,9.32758469206618,39.0414820003468,32.0985597842407,9.99999999996487,1.49899290670805,0,0,107.656900978551,0,1,0.0481066622357605,1.82005049407941
41,AI,HIGH_RATE,250,8,3,1,1.3,1.1,128.273471937605,56.7340549313588,208.125503496777,9.99770538116086,-208.125503496777,1,0,80.7839094185093,0,0,4.4116841863652,0
42,PID,LOW_RATE,40,25,3,1,1.3,1.1,1.34839200975898,7.35295945405296,7.22396811603826,9.634520749066,-0.271128249651082,0,1,96.7815767167687,0,0,0.273794346273273,0
42,ADRC,LOW_RATE,40,25,3,1,1.3,1.1,2.21617444001689,6.09132637163431,8.00756041571507,4.08277826505679,0.435235152109851,0,0,98.9551741834567,0,1,0.0623494939850124,0.460806977147158
42,AI,LOW_RATE,40,25,3,1,1.3,1.1,1.59626217683831,8.06434983860747,7.41251746973536,7.84808372249758,-0.463815817270775,0,1,96.4301066581127,0,2,1.21787236417828,0.465167504881111
42,PID,MID_RATE,130,25,3,1,1.3,1.1,3.31978189314888,20.1760462795461,15.2406999840158,9.99447242490997,-0.279409394381833,0,0,101.214601312272,0,0,0.304100277772183,0
42,ADRC,MID_RATE,130,25,3,1,1.3,1.1,4.21049409381278,17.8571802118502,15.4463689872555,9.46323624047654,0.733406920124467,0,0,102.720528925596,0,1,0.134790084061175,0.819729194254878
42,AI,MID_RATE,130,25,3,1,1.3,1.1,114.713538402399,47.6653685856897,193.15262582597,9.24705732738537,-193.15262582597,1,0,81.3813689488447,0,0,4.33940800467084,0
42,PID,HIGH_RATE,250,25,3,1,1.3,1.1,9.40295777022013,47.5314086419625,36.1589889578132,9.99999107926653,-0.290248750653288,0,0,107.84365689444,0,0,0.330871300414896,0
42,ADRC,HIGH_RATE,250,25,3,1,1.3,1.1,10.4223485573664,43.4893495796422,36.1589889578132,9.99851530438746,1.65910009549699,0,0,108.079539809611,0,1,0.151755360506,2.03086501901348
42,AI,HIGH_RATE,250,25,3,1,1.3,1.1,131.114365418533,58.6882548528445,211.385989610654,9.07794815735826,-211.385989610654,1,0,80.3328459204064,0,0,4.07999544672733,0
43,PID,LOW_RATE,40,8,15,1,1.3,1.1,1.20789855046477,7.0455247885489,6.82912538377209,9.99970489438603,-0.270429620312756,0,1,96.571670827899,0,0,0.154913138903069,0
43,ADRC,LOW_RATE,40,8,15,1,1.3,1.1,2.15655646395099,5.78839533779398,7.73649037482505,4.54516890958446,0.424179173146549,0,0,98.8266195625093,0,1,0.022461305301238,0.449815896083695
43,AI,LOW_RATE,40,8,15,1,1.3,1.1,1.79107242641354,6.05939599432954,6.96840573128011,9.51217125933159,-1.03722180754566,0,0,98.2797838529767,0,0,0.975642169034985,0
43,PID,MID_RATE,130,8,15,1,1.3,1.1,2.82454975912711,17.8543077088054,13.3872253611222,9.99999999963681,-0.277977473345259,0,0,100.632485041781,0,0,0.158356294369427,0
43,ADRC,MID_RATE,130,8,15,1,1.3,1.1,3.92759078607715,16.6339936368728,14.5552441135711,9.86191167104706,0.686432180411819,0,0,102.453081167642,0,1,0.0484934027893814,0.764394128748697
43,AI,MID_RATE,130,8,15,1,1.3,1.1,117.634899018892,49.2695633459252,199.657815738707,9.99052782512733,-199.657815738707,1,0,80.0295022447956,0,0,2.84342975867074,0
43,PID,HIGH_RATE,250,8,15,1,1.3,1.1,8.12410915358565,43.0567253322056,32.098691912129,10,-0.288850370803674,0,0,107.104026265927,0,0,0.159212246669953,0
43,ADRC,HIGH_RATE,250,8,15,1,1.3,1.1,8.91143427957054,39.7105616253801,32.098691912129,9.9999999999987,1.4192615157845,0,0,107.423118451729,0,1,0.0534806011343222,1.71455067295904
43,AI,HIGH_RATE,250,8,15,1,1.3,1.1,132.261488794183,58.3617338894788,215.741950896278,9.99952428128773,-215.741950896278,1,0,79.1944218946315,0,0,2.66448209022125,0
44,PID,LOW_RATE,40,25,15,1,1.3,1.1,1.32540153941838,14.678773677657,7.22426458301264,9.77394081891918,-0.587201210726066,0,1,96.7178420917941,0,14,5.67058298631813,0.0937388873305099
44,ADRC,LOW_RATE,40,25,15,1,1.3,1.1,2.20722034839396,6.58926753663538,8.14501097622074,3.68054471959037,0.433677526649019,0,0,98.8963223962915,0,1,0.062166495907894,0.459727058702053
44,AI,LOW_RATE,40,25,15,1,1.3,1.1,1.7381445954307,10.8339948755893,7.41908724600403,8.16342392894779,-0.986052132321813,0,1,97.0993416869936,0,6,1.59386784884878,1.90695820892082
44,PID,MID_RATE,130,25,15,1,1.3,1.1,3.2538700288062,24.2649574876235,15.2437301561238,9.99657746732997,-0.590174478390453,0,0,101.112356074741,0,0,5.47391986337352,0
44,ADRC,MID_RATE,130,25,15,1,1.3,1.1,4.09523308965419,18.8790959572431,15.8236710699108,8.66631533375153,0.703141904282669,0,0,102.511586750434,0,1,0.138643331885884,0.783412468868275
44,AI,MID_RATE,130,25,15,1,1.3,1.1,122.500409267162,51.4842474963357,207.433809518198,9.35586479683752,-207.433809518198,1,0,78.4524755127547,0,0,3.55704413661776,0
44,PID,HIGH_RATE,250,25,15,1,1.3,1.1,9.314319142302,50.2083945634857,36.1668199383559,9.99999436957714,-0.609985624980055,0,0,107.76069931094,0,0,5.10036329415156,0
44,ADRC,HIGH_RATE,250,25,15,1,1.3,1.1,10.0585652191081,44.4382617276231,36.1668199383559,9.99943115107611,1.58792749645569,0,0,107.897394754417,0,1,0.175448686540471,1.93684661051721
44,AI,HIGH_RATE,250,25,15,1,1.3,1.1,138.818015316552,61.718172100275,225.848078006026,9.46137302682575,-225.848078006026,1,0,77.4286536917165,0,0,3.34747195310734,0
45,PID,LOW_RATE,40,8,3,6,1.3,1.1,1.23960327509275,6.51892504164447,6.82899101101479,9.99908097453106,-0.270569644175522,0,1,96.6460641112839,0,0,0.0895771612400017,0
45,ADRC,LOW_RATE,40,8,3,6,1.3,1.1,2.15388789339553,5.39255583451446,7.57130358310782,4.79775249702145,0.423147701979403,0,0,98.8603161137632,0,1,0.0253076330203235,0.447831663631165
45,AI,LOW_RATE,40,8,3,6,1.3,1.1,4.64850275766528,4.50762110608311,6.95697771227252,9.62045516070881,-5.31101012131829,0,0,101.108863116111,0,0,0.80915898019817,0
45,PID,MID_RATE,130,8,3,6,1.3,1.1,2.86331453267419,17.4374227085409,13.3865289944812,9.99999999857664,-0.278156484327056,0,0,100.713234019136,0,0,0.104528041975232,0
45,ADRC,MID_RATE,130,8,3,6,1.3,1.1,3.94525644226974,15.6805918757704,13.899912458601,9.99357263471848,0.69726276276115,0,0,102.54098806113,0,1,0.052072807622495,0.776441939184349
45,AI,MID_RATE,130,8,3,6,1.3,1.1,116.157463541966,48.5522279632223,197.625031353414,9.99977981141595,-197.625031353414,1,0,80.4750724362844,0,0,4.54570902185981,0
45,PID,HIGH_RATE,250,8,3,6,1.3,1.1,8.17913899814079,42.4762833374567,32.0971804640046,10,-0.289097458476542,0,0,107.178539592959,0,0,0.120306574492999,0
45,ADRC,HIGH_RATE,250,8,3,6,1.3,1.1,9.30100132221019,39.0665177102675,32.0978524479646,9.99999999998018,1.49413188269423,0,0,107.643638250026,0,1,0.0544754438908461,1.81310227734799
45,AI,HIGH_RATE,250,8,3,6,1.3,1.1,131.404888742875,57.9230988685178,214.000377171923,9.99824530471053,-214.000377171923,1,0,79.5530129599582,0,0,4.23181675922699,0
46,PID,LOW_RATE,40,25,3,6,1.3,1.1,1.33794704080184,7.52260152734371,7.22396811603826,9.69003985089247,-0.271064285274022,0,1,96.7532894872373,0,0,0.363301726214283,0
46,ADRC,LOW_RATE,40,25,3,6,1.3,1.1,2.1994704585102,6.09711424344094,7.99052638533576,4.1426576721422,0.432752747095197,0,0,98.9296402739429,0,1,0.0655813531952633,0.457846809090467
46,AI,LOW_RATE,40,25,3,6,1.3,1.1,1.71837025050782,8.27782406504837,7.41307567785702,7.92310984668065,-1.01083278711177,0,0,96.9316218500947,0,2,1.67881298940132,0.493707303221667
46,PID,MID_RATE,130,25,3,6,1.3,1.1,3.30717954261162,20.3174728536448,15.2406999840158,9.99490385375732,-0.279337669471539,0,0,101.18514517687,0,0,0.391093876337328,0
46,ADRC,MID_RATE,130,25,3,6,1.3,1.1,4.179264499262,17.8665395328901,15.4211919709846,9.5025508878582,0.728277618763469,0,0,102.687266841486,0,1,0.141141962715363,0.813251992834673
46,AI,MID_RATE,130,25,3,6,1.3,1.1,117.608501812057,48.9877511583942,198.442798326323,9.34461352236304,-198.442798326323,1,0,80.2939611364861,0,0,4.42643833139271,0
46,PID,HIGH_RATE,250,25,3,6,1.3,1.1,9.38489706550589,47.7527980236645,36.1589889578132,9.99999107926653,-0.290153568270209,0,0,107.815532460419,0,0,0.421116312971397,0
46,ADRC,HIGH_RATE,250,25,3,6,1.3,1.1,10.3965499325516,43.5308401756861,36.1589889578132,9.99851530438746,1.65425693631708,0,0,108.068098813241,0,1,0.159225194382044,2.02387775280325
46,AI,HIGH_RATE,250,25,3,6,1.3,1.1,133.897300293655,59.7418282859812,216.739826111292,9.21069342236911,-216.739826111292,1,0,79.2419882553143,0,0,4.15937098943683,0
47,PID,LOW_RATE,40,8,15,6,1.3,1.1,1.19505955955904,7.4086829692017,6.82912538377209,9.99983284175606,-0.270342201913532,0,1,96.5358775272702,0,0,0.321222803081374,0
47,ADRC,LOW_RATE,40,8,15,6,1.3,1.1,2.1391813381576,5.77104480688311,7.70038981435365,4.67745003648421,0.421700542398135,0,0,98.8004929103575,0,1,0.0259364437873244,0.446856126049991
47,AI,LOW_RATE,40,8,15,6,1.3,1.1,1.822201617562,6.26333174845378,6.97037048091066,9.14327723908486,-1.07418034197492,0,0,98.3456104162179,0,0,1.035502395092,0
47,PID,MID_RATE,130,8,15,6,1.3,1.1,2.81161599591532,18.058519791678,13.3872253611222,9.99999999972566,-0.277898897426819,0,0,100.601611411188,0,0,0.315484754597362,0
47,ADRC,MID_RATE,130,8,15,6,1.3,1.1,3.89486440927083,16.6116655261139,14.4924402016542,9.92039357176114,0.681136346062041,0,0,102.417009289068,0,1,0.0553415949843473,0.757751019072106
47,AI,MID_RATE,130,8,15,6,1.3,1.1,119.670207990069,50.4284261993212,203.623098430615,9.99995755765695,-203.623098430615,1,0,79.2144025730778,0,0,2.9895492444593,0
47,PID,HIGH_RATE,250,8,15,6,1.3,1.1,8.10595912107338,43.2869000464959,32.098691912129,10,-0.288756570990392,0,0,107.075988102975,0,0,0.306113305003983,0
47,ADRC,HIGH_RATE,250,8,15,6,1.3,1.1,8.88653729657942,39.7716509712338,32.098691912129,9.99999999999927,1.4143846171882,0,0,107.408394698571,0,1,0.0614318938821049,1.70757489529284
47,AI,HIGH_RATE,250,8,15,6,1.3,1.1,135.007739045491,59.5037294188881,220.613517681304,9.99963622305341,-220.613517681304,1,0,78.2290416539515,0,0,2.76591418805006,0
48,PID,LOW_RATE,40,25,15,6,1.3,1.1,1.38105379975262,17.7218838004597,7.22426458301264,9.80227982233756,-0.841164573690642,0,1,96.8137138812911,0,16,6.18124882473353,0.204699930201878
48,ADRC,LOW_RATE,40,25,15,6,1.3,1.1,2.1906284190639,6.59618965723732,8.11815005548199,3.75123350265199,0.431194895604318,0,0,98.8703866613155,0,1,0.0656922184072233,0.456763208962657
48,AI,LOW_RATE,40,25,15,6,1.3,1.1,1.74339703494182,12.6311597962759,7.42091967696974,8.25916458764665,-1.14506417406214,0,0,96.1220225775712,0,4,1.60014573322334,2.7878858237964
48,PID,MID_RATE,130,25,15,6,1.3,1.1,3.26983575735459,26.2712283437701,15.2437301561238,9.9968446032776,-0.536352446582299,0,0,101.191619369213,0,6,6.00018490369371,0.0570835106686088
48,ADRC,MID_RATE,130,25,15,6,1.3,1.1,4.06525075909878,18.9100865653157,15.7837462712528,8.74953459364913,0.697902201379224,0,0,102.476195786467,0,1,0.146477866424602,0.776822082101547
48,AI,MID_RATE,130,25,15,6,1.3,1.1,7.32326079703746,18.8717937348231,17.1965949731545,9.39465110352387,-4.75137790472625,0,0,106.278382911756,0,0,1.89801081990428,0
48,PID,HIGH_RATE,250,25,15,6,1.3,1.1,9.30972883516026,51.3676804233937,36.1668199383559,9.99999436957714,-0.725127157512816,0,0,107.821611889709,0,0,5.66650840206421,0
48,ADRC,HIGH_RATE,250,25,15,6,1.3,1.1,10.034491044859,44.5265708254869,36.1668199383559,9.99943115107611,1.58297658307857,0,0,107.884543354719,0,1,0.186070056957587,1.92963039884571
48,AI,HIGH_RATE,250,25,15,6,1.3,1.1,141.110072373508,62.6649661192586,229.869147218116,9.50167493585715,-229.869147218116,1,0,76.6440104822148,0,0,3.44034608758949,0
