case_id,regime_id,regime_name,rate_center_deg_s,tau_actuator_ms,tau_sensor_ms,processing_delay_ms,aero_scale,thrust_scale,rms_theta_residual_deg,rms_rate_residual_deg_s,phase_lag_divergence_ms,aero_only_residual_deg,delay_only_residual_deg,actuator_only_residual_deg,sensor_only_residual_deg,processing_only_residual_deg,unstable_truth,delay_perturbed,aero_perturbed,comparison_valid,effect_margin_deg,effect_ratio,unstable_pred_nominal,stability_mismatch,dominant_source,control_limitation_regime,cp_ahead_share_truth,mean_static_margin_cal_truth,mean_abs_alpha_deg_truth,aero_model_required
1,1,LOW_RATE,40,8,3,1,0.85,0.9,0.123542169446754,2.80080659786947,8,0.123542169446754,0.00492801737477942,NaN,NaN,NaN,0,0,1,0,-0.118614152071975,0.0398893543544527,0,0,UNMATCHED,UNMATCHED,0,0.400000000000004,92.5792999216111,0
1,2,MID_RATE,130,8,3,1,0.85,0.9,0.759952303656481,11.8938015836772,22,0.759952303656481,0.021905680301343,NaN,NaN,NaN,0,0,1,0,-0.738046623355138,0.0288250725682977,0,0,UNMATCHED,UNMATCHED,0,0.400000000000004,97.1934243426451,0
1,3,HIGH_RATE,250,8,3,1,0.85,0.9,4.37389069984537,42.4818226399805,52,4.37389069984537,0.123232135517489,NaN,NaN,NaN,0,0,1,0,-4.25065856432788,0.0281744890245762,0,0,UNMATCHED,UNMATCHED,0,0.400000000000004,104.497475202233,0
2,1,LOW_RATE,40,25,3,1,0.85,0.9,0.817584571132205,15.6565968305965,20,0.123542169446754,0.694490901370678,NaN,NaN,NaN,0,1,1,1,0.570948731923924,5.62148863404895,0,0,DELAY,DELAY_LIMITED,0,0.400000000000004,92.409546611527,0
2,2,MID_RATE,130,25,3,1,0.85,0.9,3.04858566786754,37.2916613828544,50,0.759952303656481,2.25976096169069,NaN,NaN,NaN,0,1,1,1,1.49980865803421,2.97355630191256,0,0,DELAY,DELAY_LIMITED,0,0.400000000000004,97.1444035746604,0
2,3,HIGH_RATE,250,25,3,1,0.85,0.9,11.7590687397919,91.3375421686667,96,4.37389069984537,7.27527803037932,NaN,NaN,NaN,0,1,1,1,2.90138733053396,1.66334244032128,0,0,DELAY,MIXED_INTERACTION_LIMITED,0,0.400000000000004,104.557439639711,0
3,1,LOW_RATE,40,8,15,1,0.85,0.9,0.45191457028332,9.73447903957674,6,0.123542169446754,0.37947105940629,NaN,NaN,NaN,0,1,1,1,0.255928889959536,3.07159135302249,0,0,DELAY,DELAY_LIMITED,0,0.400000000000004,92.2528093932398,0
3,2,MID_RATE,130,8,15,1,0.85,0.9,1.64945860662096,24.4088903584777,26,0.759952303656481,1.05997490679536,NaN,NaN,NaN,0,1,1,1,0.300022603138882,1.39479135953051,0,0,DELAY,MIXED_INTERACTION_LIMITED,0,0.400000000000004,96.7831838880384,0
3,3,HIGH_RATE,250,8,15,1,0.85,0.9,7.60787973422906,67.9280223467254,64,4.37389069984537,3.72650500877764,NaN,NaN,NaN,0,1,1,1,-0.647385691067727,0.851988598825614,0,0,AERO,MIXED_INTERACTION_LIMITED,0,0.400000000000004,104.067865499732,0
4,1,LOW_RATE,40,25,15,1,0.85,0.9,3.13715313124996,50.1922502157348,486,0.123542169446754,2.94640390252608,NaN,NaN,NaN,0,1,1,1,2.82286173307933,23.8493780360233,0,0,DELAY,DELAY_LIMITED,0,0.400000000000004,92.1420170456493,0
4,2,MID_RATE,130,25,15,1,0.85,0.9,7.27884397373435,78.1268344330135,46,0.759952303656481,6.00108561727873,NaN,NaN,NaN,0,1,1,1,5.24113331362225,7.89666086727383,0,0,DELAY,DELAY_LIMITED,0,0.400000000000004,96.7594758894421,0
4,3,HIGH_RATE,250,25,15,1,0.85,0.9,20.7612980228812,139.024252443827,98,4.37389069984537,14.6429115387533,NaN,NaN,NaN,0,1,1,1,10.2690208389079,3.34780005802864,0,0,DELAY,DELAY_LIMITED,0,0.400000000000004,103.741565363013,0
5,1,LOW_RATE,40,8,3,6,0.85,0.9,0.149318277485646,3.64730030906234,8,0.123542169446754,0.0593011951296522,NaN,NaN,NaN,0,1,1,1,-0.064240974317102,0.480007720401985,0,0,AERO,AERO_LIMITED,0,0.400000000000004,92.5318816476244,0
5,2,MID_RATE,130,8,3,6,0.85,0.9,0.864836958360097,13.9957708917345,24,0.759952303656481,0.190699361766483,NaN,NaN,NaN,0,1,1,1,-0.569252941889998,0.250935961176696,0,0,AERO,AERO_LIMITED,0,0.400000000000004,97.1001790571738,0
5,3,HIGH_RATE,250,8,3,6,0.85,0.9,4.90307023673575,47.2311306339034,54,4.37389069984537,0.710241969332853,NaN,NaN,NaN,0,1,1,1,-3.66364873051251,0.162382194268815,0,0,AERO,AERO_LIMITED,0,0.400000000000004,104.381200872712,0
6,1,LOW_RATE,40,25,3,6,0.85,0.9,0.950112909862749,17.738942855512,404,0.123542169446754,0.834374941102687,NaN,NaN,NaN,0,1,1,1,0.710832771655933,6.75376630375831,0,0,DELAY,DELAY_LIMITED,0,0.400000000000004,92.3598792732352,0
6,2,MID_RATE,130,25,3,6,0.85,0.9,3.39596906572762,40.8236928809349,50,0.759952303656481,2.5912648710557,NaN,NaN,NaN,0,1,1,1,1.83131256739922,3.40977303258104,0,0,DELAY,DELAY_LIMITED,0,0.400000000000004,97.0716983692206,0
6,3,HIGH_RATE,250,25,3,6,0.85,0.9,12.6275177258849,96.9201488386968,96,4.37389069984537,8.08237355917377,NaN,NaN,NaN,0,1,1,1,3.70848285932841,1.84786820563658,0,0,DELAY,MIXED_INTERACTION_LIMITED,0,0.400000000000004,104.47675569728,0
7,1,LOW_RATE,40,8,15,6,0.85,0.9,0.564303543827968,11.6799309798787,4,0.123542169446754,0.50316515517881,NaN,NaN,NaN,0,1,1,1,0.379622985732056,4.07282110579798,0,0,DELAY,DELAY_LIMITED,0,0.400000000000004,92.19847033145,0
7,2,MID_RATE,130,8,15,6,0.85,0.9,1.95204688845027,27.7600054075277,26,0.759952303656481,1.40288821495398,NaN,NaN,NaN,0,1,1,1,0.642935911297504,1.84602139924314,0,0,DELAY,MIXED_INTERACTION_LIMITED,0,0.400000000000004,96.7064783048902,0
7,3,HIGH_RATE,250,8,15,6,0.85,0.9,8.68235032424165,75.1439519863197,66,4.37389069984537,4.64551568099639,NaN,NaN,NaN,0,1,1,1,0.271624981151025,1.06210145606991,0,0,DELAY,MIXED_INTERACTION_LIMITED,0,0.400000000000004,103.935010738559,0
8,1,LOW_RATE,40,25,15,6,0.85,0.9,4.56408259337736,62.9915740152513,502,0.123542169446754,4.24556892742554,NaN,NaN,NaN,0,1,1,1,4.12202675797879,34.3653421858951,0,0,DELAY,DELAY_LIMITED,0,0.400000000000004,92.2174497135923,0
8,2,MID_RATE,130,25,15,6,0.85,0.9,9.01434245759365,89.1429869596854,46,0.759952303656481,7.50368817749077,NaN,NaN,NaN,0,1,1,1,6.74373587383429,9.87389358698838,0,0,DELAY,DELAY_LIMITED,0,0.400000000000004,96.4904827067578,0
8,3,HIGH_RATE,250,25,15,6,0.85,0.9,22.9916801462043,145.197730305046,98,4.37389069984537,16.5676722877683,NaN,NaN,NaN,0,1,1,1,12.1937815879229,3.7878569504158,0,0,DELAY,DELAY_LIMITED,0,0.400000000000004,104.385992418403,0
9,1,LOW_RATE,40,8,3,1,1,0.9,0.118486628125344,2.7855940395896,8,0.118486628125344,0.00492801737477942,NaN,NaN,NaN,0,0,1,0,-0.113558610750565,0.0415913377969216,0,0,UNMATCHED,UNMATCHED,0,1.2,93.3574534609831,0
9,2,MID_RATE,130,8,3,1,1,0.9,0.746732626909528,11.6657634290499,22,0.746732626909528,0.021905680301343,NaN,NaN,NaN,0,0,1,0,-0.724826946608185,0.0293353732138412,0,0,UNMATCHED,UNMATCHED,0,1.2,97.9372006877826,0
9,3,HIGH_RATE,250,8,3,1,1,0.9,4.04373127795734,39.5305912677622,50,4.04373127795734,0.123232135517489,NaN,NaN,NaN,0,0,1,0,-3.92049914243985,0.0304748577605134,0,0,UNMATCHED,UNMATCHED,0,1.2,105.395801945066,0
10,1,LOW_RATE,40,25,3,1,1,0.9,0.813940663637497,15.6204403547356,20,0.118486628125344,0.694490901370678,NaN,NaN,NaN,0,1,1,1,0.576004273245334,5.86134412261266,0,0,DELAY,DELAY_LIMITED,0,1.2,93.1956975846395,0
10,2,MID_RATE,130,25,3,1,1,0.9,2.99941109702869,36.8831174271435,50,0.746732626909528,2.25976096169069,NaN,NaN,NaN,0,1,1,1,1.51302833478117,3.02619824051759,0,0,DELAY,DELAY_LIMITED,0,1.2,97.9583885561247,0
10,3,HIGH_RATE,250,25,3,1,1,0.9,10.9092278448632,86.8094414700826,96,4.04373127795734,7.27527803037932,NaN,NaN,NaN,0,1,1,1,3.23154675242198,1.79914972838017,0,0,DELAY,MIXED_INTERACTION_LIMITED,0,1.2,105.875797479805,0
11,1,LOW_RATE,40,8,15,1,1,0.9,0.449119452600902,9.70926417060199,4,0.118486628125344,0.37947105940629,NaN,NaN,NaN,0,1,1,1,0.260984431280946,3.20264881708725,0,0,DELAY,DELAY_LIMITED,0,1.2,93.0364941566151,0
11,2,MID_RATE,130,8,15,1,1,0.9,1.62069919923038,24.1566024484294,26,0.746732626909528,1.05997490679536,NaN,NaN,NaN,0,1,1,1,0.313242279885835,1.41948385352096,0,0,DELAY,MIXED_INTERACTION_LIMITED,0,1.2,97.5521898278428,0
11,3,HIGH_RATE,250,8,15,1,1,0.9,7.03615167978542,64.3195578597736,62,4.04373127795734,3.72650500877764,NaN,NaN,NaN,0,1,1,1,-0.3172262691797,0.921551100363933,0,0,AERO,MIXED_INTERACTION_LIMITED,0,1.2,105.155529696484,0
12,1,LOW_RATE,40,25,15,1,1,0.9,3.03622619666971,49.1186758164313,486,0.118486628125344,2.94640390252608,NaN,NaN,NaN,0,1,1,1,2.82791727440074,24.8669740133811,0,0,DELAY,DELAY_LIMITED,0,1.2,93.1296730251037,0
12,2,MID_RATE,130,25,15,1,1,0.9,6.91443960185402,75.2924729314728,46,0.746732626909528,6.00108561727873,NaN,NaN,NaN,0,1,1,1,5.25435299036921,8.03645829982705,0,0,DELAY,DELAY_LIMITED,0,1.2,97.969432454549,0
12,3,HIGH_RATE,250,25,15,1,1,0.9,18.6063672175951,130.41406127222,98,4.04373127795734,14.6429115387533,NaN,NaN,NaN,0,1,1,1,10.5991802607959,3.62113862970391,0,0,DELAY,DELAY_LIMITED,0,1.2,105.250216353816,0
13,1,LOW_RATE,40,8,3,6,1,0.9,0.14515613312707,3.62829951322462,8,0.118486628125344,0.0593011951296522,NaN,NaN,NaN,0,1,1,1,-0.0591854329956918,0.50048850294667,0,0,AERO,AERO_LIMITED,0,1.2,93.3108022540892,0
13,2,MID_RATE,130,8,3,6,1,0.9,0.845452753763895,13.733708855506,22,0.746732626909528,0.190699361766483,NaN,NaN,NaN,0,1,1,1,-0.556033265143045,0.255378370911316,0,0,AERO,AERO_LIMITED,0,1.2,97.8495373042207,0
13,3,HIGH_RATE,250,8,3,6,1,0.9,4.41662752931695,43.3973643505839,52,4.04373127795734,0.710241969332853,NaN,NaN,NaN,0,1,1,1,-3.33348930862448,0.175640249193717,0,0,AERO,AERO_LIMITED,0,1.2,105.383003040726,0
14,1,LOW_RATE,40,25,3,6,1,0.9,0.946258285255291,17.6945124877455,404,0.118486628125344,0.834374941102687,NaN,NaN,NaN,0,1,1,1,0.715888312977343,7.04193337513177,0,0,DELAY,DELAY_LIMITED,0,1.2,93.1498429408095,0
14,2,MID_RATE,130,25,3,6,1,0.9,3.35831692981126,40.5085418958909,50,0.746732626909528,2.5912648710557,NaN,NaN,NaN,0,1,1,1,1.84453224414617,3.47013747314091,0,0,DELAY,DELAY_LIMITED,0,1.2,97.9158601226196,0
14,3,HIGH_RATE,250,25,3,6,1,0.9,11.8168954373185,92.5271774056531,96,4.04373127795734,8.08237355917377,NaN,NaN,NaN,0,1,1,1,4.03864228121643,1.99874150966246,0,0,DELAY,MIXED_INTERACTION_LIMITED,0,1.2,105.814781014422,0
15,1,LOW_RATE,40,8,15,6,1,0.9,0.561995943984984,11.6646094348557,4,0.118486628125344,0.50316515517881,NaN,NaN,NaN,0,1,1,1,0.384678527053466,4.24659865117036,0,0,DELAY,DELAY_LIMITED,0,1.2,92.9846624314721,0
15,2,MID_RATE,130,8,15,6,1,0.9,1.9187150066855,27.4723509077638,26,0.746732626909528,1.40288821495398,NaN,NaN,NaN,0,1,1,1,0.656155588044457,1.87870218120783,0,0,DELAY,MIXED_INTERACTION_LIMITED,0,1.2,97.4950357006026,0
15,3,HIGH_RATE,250,8,15,6,1,0.9,7.78899216468281,69.8196520995278,64,4.04373127795734,4.64551568099639,NaN,NaN,NaN,0,1,1,1,0.601784403039052,1.14881908852832,0,0,DELAY,MIXED_INTERACTION_LIMITED,0,1.2,105.185008293443,0
16,1,LOW_RATE,40,25,15,6,1,0.9,4.32812947933015,60.9918517625802,502,0.118486628125344,4.24556892742554,NaN,NaN,NaN,0,1,1,1,4.1270822993002,35.8316292276818,0,0,DELAY,DELAY_LIMITED,0,1.2,93.1761298538558,0
16,2,MID_RATE,130,25,15,6,1,0.9,8.41894882581872,85.5520404615771,46,0.746732626909528,7.50368817749077,NaN,NaN,NaN,0,1,1,1,6.75695555058124,10.0486946827889,0,0,DELAY,DELAY_LIMITED,0,1.2,98.0332656151581,0
16,3,HIGH_RATE,250,25,15,6,1,0.9,20.8848482062292,139.947094516167,98,4.04373127795734,16.5676722877683,NaN,NaN,NaN,0,1,1,1,12.5239410098109,4.09712494449862,0,0,DELAY,DELAY_LIMITED,0,1.2,105.484902927364,0
17,1,LOW_RATE,40,8,3,1,1.3,0.9,0.128972087679807,2.75334066384057,8,0.128972087679807,0.00492801737477942,NaN,NaN,NaN,0,0,1,0,-0.124044070305027,0.0382099527380993,0,0,UNMATCHED,UNMATCHED,0,2.79999999999997,94.9918701318364,0
17,2,MID_RATE,130,8,3,1,1.3,0.9,0.723233828374187,11.1577447939273,22,0.723233828374187,0.021905680301343,NaN,NaN,NaN,0,0,1,0,-0.701328148072844,0.0302885172705299,0,0,UNMATCHED,UNMATCHED,0,2.79999999999997,99.5089813015108,0
17,3,HIGH_RATE,250,8,3,1,1.3,0.9,3.50491999536907,33.5598196396829,46,3.50491999536907,0.123232135517489,NaN,NaN,NaN,0,0,1,0,-3.38168785985158,0.0351597570501784,0,0,UNMATCHED,UNMATCHED,0,2.79999999999997,107.222345181294,0
18,1,LOW_RATE,40,25,3,1,1.3,0.9,0.80977827046202,15.5494794985147,20,0.128972087679807,0.694490901370678,NaN,NaN,NaN,0,1,1,1,0.565518813690871,5.38481553539599,0,0,DELAY,DELAY_LIMITED,0,2.79999999999997,94.8464696583564,0
18,2,MID_RATE,130,25,3,1,1.3,0.9,2.90120041082178,36.042377572171,50,0.723233828374187,2.25976096169069,NaN,NaN,NaN,0,1,1,1,1.53652713331651,3.12452331878693,0,0,DELAY,DELAY_LIMITED,0,2.79999999999997,99.6648887826818,0
18,3,HIGH_RATE,250,25,3,1,1.3,0.9,9.45517423133676,78.26791972983,94,3.50491999536907,7.27527803037932,NaN,NaN,NaN,0,1,1,1,3.77035803501025,2.0757329810643,0,0,DELAY,MIXED_INTERACTION_LIMITED,0,2.79999999999997,108.246936548951,0
19,1,LOW_RATE,40,8,15,1,1.3,0.9,0.449141840740709,9.66135660746437,4,0.128972087679807,0.37947105940629,NaN,NaN,NaN,0,1,1,1,0.250498971726483,2.94227275244536,0,0,DELAY,DELAY_LIMITED,0,2.79999999999997,94.6820203055425,0
19,2,MID_RATE,130,8,15,1,1.3,0.9,1.56613747049552,23.6579247705764,26,0.723233828374187,1.05997490679536,NaN,NaN,NaN,0,1,1,1,0.336741078421175,1.46560471207239,0,0,DELAY,MIXED_INTERACTION_LIMITED,0,2.79999999999997,99.172796053075,0
19,3,HIGH_RATE,250,8,15,1,1.3,0.9,6.00168707802842,57.0843836823628,58,3.50491999536907,3.72650500877764,NaN,NaN,NaN,0,1,1,1,0.221585013408569,1.06322113306476,0,0,DELAY,MIXED_INTERACTION_LIMITED,0,2.79999999999997,107.245333765028,0
20,1,LOW_RATE,40,25,15,1,1.3,0.9,2.88086236533537,46.9488873775393,486,0.128972087679807,2.94640390252608,NaN,NaN,NaN,0,1,1,1,2.81743181484628,22.845283468164,0,0,DELAY,DELAY_LIMITED,0,2.79999999999997,95.1297809730374,0
20,2,MID_RATE,130,25,15,1,1.3,0.9,6.34870890100122,70.1562019129839,46,0.723233828374187,6.00108561727873,NaN,NaN,NaN,0,1,1,1,5.27785178890455,8.29757318012769,0,0,DELAY,DELAY_LIMITED,0,2.79999999999997,100.224895308963,0
20,3,HIGH_RATE,250,25,15,1,1.3,0.9,15.1254636775314,114.502310330877,98,3.50491999536907,14.6429115387533,NaN,NaN,NaN,0,1,1,1,11.1379915433842,4.17781620068373,0,0,DELAY,DELAY_LIMITED,0,2.79999999999997,108.736985246609,0
21,1,LOW_RATE,40,8,3,6,1.3,0.9,0.153866331328564,3.58797738544713,8,0.128972087679807,0.0593011951296522,NaN,NaN,NaN,0,1,1,1,-0.0696708925501545,0.459798675794693,0,0,AERO,AERO_LIMITED,0,2.79999999999997,94.9467019190603,0
21,2,MID_RATE,130,8,3,6,1.3,0.9,0.813492750541593,13.2379721376122,22,0.723233828374187,0.190699361766483,NaN,NaN,NaN,0,1,1,1,-0.532534466607704,0.26367594308354,0,0,AERO,AERO_LIMITED,0,2.79999999999997,99.4274243719323,0
21,3,HIGH_RATE,250,8,3,6,1.3,0.9,3.8826673094877,38.1811770131267,50,3.50491999536907,0.710241969332853,NaN,NaN,NaN,0,1,1,1,-2.79467802603622,0.202641421279593,0,0,AERO,AERO_LIMITED,0,2.79999999999997,107.191756963392,0
22,1,LOW_RATE,40,25,3,6,1.3,0.9,0.94157282260191,17.5977769670988,404,0.128972087679807,0.834374941102687,NaN,NaN,NaN,0,1,1,1,0.705402853422881,6.46942261781598,0,0,DELAY,DELAY_LIMITED,0,2.79999999999997,94.8073571774174,0
22,2,MID_RATE,130,25,3,6,1.3,0.9,3.25688126329458,39.5895295724131,50,0.723233828374187,2.5912648710557,NaN,NaN,NaN,0,1,1,1,1.86803104268151,3.58288670882667,0,0,DELAY,DELAY_LIMITED,0,2.79999999999997,99.6695100268467,0
22,3,HIGH_RATE,250,25,3,6,1.3,0.9,10.2589273227036,83.6653648828031,94,3.50491999536907,8.08237355917377,NaN,NaN,NaN,0,1,1,1,4.5774535638047,2.30600800299372,0,0,DELAY,MIXED_INTERACTION_LIMITED,0,2.79999999999997,108.370313224197,0
23,1,LOW_RATE,40,8,15,6,1.3,0.9,0.561836173600363,11.6344429430755,4,0.128972087679807,0.50316515517881,NaN,NaN,NaN,0,1,1,1,0.374193067499004,3.90134923168799,0,0,DELAY,DELAY_LIMITED,0,2.79999999999997,94.634986902167,0
23,2,MID_RATE,130,8,15,6,1.3,0.9,1.8460390442588,26.8144486068716,26,0.723233828374187,1.40288821495398,NaN,NaN,NaN,0,1,1,1,0.679654386579797,1.93974363465222,0,0,DELAY,MIXED_INTERACTION_LIMITED,0,2.79999999999997,99.1379987420836,0
23,3,HIGH_RATE,250,8,15,6,1.3,0.9,6.84130840941243,63.3068471210691,60,3.50491999536907,4.64551568099639,NaN,NaN,NaN,0,1,1,1,1.14059568562732,1.32542702462092,0,0,DELAY,MIXED_INTERACTION_LIMITED,0,2.79999999999997,107.294131082094,0
24,1,LOW_RATE,40,25,15,6,1.3,0.9,4.00147749118941,57.6985244565766,502,0.128972087679807,4.24556892742554,NaN,NaN,NaN,0,1,1,1,4.11659683974574,32.9185097628708,0,0,DELAY,DELAY_LIMITED,0,2.79999999999997,95.3881913289725,0
24,2,MID_RATE,130,25,15,6,1.3,0.9,7.6121219989833,79.4965257721328,46,0.723233828374187,7.50368817749077,NaN,NaN,NaN,0,1,1,1,6.78045434911658,10.3751897147274,0,0,DELAY,DELAY_LIMITED,0,2.79999999999997,100.27935373926,0
24,3,HIGH_RATE,250,25,15,6,1.3,0.9,16.7071938995488,122.029701758771,98,3.50491999536907,16.5676722877683,NaN,NaN,NaN,0,1,1,1,13.0627522923992,4.72697588237637,0,0,DELAY,DELAY_LIMITED,0,2.79999999999997,109.030241467999,0
25,1,LOW_RATE,40,8,3,1,0.85,1.1,0.0940978106006958,2.20298726053658,6,0.0940978106006958,0.00492801737477942,NaN,NaN,NaN,0,0,1,0,-0.0891697932259163,0.0523712224898778,0,0,UNMATCHED,UNMATCHED,0,0.400000000000004,92.4578120778571,0
25,2,MID_RATE,130,8,3,1,0.85,1.1,0.534475343606147,8.80814364624806,16,0.534475343606147,0.021905680301343,NaN,NaN,NaN,0,0,1,0,-0.512569663304804,0.0409853898096472,0,0,UNMATCHED,UNMATCHED,0,0.400000000000004,95.9725629500394,0
25,3,HIGH_RATE,250,8,3,1,0.85,1.1,2.69755102998687,29.0179688912195,36,2.69755102998687,0.123232135517489,NaN,NaN,NaN,0,0,1,0,-2.57431889446938,0.0456829673090888,0,0,UNMATCHED,UNMATCHED,0,0.400000000000004,101.45364980714,0
26,1,LOW_RATE,40,25,3,1,0.85,1.1,0.605591255821442,12.8590780963473,6,0.0940978106006958,0.694490901370678,NaN,NaN,NaN,0,1,1,1,0.600393090769982,7.38052136322014,0,0,DELAY,DELAY_LIMITED,0,0.400000000000004,92.2402272306937,0
26,2,MID_RATE,130,25,3,1,0.85,1.1,1.75198107362598,26.1196968583821,12,0.534475343606147,2.25976096169069,NaN,NaN,NaN,0,1,1,1,1.72528561808455,4.22799851990161,0,0,DELAY,DELAY_LIMITED,0,0.400000000000004,95.8679775666372,0
26,3,HIGH_RATE,250,25,3,1,0.85,1.1,5.25027413058043,52.8357298570724,12,2.69755102998687,7.27527803037932,NaN,NaN,NaN,0,1,1,1,4.57772700039245,2.69699366184547,0,0,DELAY,DELAY_LIMITED,0,0.400000000000004,101.582824182035,0
27,1,LOW_RATE,40,8,15,1,0.85,1.1,0.357688437958927,7.09018219415513,8,0.0940978106006958,0.37947105940629,NaN,NaN,NaN,0,1,1,1,0.285373248805594,4.03272995390484,0,0,DELAY,DELAY_LIMITED,0,0.400000000000004,92.1479532243488,0
27,2,MID_RATE,130,8,15,1,0.85,1.1,0.924566772004382,12.923064861633,14,0.534475343606147,1.05997490679536,NaN,NaN,NaN,0,1,1,1,0.525499563189216,1.98320637139897,0,0,DELAY,MIXED_INTERACTION_LIMITED,0,0.400000000000004,95.5614145780553,0
27,3,HIGH_RATE,250,8,15,1,0.85,1.1,3.166557460009,29.5606524193348,24,2.69755102998687,3.72650500877764,NaN,NaN,NaN,0,1,1,1,1.02895397879077,1.38144004222814,0,0,DELAY,MIXED_INTERACTION_LIMITED,0,0.400000000000004,101.072131467242,0
28,1,LOW_RATE,40,25,15,1,0.85,1.1,3.01491342564154,53.6139183626035,428,0.0940978106006958,2.94640390252608,NaN,NaN,NaN,0,1,1,1,2.85230609192539,31.3121408852875,0,0,DELAY,DELAY_LIMITED,0,0.400000000000004,91.9958990315621,0
28,2,MID_RATE,130,25,15,1,0.85,1.1,5.66009035861381,72.3064440701276,600,0.534475343606147,6.00108561727873,NaN,NaN,NaN,0,1,1,1,5.46661027367259,11.2279933753145,0,0,DELAY,DELAY_LIMITED,0,0.400000000000004,95.5805001208645,0
28,3,HIGH_RATE,250,25,15,1,0.85,1.1,13.401205956424,113.339406950458,22,2.69755102998687,14.6429115387533,NaN,NaN,NaN,0,1,1,1,11.9453605087664,5.42822410993445,0,0,DELAY,DELAY_LIMITED,0,0.400000000000004,101.109574049577,0
29,1,LOW_RATE,40,8,3,6,0.85,1.1,0.101904812251003,1.8570397553877,8,0.0940978106006958,0.0593011951296522,NaN,NaN,NaN,0,1,1,1,-0.0347966154710436,0.630208022387438,0,0,AERO,AERO_LIMITED,0,0.400000000000004,92.4152460669799,0
29,2,MID_RATE,130,8,3,6,0.85,1.1,0.518526381602978,7.57163326204982,16,0.534475343606147,0.190699361766483,NaN,NaN,NaN,0,1,1,1,-0.343775981839664,0.356797304212052,0,0,AERO,AERO_LIMITED,0,0.400000000000004,95.8767057622308,0
29,3,HIGH_RATE,250,8,3,6,0.85,1.1,2.58317824112562,26.1083743204884,36,2.69755102998687,0.710241969332853,NaN,NaN,NaN,0,1,1,1,-1.98730906065402,0.263291393355517,0,0,AERO,AERO_LIMITED,0,0.400000000000004,101.411108920063,0
30,1,LOW_RATE,40,25,3,6,0.85,1.1,0.748123244765888,15.4315812691232,4,0.0940978106006958,0.834374941102687,NaN,NaN,NaN,0,1,1,1,0.740277130501992,8.86710260075401,0,0,DELAY,DELAY_LIMITED,0,0.400000000000004,92.1868171748098,0
30,2,MID_RATE,130,25,3,6,0.85,1.1,2.0956460100283,30.3089504140085,12,0.534475343606147,2.5912648710557,NaN,NaN,NaN,0,1,1,1,2.05678952744956,4.84824024541944,0,0,DELAY,DELAY_LIMITED,0,0.400000000000004,95.797664605289,0
30,3,HIGH_RATE,250,25,3,6,0.85,1.1,6.0440179400692,59.4485443372622,14,2.69755102998687,8.08237355917377,NaN,NaN,NaN,0,1,1,1,5.3848225291869,2.99618930998058,0,0,DELAY,DELAY_LIMITED,0,0.400000000000004,101.538761222433,0
31,1,LOW_RATE,40,8,15,6,0.85,1.1,0.473346337426201,9.66818218372811,8,0.0940978106006958,0.50316515517881,NaN,NaN,NaN,0,1,1,1,0.409067344578115,5.34725677427281,0,0,DELAY,DELAY_LIMITED,0,0.400000000000004,92.0956589684281,0
31,2,MID_RATE,130,8,15,6,0.85,1.1,1.17062238505847,17.1254698132095,12,0.534475343606147,1.40288821495398,NaN,NaN,NaN,0,1,1,1,0.868412871347838,2.62479501016565,0,0,DELAY,DELAY_LIMITED,0,0.400000000000004,95.4993654067289,0
31,3,HIGH_RATE,250,8,15,6,0.85,1.1,3.88704953447846,37.9411831085542,22,2.69755102998687,4.64551568099639,NaN,NaN,NaN,0,1,1,1,1.94796465100952,1.72212337388813,0,0,DELAY,MIXED_INTERACTION_LIMITED,0,0.400000000000004,101.028568433413,0
32,1,LOW_RATE,40,25,15,6,0.85,1.1,4.45500515466629,67.9610693168287,446,0.0940978106006958,4.24556892742554,NaN,NaN,NaN,0,1,1,1,4.15147111682485,45.1186791735424,0,0,DELAY,DELAY_LIMITED,0,0.400000000000004,92.0862536517966,0
32,2,MID_RATE,130,25,15,6,0.85,1.1,7.29418518171148,85.7857325515205,600,0.534475343606147,7.50368817749077,NaN,NaN,NaN,0,1,1,1,6.96921283388462,14.0393532971284,0,0,DELAY,DELAY_LIMITED,0,0.400000000000004,95.5925702250319,0
32,3,HIGH_RATE,250,25,15,6,0.85,1.1,15.5073630085079,124.822867465851,24,2.69755102998687,16.5676722877683,NaN,NaN,NaN,0,1,1,1,13.8701212577814,6.14174564395503,0,0,DELAY,DELAY_LIMITED,0,0.400000000000004,100.759065636503,0
33,1,LOW_RATE,40,8,3,1,1,1.1,0.0911358134222,2.21433670672816,6,0.0911358134222,0.00492801737477942,NaN,NaN,NaN,0,0,1,0,-0.0862077960474206,0.0540733350559967,0,0,UNMATCHED,UNMATCHED,0,1.2,93.4221196723116,0
33,2,MID_RATE,130,8,3,1,1,1.1,0.53913941814342,8.96983655217016,16,0.53913941814342,0.021905680301343,NaN,NaN,NaN,0,0,1,0,-0.517233737842077,0.0406308267660662,0,0,UNMATCHED,UNMATCHED,0,1.2,96.8784614310069,0
33,3,HIGH_RATE,250,8,3,1,1,1.1,2.82042825541547,30.8319304439913,36,2.82042825541547,0.123232135517489,NaN,NaN,NaN,0,0,1,0,-2.69719611989798,0.0436927035037578,0,0,UNMATCHED,UNMATCHED,0,1.2,102.414788762694,0
34,1,LOW_RATE,40,25,3,1,1,1.1,0.601784294780329,12.8115086127426,6,0.0911358134222,0.694490901370678,NaN,NaN,NaN,0,1,1,1,0.603355087948478,7.62039504879763,0,0,DELAY,DELAY_LIMITED,0,1.2,93.215209739034,0
34,2,MID_RATE,130,25,3,1,1,1.1,1.70388881479114,25.587520189794,12,0.53913941814342,2.25976096169069,NaN,NaN,NaN,0,1,1,1,1.72062154354727,4.19142226601127,0,0,DELAY,DELAY_LIMITED,0,1.2,96.8322115755624,0
34,3,HIGH_RATE,250,25,3,1,1,1.1,4.58466479338715,47.7451512817852,10,2.82042825541547,7.27527803037932,NaN,NaN,NaN,0,1,1,1,4.45484977496385,2.57949409505813,0,0,DELAY,DELAY_LIMITED,0,1.2,102.833373910098,0
35,1,LOW_RATE,40,8,15,1,1,1.1,0.355600849852017,7.06008186759949,8,0.0911358134222,0.37947105940629,NaN,NaN,NaN,0,1,1,1,0.28833524598409,4.16379736085017,0,0,DELAY,DELAY_LIMITED,0,1.2,93.1219359439701,0
35,2,MID_RATE,130,8,15,1,1,1.1,0.905858211899196,12.61842054842,14,0.53913941814342,1.05997490679536,NaN,NaN,NaN,0,1,1,1,0.520835488651942,1.96604972874269,0,0,DELAY,MIXED_INTERACTION_LIMITED,0,1.2,96.4941008224215,0
35,3,HIGH_RATE,250,8,15,1,1,1.1,2.96619703766407,27.0889619098516,26,2.82042825541547,3.72650500877764,NaN,NaN,NaN,0,1,1,1,0.906076753362167,1.32125502629695,0,0,DELAY,MIXED_INTERACTION_LIMITED,0,1.2,102.164735446733,0
36,1,LOW_RATE,40,25,15,1,1,1.1,2.89844821564481,52.0877647679094,428,0.0911358134222,2.94640390252608,NaN,NaN,NaN,0,1,1,1,2.85526808910388,32.3298140641642,0,0,DELAY,DELAY_LIMITED,0,1.2,93.2684074686488,0
36,2,MID_RATE,130,25,15,1,1,1.1,5.34923456162187,69.2325595726627,600,0.53913941814342,6.00108561727873,NaN,NaN,NaN,0,1,1,1,5.46194619913531,11.1308604329916,0,0,DELAY,DELAY_LIMITED,0,1.2,96.881286090518,0
36,3,HIGH_RATE,250,25,15,1,1,1.1,11.6943732873458,103.596912342627,20,2.82042825541547,14.6429115387533,NaN,NaN,NaN,0,1,1,1,11.8224832833378,5.19173338681371,0,0,DELAY,DELAY_LIMITED,0,1.2,102.834807557638,0
37,1,LOW_RATE,40,8,3,6,1,1.1,0.0996083472585882,1.86851758734225,8,0.0911358134222,0.0593011951296522,NaN,NaN,NaN,0,1,1,1,-0.0318346182925478,0.650690358738894,0,0,AERO,AERO_LIMITED,0,1.2,93.3809142233387,0
37,2,MID_RATE,130,8,3,6,1,1.1,0.52087300241979,7.76411581930143,16,0.53913941814342,0.190699361766483,NaN,NaN,NaN,0,1,1,1,-0.348440056376937,0.353710664345737,0,0,AERO,AERO_LIMITED,0,1.2,96.7858936298616,0
37,3,HIGH_RATE,250,8,3,6,1,1.1,2.72891552289816,28.8229995961859,36,2.82042825541547,0.710241969332853,NaN,NaN,NaN,0,1,1,1,-2.11018628608262,0.251820611982994,0,0,AERO,AERO_LIMITED,0,1.2,102.41314534794,0
38,1,LOW_RATE,40,25,3,6,1,1.1,0.746178172534566,15.4152657613266,4,0.0911358134222,0.834374941102687,NaN,NaN,NaN,0,1,1,1,0.743239127680487,9.15529153437544,0,0,DELAY,DELAY_LIMITED,0,1.2,93.169256603169,0
38,2,MID_RATE,130,25,3,6,1,1.1,2.05686899524859,29.8802739769941,12,0.53913941814342,2.5912648710557,NaN,NaN,NaN,0,1,1,1,2.05212545291228,4.80629830402492,0,0,DELAY,DELAY_LIMITED,0,1.2,96.7958855092874,0
38,3,HIGH_RATE,250,25,3,6,1,1.1,5.54697492394946,55.4821434002435,12,2.82042825541547,8.08237355917377,NaN,NaN,NaN,0,1,1,1,5.2619453037583,2.8656547258931,0,0,DELAY,DELAY_LIMITED,0,1.2,102.828974106208,0
39,1,LOW_RATE,40,8,15,6,1,1.1,0.471020822862403,9.62754645191245,8,0.0911358134222,0.50316515517881,NaN,NaN,NaN,0,1,1,1,0.41202934175661,5.52104750355191,0,0,DELAY,DELAY_LIMITED,0,1.2,93.0715000327785,0
39,2,MID_RATE,130,8,15,6,1,1.1,1.14898108549103,16.8156603354862,12,0.53913941814342,1.40288821495398,NaN,NaN,NaN,0,1,1,1,0.863748796810564,2.6020880086731,0,0,DELAY,DELAY_LIMITED,0,1.2,96.4407640244493,0
39,3,HIGH_RATE,250,8,15,6,1,1.1,3.45181004191194,33.5302439487313,24,2.82042825541547,4.64551568099639,NaN,NaN,NaN,0,1,1,1,1.82508742558092,1.6470958522262,0,0,DELAY,MIXED_INTERACTION_LIMITED,0,1.2,102.18468931217,0
40,1,LOW_RATE,40,25,15,6,1,1.1,4.20974539552241,65.3676219025986,446,0.0911358134222,4.24556892742554,NaN,NaN,NaN,0,1,1,1,4.15443311400334,46.585077457501,0,0,DELAY,DELAY_LIMITED,0,1.2,93.3025122831473,0
40,2,MID_RATE,130,25,15,6,1,1.1,6.81278816156432,81.7548124122351,600,0.53913941814342,7.50368817749077,NaN,NaN,NaN,0,1,1,1,6.96454875934735,13.9178993873801,0,0,DELAY,DELAY_LIMITED,0,1.2,96.883095514755,0
40,3,HIGH_RATE,250,25,15,6,1,1.1,13.6284882951994,115.024594342849,22,2.82042825541547,16.5676722877683,NaN,NaN,NaN,0,1,1,1,13.7472440323528,5.87416902236633,0,0,DELAY,DELAY_LIMITED,0,1.2,102.89700256358,0
41,1,LOW_RATE,40,8,3,1,1.3,1.1,0.120736204063711,2.23861341677621,8,0.120736204063711,0.00492801737477942,NaN,NaN,NaN,0,0,1,0,-0.115808186688932,0.0408164014513737,0,0,UNMATCHED,UNMATCHED,0,2.79999999999997,95.4047818396521,0
41,2,MID_RATE,130,8,3,1,1.3,1.1,0.556624151572251,9.30085854293996,16,0.556624151572251,0.021905680301343,NaN,NaN,NaN,0,0,1,0,-0.534718471270908,0.0393545271786498,0,0,UNMATCHED,UNMATCHED,0,2.79999999999997,98.7561194807671,0
41,3,HIGH_RATE,250,8,3,1,1.3,1.1,3.07638205156847,33.9978795023087,38,3.07638205156847,0.123232135517489,NaN,NaN,NaN,0,0,1,0,-2.95314991605099,0.0400574874810038,0,0,UNMATCHED,UNMATCHED,0,2.79999999999997,104.377485965216,0
42,1,LOW_RATE,40,25,3,1,1.3,1.1,0.600133098464408,12.7101996307447,6,0.120736204063711,0.694490901370678,NaN,NaN,NaN,0,1,1,1,0.573754697306966,5.75213463729738,0,0,DELAY,DELAY_LIMITED,0,2.79999999999997,95.2180111884248,0
42,2,MID_RATE,130,25,3,1,1.3,1.1,1.61992515482095,24.5818855645562,12,0.556624151572251,2.25976096169069,NaN,NaN,NaN,0,1,1,1,1.70313681011844,4.05976089127238,0,0,DELAY,DELAY_LIMITED,0,2.79999999999997,98.8182606976262,0
42,3,HIGH_RATE,250,25,3,1,1.3,1.1,3.46644022830201,38.2371091791094,6,3.07638205156847,7.27527803037932,NaN,NaN,NaN,0,1,1,1,4.19889597881085,2.36488118459476,0,0,DELAY,MIXED_INTERACTION_LIMITED,0,2.79999999999997,105.17680042708,0
43,1,LOW_RATE,40,8,15,1,1.3,1.1,0.361747794513174,7.00255949749771,8,0.120736204063711,0.37947105940629,NaN,NaN,NaN,0,1,1,1,0.258734855342579,3.14297656075096,0,0,DELAY,DELAY_LIMITED,0,2.79999999999997,95.122640823332,0
43,2,MID_RATE,130,8,15,1,1.3,1.1,0.875414755124945,12.0370185627818,14,0.556624151572251,1.05997490679536,NaN,NaN,NaN,0,1,1,1,0.503350755223112,1.90429197835081,0,0,DELAY,MIXED_INTERACTION_LIMITED,0,2.79999999999997,98.4217737559762,0
43,3,HIGH_RATE,250,8,15,1,1.3,1.1,2.80941889573557,24.3188278213468,30,3.07638205156847,3.72650500877764,NaN,NaN,NaN,0,1,1,1,0.650122957209163,1.21132711942514,0,0,DELAY,MIXED_INTERACTION_LIMITED,0,2.79999999999997,104.320802229211,0
44,1,LOW_RATE,40,25,15,1,1.3,1.1,2.73480183553695,49.2765642060287,428,0.120736204063711,2.94640390252608,NaN,NaN,NaN,0,1,1,1,2.82566769846237,24.4036486435444,0,0,DELAY,DELAY_LIMITED,0,2.79999999999997,95.5911446933871,0
44,2,MID_RATE,130,25,15,1,1.3,1.1,4.88527868963174,64.0704384174706,600,0.556624151572251,6.00108561727873,NaN,NaN,NaN,0,1,1,1,5.44446146570648,10.7812167336397,0,0,DELAY,DELAY_LIMITED,0,2.79999999999997,99.3942791341889,0
44,3,HIGH_RATE,250,25,15,1,1.3,1.1,9.18045953179408,86.1016140075473,16,3.07638205156847,14.6429115387533,NaN,NaN,NaN,0,1,1,1,11.5665294871848,4.7597831781939,0,0,DELAY,DELAY_LIMITED,0,2.79999999999997,105.948014264327,0
45,1,LOW_RATE,40,8,3,6,1.3,1.1,0.128063842688572,1.89458926851103,8,0.120736204063711,0.0593011951296522,NaN,NaN,NaN,0,1,1,1,-0.0614350089340591,0.491163322464234,0,0,AERO,AERO_LIMITED,0,2.79999999999997,95.3660692930649,0
45,2,MID_RATE,130,8,3,6,1.3,1.1,0.535905816742639,8.17033518811343,18,0.556624151572251,0.190699361766483,NaN,NaN,NaN,0,1,1,1,-0.365924789805768,0.34259986963884,0,0,AERO,AERO_LIMITED,0,2.79999999999997,98.6723379629144,0
45,3,HIGH_RATE,250,8,3,6,1.3,1.1,2.90811000042659,31.3322275739487,38,3.07638205156847,0.710241969332853,NaN,NaN,NaN,0,1,1,1,-2.36614008223562,0.230869234518756,0,0,AERO,AERO_LIMITED,0,2.79999999999997,104.335888608517,0
46,1,LOW_RATE,40,25,3,6,1.3,1.1,0.743393003341851,15.2978098346543,4,0.120736204063711,0.834374941102687,NaN,NaN,NaN,0,1,1,1,0.713638737038976,6.91072696523071,0,0,DELAY,DELAY_LIMITED,0,2.79999999999997,95.1822129600877,0
46,2,MID_RATE,130,25,3,6,1.3,1.1,1.96741514992968,28.7714421199357,12,0.556624151572251,2.5912648710557,NaN,NaN,NaN,0,1,1,1,2.03464071948345,4.65532238178377,0,0,DELAY,DELAY_LIMITED,0,2.79999999999997,98.8220098284874,0
46,3,HIGH_RATE,250,25,3,6,1.3,1.1,4.19430527407321,44.4475372130839,6,3.07638205156847,8.08237355917377,NaN,NaN,NaN,0,1,1,1,5.0059915076053,2.62723336168634,0,0,DELAY,DELAY_LIMITED,0,2.79999999999997,105.28090689901,0
47,1,LOW_RATE,40,8,15,6,1.3,1.1,0.473356937539613,9.51542855023095,8,0.120736204063711,0.50316515517881,NaN,NaN,NaN,0,1,1,1,0.382428951115099,4.16747535737744,0,0,DELAY,DELAY_LIMITED,0,2.79999999999997,95.0738444716165,0
47,2,MID_RATE,130,8,15,6,1.3,1.1,1.1186939178924,16.2188025413187,14,0.556624151572251,1.40288821495398,NaN,NaN,NaN,0,1,1,1,0.846264063381734,2.5203509603228,0,0,DELAY,DELAY_LIMITED,0,2.79999999999997,98.3918219822414,0
47,3,HIGH_RATE,250,8,15,6,1.3,1.1,3.20273835680222,29.9242064388427,28,3.07638205156847,4.64551568099639,NaN,NaN,NaN,0,1,1,1,1.56913362942792,1.5100581147351,0,0,DELAY,MIXED_INTERACTION_LIMITED,0,2.79999999999997,104.357869146663,0
48,1,LOW_RATE,40,25,15,6,1.3,1.1,3.78070659648011,60.8329620384587,446,0.120736204063711,4.24556892742554,NaN,NaN,NaN,0,1,1,1,4.12483272336183,35.1640086778378,0,0,DELAY,DELAY_LIMITED,0,2.79999999999997,95.9132942771946,0
48,2,MID_RATE,130,25,15,6,1.3,1.1,6.0626244438213,74.8095982846832,600,0.556624151572251,7.50368817749077,NaN,NaN,NaN,0,1,1,1,6.94706402591852,13.4807089421034,0,0,DELAY,DELAY_LIMITED,0,2.79999999999997,99.6039550120297,0
48,3,HIGH_RATE,250,25,15,6,1.3,1.1,10.6068652794714,95.9522229237272,18,3.07638205156847,16.5676722877683,NaN,NaN,NaN,0,1,1,1,13.4912902361998,5.38544043296617,0,0,DELAY,DELAY_LIMITED,0,2.79999999999997,106.150153738824,0
